Name,Category,Address,City,State,Zipcode,Phone,Latitude,Longitude
LORE 1731 NH F&B LLC.,Restaurant,1731 NEW HAMPSHIRE AVE NW ,WASHINGTON,DC,20009,Not Available,38.91333997,-77.03947104
Unknown,Restaurant,2411 18TH ST NW ,WASHINGTON,DC,20009,Not Available,38.92087951,-77.04175166
NOSTRA CUCINA LLC,Restaurant,320 D ST NE ,WASHINGTON,DC,20002,Not Available,38.89494888,-77.00117844
Ghostburger,Restaurant,1250 9TH ST NW ,WASHINGTON,DC,20001,Not Available,38.90693659,-77.02418977
EMILIE'S LLC,Restaurant,1101 PENNSYLVANIA AVE SE ,WASHINGTON,DC,20003,Not Available,38.88242568,-76.99135299
PHO VIET RESTAURANT INC,Restaurant,333 H ST NE ,WASHINGTON,DC,20002,Not Available,38.8999754806,-77.0008772952
Anxo Logistics LLC,Restaurant,5419 1ST ST NW ,WASHINGTON,DC,20011,Not Available,38.9562880519,-77.0113402396
LU FAMILY INC,Restaurant,528 23RD ST NW ,WASHINGTON,DC,20037,Not Available,38.89679235,-77.05067797
AMMATHAR LLC,Restaurant,1326 14TH ST NW ,WASHINGTON,DC,20005,Not Available,38.90814434,-77.03236437
ANNABELLE LLC,Restaurant,2132 FLORIDA AVE NW ,WASHINGTON,DC,20008,Not Available,38.91274676,-77.04726528
The Culinary District,Restaurant,1914 9TH ST NW ,WASHINGTON,DC,20001,Not Available,38.91603411,-77.02422214
Naomis Ladder II L.L.C.,Restaurant,1208 H ST NE ,WASHINGTON,DC,20002,Not Available,38.90040609,-76.98980037
FHG77 LLC,Restaurant,845 UPSHUR ST NW ,WASHINGTON,DC,20011,Not Available,38.9420961598,-77.0246835159
ARE INC,Restaurant,1250 BLADENSBURG RD NE ,WASHINGTON,DC,20002,Not Available,38.90678262,-76.97948432
OHB DC Limited Liability Company,Restaurant,1401 OKIE ST NE ,WASHINGTON,DC,20002,Not Available,38.91442899,-76.98412869
"Compass Group USA, Inc.",Restaurant,3000 CATHEDRAL AVE NW ,WASHINGTON,DC,20008,Not Available,38.9282529,-77.06074709
Hine Restaurants LLC,Restaurant,300 7TH ST SE ,WASHINGTON,DC,20003,Not Available,38.885743,-76.99591972
Sodexo Magic,Restaurant,1709 NEW YORK AVE NW ,WASHINGTON,DC,20006,Not Available,38.8966779,-77.0403981
TAQUERIA AL LADO LLC,Restaurant,1792 COLUMBIA RD NW ,WASHINGTON,DC,20009,Not Available,38.92269595,-77.04225943
SUNdeVICH Growth Inc.,Restaurant,601 NEW JERSEY AVE NW ,WASHINGTON,DC,20001,Not Available,38.8978527,-77.01153315
Jam Doung Style LLC,Restaurant,1724 NORTH CAPITOL ST NW ,WASHINGTON,DC,20002,Not Available,38.91346905,-77.00937753
DC Shawarma & Poutine LLC,Restaurant,4600 WISCONSIN AVE NW ,WASHINGTON,DC,20016,Not Available,38.94997216,-77.08084368
"STOP SMACKN, L.L.C.",Restaurant,1839 7TH ST NW ,WASHINGTON,DC,20001,Not Available,38.91505485,-77.02170663
FIVE DIAMONDS CORP.,Restaurant,6209 GEORGIA AVE NW ,WASHINGTON,DC,20011,Not Available,38.96540986,-77.02727801
"Five Guys Properties, LLC dba Five Guys Burgers and Fries",Restaurant,4537 WISCONSIN AVE NW ,WASHINGTON,DC,20016,Not Available,38.94888334,-77.0798643
"IHI-DC, LLC",Restaurant,100 DISTRICT SQ SW ,WASHINGTON,DC,20024,Not Available,38.87982458,-77.02547356
"Chipotle Mexican Grill of Colorado, LLC",Restaurant,1300 CONNECTICUT AVE NW ,WASHINGTON,DC,20036,Not Available,38.90753308,-77.04270056
Horizon,Restaurant,5948 GEORGIA AVE NW ,WASHINGTON,DC,20011,Not Available,38.96238477,-77.02825437
"Actual Space, LLC",Restaurant,5029 CONNECTICUT AVE NW ,WASHINGTON,DC,20008,Not Available,38.9557599,-77.06986705
Roaming Rooster Western Market LLC,Restaurant,2000 PENNSYLVANIA AVE NW ,WASHINGTON,DC,20006,Not Available,38.90035538,-77.0457758
"ALADDIN PIZZA AND KABOB, INC.",Restaurant,1782 FLORIDA AVE NW ,WASHINGTON,DC,20009,Not Available,38.9167216,-77.04133676
Szechuan House,Restaurant,515 8TH ST SE ,WASHINGTON,DC,20003,Not Available,38.88222599,-76.9953342
Philotimo,Restaurant,1100 15TH ST NW ,WASHINGTON,DC,20005,Not Available,38.90402734,-77.03498658
KOTOBUKI RESTAURANT,Restaurant,4822 MACARTHUR NW ,WASHINGTON,DC,20007-1557,Not Available,38.91671188,-77.09639161
LETTA DC LLC,Restaurant,901 4TH ST NW ,WASHINGTON,DC,20001,Not Available,38.90167942,-77.01586789
2500 Penn Partners LLC,Restaurant,2500 PENNSYLVANIA AVE NW ,WASHINGTON,DC,20037,Not Available,38.9034406622,-77.0536471915
"TRUMAN ENTERPRISES, LLC.",Restaurant,7435 GEORGIA AVE NW ,WASHINGTON,DC,20012-1721,Not Available,38.98094075,-77.02618407
"COMEBACK KID, LLC",Restaurant,1100 15TH ST NW ,WASHINGTON,DC,20005,Not Available,38.90402734,-77.03498658
MARCELLINO LLC,Restaurant,300 MORSE ST NE ,WASHINGTON,DC,20002,Not Available,38.90899572,-77.00088778
COFFE SHOP,Restaurant,5215 LOUGHBORO RD NW ,WASHINGTON,DC,20016,Not Available,38.93692927,-77.10749347
Taco Jont LLC,Restaurant,3211 MOUNT PLEASANT ST NW ,WASHINGTON,DC,20010,Not Available,38.93152287,-77.03823747
BL Spring Valley DC LLC,Restaurant,4872 MASSACHUSETTS AVE NW ,WASHINGTON,DC,20016,Not Available,38.94529029,-77.09647351
CitySwing LLC,Restaurant,901 NEW YORK AVE NW ,WASHINGTON,DC,20001,Not Available,38.90211638,-77.02527931
BLUE MOON,Restaurant,1827 M ST NW ,WASHINGTON,DC,20036,Not Available,38.90583717,-77.04284723
"Ezekiel Entertainment II, LLC  t/a L' Annexe",Restaurant,2917 M ST NW ,WASHINGTON,DC,20007,Not Available,38.90536439,-77.05866124
Unido Shaw LLC,Restaurant,901 W ST NW ,WASHINGTON,DC,20001,Not Available,38.9192077564,-77.0242741893
ZHANG HOUSE LLC,Restaurant,1200 19TH ST NW ,WASHINGTON,DC,20036,Not Available,38.90610705,-77.04386876
PASSATO,Restaurant,2455 18TH ST NW ,WASHINGTON,DC,20009,Not Available,38.92189511,-77.04209036
Nutritional Wealth and Wellness,Restaurant,2234 TOWN CENTER DR SE ,WASHINGTON,DC,20020,Not Available,38.86094087,-76.96723545
Pho House,Restaurant,637 T ST NW ,WASHINGTON,DC,20001,Not Available,38.91573192,-77.02137579
Colada Shop,Restaurant,1900 N ST NW ,WASHINGTON,DC,20036,Not Available,38.90706443,-77.0439881
HP ACDC Hotel LP,Restaurant,1330 MARYLAND AVE SW ,WASHINGTON,DC,20024,Not Available,38.88360211,-77.03044887
Americantina LLC,Restaurant,3203 MOUNT PLEASANT ST NW ,WASHINGTON,DC,20010,Not Available,38.93136111,-77.03816022
DANNY BOY LLC,Restaurant,921 PENNSYLVANIA AVE SE ,WASHINGTON,DC,20003,Not Available,38.8829893661,-76.9931375199
WHARF 5 HOTEL EAST TRS LEASEHOLDER LLC,Restaurant,975 7TH ST SW ,WASHINGTON,DC,20024,2024882500.0,38.87852987,-77.02343195
LUKE'S LOBSTER,Restaurant,800 17TH ST NW ,WASHINGTON,DC,20006,Not Available,38.90048082,-77.03974245
DOMINO'S,Restaurant,1335 2ND ST NE ,WASHINGTON,DC,20002,7037347080.0,38.90801194,-77.00329098
FIVE GUYS BURGERS AND FRIES,Restaurant,1400 I ST NW ,WASHINGTON,DC,20005,Not Available,38.90102426,-77.0322809
Joe & The Juice,Restaurant,950 15TH ST NW ,WASHINGTON,DC,20005,Not Available,38.901895203,-77.0348119179
ALL PURPOSE,Restaurant,79 POTOMAC AVE SE ,WASHINGTON,DC,20003,Not Available,38.87134746,-77.00682875
CANTINA BAMBINA LLC,Restaurant,960 WHARF ST SW ,WASHINGTON,DC,20024,Not Available,38.87988533,-77.02653353
O-KU WASHINGTON LLC,Restaurant,1274 5TH ST NE ,WASHINGTON,DC,20002,Not Available,38.90818683,-76.998656
LA VIE,Restaurant,88 DISTRICT SQ SW ,WASHINGTON,DC,20024,Not Available,38.87997155,-77.02567472
SEASONS CULINARY SERVICE INC.,Restaurant,2112 PENNSYLVANIA AVE NW ,WASHINGTON,DC,20037,Not Available,38.90150174,-77.04796613
SPIN DC LLC.,Restaurant,1332 F ST NW ,WASHINGTON,DC,20004,Not Available,38.89714603,-77.03082735
SODEXO OPERATIONS LLC,Restaurant,1100 15TH ST NW ,WASHINGTON,DC,20005,Not Available,38.90402734,-77.03498658
PANERA BREAD,Caterers,4503 WISCONSIN AVE NW ,WASHINGTON,DC,20016,Not Available,38.94817715,-77.07941868
NAI Saturn Eastern LLC,Grocery Store,490 L ST NW ,WASHINGTON,DC,20001,Not Available,38.90348935,-77.01835263
Foxtrot Retail DC LLC,Grocery Store,1601 CONNECTICUT AVE NW ,WASHINGTON,DC,20009,Not Available,38.91136832,-77.04406443
SODEXO OPERATIONS LLC,Restaurant,3100 MACOMB ST NW ,WASHINGTON,DC,20008,Not Available,38.93242143,-77.06172522
"MHG CAFE FOGGY BOTTOM, LLC",Restaurant,2221 I ST NW ,WASHINGTON,DC,20037,Not Available,38.90097485,-77.04962044
BLACK'S 14TH STREET LLC,Restaurant,1612 14TH ST NW ,WASHINGTON,DC,20009,Not Available,38.91163015,-77.03234773
UPTOWNER CAFE,Restaurant,2023 G ST NW ,WASHINGTON,DC,20006,Not Available,38.89860514,-77.04578298
CARVINGS ONE INC.,Restaurant,2021 F ST NW ,WASHINGTON,DC,20006,Not Available,38.89757594,-77.04554727
BOARD OF TRUSTEES OF THE LELAND STANFORD JUNIOR UNIVERSITY (THE),Restaurant,2661 CONNECTICUT AVE NW ,WASHINGTON,DC,20008,2023326235.0,38.92527855,-77.0521334
A.C. ADAMS LLC,Restaurant,1811 COLUMBIA RD NW ,WASHINGTON,DC,20009,Not Available,38.92211949,-77.04353969
"U STREET GOLDEN FOODS, LLC.",Restaurant,1944 14TH ST NW ,WASHINGTON,DC,20009,Not Available,38.91685004,-77.03221992
COSTCO WHOLESALE CORPORATION,Restaurant,2441 MARKET ST NE ,WASHINGTON,DC,20018,Not Available,38.92039164,-76.95038922
STARR RESTAURANT ORGANIZATION LP,Restaurant,1601 14TH ST NW ,WASHINGTON,DC,20009,Not Available,38.91137152,-77.03160624
LION HOSPITALITY LLC,Restaurant,1200 19TH ST NW ,WASHINGTON,DC,20036,Not Available,38.90610705,-77.04386876
SALA THAI,Restaurant,2300 WASHINGTON PL NE ,WASHINGTON,DC,20018,Not Available,38.92041755,-76.99543999
THE CONSTITUTION CAFE,Restaurant,1400 CONSTITUTION AVE NE ,WASHINGTON,DC,20002,2127898100.0,38.89220058,-76.98529936
"JMDC RHODE ISLAND, LLC.",Restaurant,2300 WASHINGTON PL NE ,WASHINGTON,DC,20018,Not Available,38.92041755,-76.99543999
STUBS LLC,Restaurant,1401 T ST NW ,WASHINGTON,DC,20009,Not Available,38.91571119,-77.03228686
ROTI 1629 K STREET LLC,Restaurant,1629 K ST NW ,WASHINGTON,DC,20006,Not Available,38.90292279,-77.03789588
MARRIOTT MARQUIS,Restaurant,901 MASSACHUSETTS AVE NW ,WASHINGTON,DC,20001,Not Available,38.90367009,-77.02467863
"THE CLASS DELI, LLC",Restaurant,6415 CHILLUM PL NW ,WASHINGTON,DC,20012,Not Available,38.96798551,-77.01225843
SODEXO OPERATIONS LLC,Restaurant,1900 PENNSYLVANIA AVE NW ,WASHINGTON,DC,20431,Not Available,38.8999934,-77.04426561
Unknown,Restaurant,1327 CONNECTICUT AVE NW ,WASHINGTON,DC,20036,Not Available,38.90806187,-77.04212624
EL PULGARCITO RESTAURANT L.L.C.,Restaurant,5313 GEORGIA AVE NW ,WASHINGTON,DC,20011,Not Available,38.9545879,-77.02755168
BUL CORP,Restaurant,2431 18TH ST NW ,WASHINGTON,DC,20009,Not Available,38.92133954,-77.04189446
JACOB'S COFFEE HOUSE,Restaurant,401 8TH ST NE ,WASHINGTON,DC,20002,Not Available,38.89494039,-76.99475931
CMSA LLC,Restaurant,801 O ST NW ,WASHINGTON,DC,20001,Not Available,38.90875496,-77.02312286
NANDO'S OF H STREET LLC.,Restaurant,411 H ST NE ,WASHINGTON,DC,20002,Not Available,38.89998825,-77.00008104
Bibiana LLC.,Restaurant,1100 NEW YORK AVE NW ,WASHINGTON,DC,20005,Not Available,38.9006693,-77.0274437
FOURTH STREET DINING INC.,Restaurant,425 I ST NW ,WASHINGTON,DC,20001,2022556549.0,38.9016618,-77.01690199
NORTH BROTHERS LLC.,Restaurant,817 7TH ST NW ,WASHINGTON,DC,20001,Not Available,38.90031878,-77.02160935
1225 WSH FOOD CORP.,Restaurant,1225 I ST NW ,WASHINGTON,DC,20005,Not Available,38.90164999,-77.02915986
Levy Premium Foodservice Limited Partnership,Restaurant,1500 SOUTH CAPITOL ST SE ,WASHINGTON,DC,20003,Not Available,38.87235978,-77.00852675
WASHINGTON HILTON HOTEL (THE),Restaurant,1919 CONNECTICUT AVE NW ,WASHINGTON,DC,20009,Not Available,38.91646431,-77.04523681
CUCINA AL VOLO MANUFACTURING LLC,Restaurant,1790 COLUMBIA RD NW ,WASHINGTON,DC,20009,Not Available,38.92270408,-77.04218805
FIVE GUYS OPERATIONS,Restaurant,320 RIGGS RD NE ,WASHINGTON,DC,20011,Not Available,38.95878262,-77.00155447
AJ & SS FOOD CORPORATION,Restaurant,3504 12TH ST NE ,WASHINGTON,DC,20017,Not Available,38.9327913349,-76.9912210499
"FT CASALUCA DC II, LLC",Restaurant,4445 CONNECTICUT AVE NW ,WASHINGTON,DC,20008,Not Available,38.94662542,-77.06459607
FARMERS & DISTILLERS DC LLC.,Restaurant,600 MASSACHUSETTS AVE NW ,WASHINGTON,DC,20001,Not Available,38.90139959,-77.02052889
JJS LLC,Restaurant,700 5TH ST NW ,WASHINGTON,DC,20001,Not Available,38.89847418,-77.01910757
DDC 4530 - Wisconsin LLC,Restaurant,4530 WISCONSIN AVE NW ,WASHINGTON,DC,20016,Not Available,38.94935685,-77.08065022
ABDO F STREET L.L.C.,Restaurant,2224 F ST NW ,WASHINGTON,DC,20037,Not Available,38.89716078,-77.04966309
BOSSA BRAZILIAN BISTRO,Restaurant,2463 18TH ST NW ,WASHINGTON,DC,20009,2026670088.0,38.92209272,-77.04216059
NODDLE DOG HOSPITALITY LLC,Restaurant,922 RR N ST NW ,WASHINGTON,DC,20001,2027331522.0,38.90705268,-77.02486843
SEASONS CULINARY SERVICE INC.,Restaurant,555 11TH ST NW ,WASHINGTON,DC,20004,7037060440.0,38.8966931,-77.0266501
RESTAURANT ASSOCIATES OF NEW YORK LLC.,Restaurant,2121 PENNSYLVANIA AVE NW ,WASHINGTON,DC,20433,7043285173.0,38.90205707,-77.04761143
Stable DC,Restaurant,1324 H ST NE ,WASHINGTON,DC,20002,Not Available,38.90044269,-76.98734934
HAYDEE'S 2000,Restaurant,6303 GEORGIA AVE NW ,WASHINGTON,DC,20011,2028217943.0,38.96634511,-77.0272996
DH & SH CORPORATION,Restaurant,1020 19TH ST NW ,WASHINGTON,DC,20036,2024291701.0,38.90317593,-77.04380839
Unknown,Restaurant,949 WHARF ST SW ,WASHINGTON,DC,20024,2026294912.0,38.88011749,-77.02606824
ARAMARK EDUCATIONAL SERVICES LLC,Restaurant,3700 O ST NW ,WASHINGTON,DC,20057,Not Available,38.90750247,-77.07273891
Hill Restaurant Group,Restaurant,501 8TH ST SE ,WASHINGTON,DC,20003,Not Available,38.88257947,-76.99526733
"PENG CHENG, INC.",Restaurant,4830 MACARTHUR BLVD NW ,WASHINGTON,DC,20007,Not Available,38.91685082,-77.09656568
"1825 18TH HOSPITALITY, LLC.",Restaurant,1825 18TH ST NW ,WASHINGTON,DC,20009,Not Available,38.91503322,-77.04143391
PHO 14,Restaurant,1436 PARK RD NW ,WASHINGTON,DC,20010,2029862326.0,38.93055098,-77.03409367
ANGELICO PIZZERIA,Restaurant,2313 WISCONSIN AVE NW ,WASHINGTON,DC,20007,2023338350.0,38.92069059,-77.07152137
"GMB FOOD SERVICES, LLC",Restaurant,4483 CONNECTICUT AVE NW ,WASHINGTON,DC,20008,2023641010.0,38.94769433,-77.06522009
PRET A  MANGER USA LIMITED,Restaurant,1155 F ST NW ,WASHINGTON,DC,20005,2024642622.0,38.89757461,-77.02763444
TJ ENTERPRISE LLC.,Restaurant,1101 15TH ST NW ,WASHINGTON,DC,20005,7039816290.0,38.9039334,-77.03421526
IHOP RESTAURANT #3332,Restaurant,3100 14TH ST NW ,WASHINGTON,DC,20010,2025624446.0,38.92930077,-77.03298372
CORPORATE CHEFS INC.,Restaurant,200 INDEPENDENCE AVE SW ,WASHINGTON,DC,20201,9783727400.0,38.88687586,-77.01439445
JKM INCORPORATED,Restaurant,3720 14TH ST NW ,WASHINGTON,DC,20010,Not Available,38.9377756958,-77.0330593833
Three Bears LLC,Restaurant,1100 P ST NW ,WASHINGTON,DC,20005,Not Available,38.90950642,-77.02738749
IMA Pizza Store 63 LLC.,Restaurant,4235 WISCONSIN AVE NW ,WASHINGTON,DC,20016,Not Available,38.94423661,-77.07730021
Boom Boom Crab,Restaurant,1060 BRENTWOOD RD NE ,WASHINGTON,DC,20018,Not Available,38.92018824,-76.99377059
ALADDIN KITCHEN 2 INC,Restaurant,6230 GEORGIA AVE NW ,WASHINGTON,DC,20011,Not Available,38.96587807,-77.02792044
"Sampannee, Inc.",Restaurant,2122 P ST NW ,WASHINGTON,DC,20037,Not Available,38.90940299,-77.04762613
"LITTLE HOUSE (THE), LLC",Restaurant,1255 UNION ST NE ,WASHINGTON,DC,20002,Not Available,38.90858548,-77.00056553
One Market L.L.C.,Restaurant,1835 I ST NW ,WASHINGTON,DC,20006,Not Available,38.90189036,-77.04255976
Cuba Libre DC LLC,Restaurant,801 9TH ST NW ,WASHINGTON,DC,20001,Not Available,38.90030524,-77.02361376
202 LOUNGE ONE L.L.C.,Restaurant,609 H ST NW ,WASHINGTON,DC,20001,Not Available,38.90010439,-77.02039767
MGBK LLC,Restaurant,4815 GEORGIA AVE NW ,WASHINGTON,DC,20011,Not Available,38.94881821,-77.02672865
"Taqueria Xochi Intl, LLC t/a Taqueria Xochi",Restaurant,1835 I ST NW ,WASHINGTON,DC,20006,Not Available,38.90189036,-77.04255976
"Oko Hospitality Group, LLC",Restaurant,2000 PENNSYLVANIA AVE NW ,WASHINGTON,DC,20006,Not Available,38.90035538,-77.0457758
Hiraya Kapamilya L.L.C.,Restaurant,1250 H ST NE ,WASHINGTON,DC,20002,Not Available,38.90039036,-76.98857573
THAI LOVE DC LLC.,Restaurant,3433 CONNECTICUT AVE NW ,WASHINGTON,DC,20008,Not Available,38.93533119,-77.05800436
FORTUNA RESTAURANT GROUP LLC,Restaurant,3911 GEORGIA AVE NW ,WASHINGTON,DC,20011,Not Available,38.93914536,-77.02447141
PK LLC,Restaurant,1901 C ST SE ,WASHINGTON,DC,20003,Not Available,38.88512824,-76.97658974
Blank Street Inc,Restaurant,3235 PROSPECT ST NW ,WASHINGTON,DC,20007,Not Available,38.90612521,-77.06325302
"Thompson Washington DC c/o Oxford Hotels & Resorts, LLC",Restaurant,221 TINGEY ST SE ,WASHINGTON,DC,20003,Not Available,38.87469056,-77.00268281
"Bakhtar Group, LLC",Restaurant,732 MARYLAND AVE NE ,WASHINGTON,DC,20002,Not Available,38.8956593,-76.99518381
ACE OF SPADES LOUNGE LLC,Restaurant,1817 7TH ST NW ,WASHINGTON,DC,20001,Not Available,38.91472749,-77.02171795
Macintyre's,Restaurant,2621 CONNECTICUT AVE NW ,WASHINGTON,DC,20008,Not Available,38.92419883,-77.05141878
La Villa Restaurante Inc.,Restaurant,6115 GEORGIA AVE NW ,WASHINGTON,DC,20011,Not Available,38.96427012,-77.027427
RA ENTERPRISES INC,Restaurant,814 H ST NE ,WASHINGTON,DC,20002,Not Available,38.90041916,-76.99426746
816 Dirty Water LLC,Restaurant,816 H ST NE ,WASHINGTON,DC,20002,Not Available,38.90044735,-76.99419333
Around the Corner LLC,Restaurant,501 G ST NW ,WASHINGTON,DC,20001,Not Available,38.89845671,-77.01910676
EASY TIGER TAVERN,Restaurant,1817 COLUMBIA RD NW ,WASHINGTON,DC,20009,Not Available,38.92195667,-77.04364661
Canopy Washington DC | The Wharf,Restaurant,975 7TH ST SW ,WASHINGTON,DC,20024,Not Available,38.87852987,-77.02343195
Rhythm & Eats Bar Japonais LLC,Restaurant,1520 14TH ST NW ,WASHINGTON,DC,20005,Not Available,38.91025603,-77.03220991
KUSSHI GEORGETOWN LLC,Restaurant,2309 WISCONSIN AVE NW ,WASHINGTON,DC,20007,Not Available,38.92061823,-77.0714099
HB Potomac,Restaurant,71 POTOMAC AVE SE ,WASHINGTON,DC,20003,Not Available,38.87075711,-77.00732086
Coffee Republic,Restaurant,3500 O ST NW ,WASHINGTON,DC,20007,Not Available,38.90762131,-77.06924735
"KCL Washington DC, LLC",Restaurant,420 PENN ST NE ,WASHINGTON,DC,20002,Not Available,38.91059522,-76.9975311
Aramark Services,Restaurant,1200 NEW JERSEY AVE SE ,WASHINGTON,DC,20024,Not Available,38.87589043,-77.00328788
RAMEN UNION MARKET LLC,Restaurant,1259 4TH ST NE ,WASHINGTON,DC,20002,Not Available,38.90809288,-76.99947472
IBR INC,Restaurant,1957 E ST NW ,WASHINGTON,DC,20052,Not Available,38.89628365,-77.0442376
Slash Run,Restaurant,201 UPSHUR ST NW ,WASHINGTON,DC,20011,Not Available,38.94240897,-77.01386663
"MSD RCOF DC Hotel OpCo, LLC",Restaurant,1100 PENNSYLVANIA AVE NW ,WASHINGTON,DC,20004,Not Available,38.89412373,-77.02757271
DIVINO DC,Restaurant,2505 WISCONSIN AVE NW ,WASHINGTON,DC,20007,Not Available,38.92333624,-77.07274526
Hornblower Cruises and Events LLC,Restaurant,580 WATER ST SW ,WASHINGTON,DC,20024,Not Available,38.8746671,-77.02138908
Alamo Drafthouse DC LLC,Motion Picture Theatre,630 RHODE ISLAND AVE NE ,WASHINGTON,DC,20002,Not Available,38.922176607,-76.99774104
TSBL LLC,Public Hall,2221 ADAMS PL NE ,WASHINGTON,DC,20018,Not Available,38.91925364,-76.9738869
PENN SOCIAL c/o TIN SHOP LLC,Public Hall,801 E ST NW ,WASHINGTON,DC,20004,Not Available,38.89631206,-77.02324909
DISTRICT WHARF COMMUNITY ASSOCIATION LLC.,Skating Rink,950 WHARF ST SW ,WASHINGTON,DC,20024,Not Available,38.87988968,-77.02640768
DEPARTMENT OF PARKS AND RECREATION,Special Events,1300 PENNSYLVANIA AVE NW ,WASHINGTON,DC,20004,Not Available,38.89493993,-77.03021187
JAPAN-AMERICA SOCIETY INC.,Special Events,300 PENNSYLANIA AVE NW ,WASHINGTON,DC,20004,Not Available,0.0,0.0
WARRIORS INCORPORATED,Special Events,2200 22ND ST NW ,WASHINGTON,DC,20037,Not Available,0.0,0.0
FORDS' THEATRE Society,Special Events,514 10TH ST NW ,WASHINGTON,DC,20004,Not Available,38.89669661,-77.02628341
BREAD FOR THE CITY INC.,Special Events,1700 MARION BARRY AVE SE ,WASHINGTON,DC,20020,Not Available,38.86618484,-76.98045849
ORGANIC CONSULTING LLC,Special Events,300 PENNSYLVANIA AVE NW ,WASHINGTON,DC,20006,Not Available,0.0,0.0
ANACOSTIA BUSINESS IMPROVEMENT DISTRICT,Special Events,1234 MARION BARRY WAY SE ,WASHINGTON,DC,20020,Not Available,0.0,0.0
GREATER WASHINGTON CHINESE AMERICAN COMMUNITY,Special Events,300 PENNSYLVANIA AVE NW ,WASHINGTON,DC,20004,Not Available,0.0,0.0
CHILDREN'S HOSPITAL NATIONAL MEDICAL CENTER,Special Events,1325 PENNSYLVANIA AVE NW ,WASHINGTON,DC,20004,Not Available,38.8964107,-77.0306646
Unknown,Special Events,600 H ST NW ,WASHINGTON,DC,20001,Not Available,0.0,0.0
Woolly Mammoth Theatre Company,Theater (Live),641 D ST NW ,WASHINGTON,DC,20004,Not Available,38.89498024,-77.02144646
"Brass Jar Productions DC, LLC",Theater (Live),1100 13TH ST NW ,WASHINGTON,DC,20005,Not Available,38.90421357,-77.03001416
RHODE ISLAND AVE SHELL,Gasoline Dealer,1830 RHODE ISLAND AVE NE ,WASHINGTON,DC,20018,7037506810.0,38.92875134,-76.97761672
14TH STREET BP,Gasoline Dealer,2600 14TH ST NW ,WASHINGTON,DC,20009,2022324976.0,38.92384138,-77.03261897
"E & C Mid-Atlantic Ventures, LLC",Gasoline Dealer,1442 U ST NW ,WASHINGTON,DC,20009,Not Available,38.9167263698,-77.033859902
District Petroleum,Gasoline Dealer,5030 CONNECTICUT AVE NW ,WASHINGTON,DC,20008,Not Available,38.95532133,-77.07060234
"Anacostia Realty, LLC",Gasoline Dealer,1020 MICHIGAN AVE NE ,WASHINGTON,DC,20017,Not Available,38.9359673,-76.99290255
PETROMORE INC.,Gasoline Dealer,1739 NEW JERSEY AVE NW ,WASHINGTON,DC,20002,7033591498.0,38.91366101,-77.01730021
ANACOSTIA REALTY LLC,Gasoline Dealer,4501 14TH ST NW ,WASHINGTON,DC,20010,2022949378.0,38.94531007,-77.03222909
Peter Bergsten,Bed and Breakfast,1518 26TH ST NW ,WASHINGTON,DC,20007,Not Available,38.90987813,-77.05492123
Hiwot Tadesse,Bed and Breakfast,406 RIGGS RD NE ,WASHINGTON,DC,20011,Not Available,38.95911689,-77.00121031
"Cobblestone Hill, LLC",Bed and Breakfast,2715 P ST NW ,WASHINGTON,DC,20007,Not Available,38.90956951,-77.05609668
Arline Cooper,Bed and Breakfast,1824 13TH ST NW ,WASHINGTON,DC,20009,Not Available,38.91486254,-77.02993815
Artha Capital Management LLC,Bed and Breakfast,912 H ST NE ,WASHINGTON,DC,20002,Not Available,38.90038937,-76.99318461
MASSAWA LLC,Bed and Breakfast,1846 MARYLAND AVE NE ,WASHINGTON,DC,20002,Not Available,38.90325007,-76.97652177
Community of Hope INC,Boarding House,4225 6TH ST SE ,WASHINGTON,DC,20032,Not Available,38.82784916,-76.9992239
Unknown,Boarding House,2612 CATHEDRAL AVE NW ,WASHINGTON,DC,20008,Not Available,38.92801482,-77.05483775
"AFFORDABLE HOUSING OPPORTUNITIES, INC.",Boarding House,2125 18TH ST SE ,WASHINGTON,DC,20020,2026100750.0,38.86338667,-76.97922187
MOTEL 6,Hotel,6711 GEORGIA AVE NW ,WASHINGTON,DC,20012,2027221600.0,38.97208501,-77.02677869
RLJ HP WASHINGTON DC LESSEE LLC,Hotel,1522 K ST NW ,WASHINGTON,DC,20005,3012807700.0,38.90215121,-77.03565916
HYATT PLACE WASHINGTON D.C./NATIONAL MALL,Hotel,400 E ST SW ,WASHINGTON,DC,20024,Not Available,38.88305908,-77.01796358
SKCG 50 M LLC,Hotel,50 M ST SE ,WASHINGTON,DC,20003,2028992800.0,38.87667275,-77.00726638
Canopy by Hilton Washington DC The Wharf,Hotel,975 7TH ST SW ,WASHINGTON,DC,20024,Not Available,38.87852987,-77.02343195
"DC Four Lessee, LLC",Hotel,1430 RHODE ISLAND AVE NW ,WASHINGTON,DC,20005,Not Available,38.90806871,-77.03295326
Omni Shoreham Corporation,Hotel,2500 CALVERT ST NW ,WASHINGTON,DC,20008,Not Available,38.92262375,-77.05381823
HYATT REGENCY WASHINGTON,Hotel,400 NEW JERSEY AVE NW ,WASHINGTON,DC,20001,2027371234.0,38.89521815,-77.01144269
SHARCON HOSPITALITY OF DC THREE LLC.,Hotel,1917 BLADENSBURG RD NE ,WASHINGTON,DC,20002,7035564000.0,38.91639584,-76.97222716
DC Stays L.L.C.,Inn And Motel,1253 WISCONSIN AVE NW ,WASHINGTON,DC,20007,Not Available,38.90637728,-77.06250811
Guang Li,Inn And Motel,1503 9TH ST NW ,WASHINGTON,DC,20001,Not Available,38.90986255,-77.0236627
Congressional 1335 Penn Ave LLC,Inn And Motel,1335 PENNSYLVANIA AVE SE ,WASHINGTON,DC,20003,Not Available,38.88082317,-76.98754126
AVIS RENT A CAR SYSTEM LLC,Auto Rental,4400 CONNECTICUT AVE NW ,WASHINGTON,DC,20008,2026865149.0,38.94694958,-77.06560655
LOWE'S HOME CENTER LLC.,Food Products,2438 MARKET ST NE ,WASHINGTON,DC,20018,Not Available,38.92019766,-76.95545248
COLLECTIONS TRANSPORT IMPOUND TOWING LLC.,Tow Truck,4640 MINNESOTA AVE NE ,WASHINGTON,DC,20019,Not Available,38.9069954,-76.93576771
On-Call Removal Service llc,Tow Truck,1239 KENILWORTH AVE NE ,WASHINGTON,DC,20019,Not Available,38.9068322211,-76.9376514012
C&F TOWING SERVICE LLC,Tow Truck,1239 KENILWORTH AVE NE ,WASHINGTON,DC,20019,Not Available,38.9068322211,-76.9376514012
Big Dreams Towing and Recovery LLC,Tow Truck Business,3010 RHODE ISLAND AVE NE ,WASHINGTON,DC,20018,Not Available,38.93464441,-76.96516044
Tf Towing & Recovery LLC,Tow Truck Business,1229 KENILWORTH AVE NE ,WASHINGTON,DC,20019,Not Available,38.90679486,-76.9384179
C&B Towing & Recovery LLC,Tow Truck Business,1229 KENILWORTH AVE NE ,WASHINGTON,DC,20019,Not Available,38.90679486,-76.9384179
Rhode Island Wrecker Services LLC.,Tow Truck Business,3010 RHODE ISLAND AVE NE ,WASHINGTON,DC,20018,Not Available,38.93464441,-76.96516044
"WAHLA BROTHER SARGODHA , INC.",Tow Truck Storage Lot,1535 KENILWORTH AVE NE ,WASHINGTON,DC,20019,2023993418.0,38.910561,-76.9349174
"HOLMAN'S TOWING, LLC",Tow Truck Storage Lot,1239 KENILWORTH AVE NE ,WASHINGTON,DC,20019,2025828888.0,38.9068322211,-76.9376514012
ALL-STAR TOWING Inc.,Tow Truck Storage Lot,2405 22ND ST NE ,WASHINGTON,DC,20018,Not Available,38.92174383,-76.97347004
TEST RECORD DO NOT PROCESS,Restaurant,1600 TAYLOR ST NE ,WASHINGTON,DC,20017,Not Available,38.94098207,-76.98220189
ASLIN DC BEER LLC,Restaurant,1740 14TH ST NW ,WASHINGTON,DC,20009,Not Available,38.91391612,-77.03254767
Black Whiskey LLC,Restaurant,1410 14TH ST NW ,WASHINGTON,DC,20005,Not Available,38.90927419,-77.0322791
Bartaco Wharf LLC.,Restaurant,645 WHARF ST SW ,WASHINGTON,DC,20024,Not Available,38.87708407,-77.02226785
East West Tenley Town LLC,Restaurant,4619 41ST ST NW ,WASHINGTON,DC,20016,Not Available,38.95022082,-77.08001254
Hill Country DC LLC,Restaurant,410 7TH ST NW ,WASHINGTON,DC,20004,Not Available,38.89516604,-77.02220364
Sandwiches by Phillip 1,Restaurant,77 K ST NE ,WASHINGTON,DC,20002,Not Available,38.90205732,-77.00636132
"OTIS.@12, Inc.",Restaurant,3625 12TH ST NE ,WASHINGTON,DC,20017,Not Available,38.93427063,-76.99094902
Sunrise African Braids LLC,Beauty Shop,124 KENNEDY ST NW ,WASHINGTON,DC,20011,Not Available,38.95640129,-77.01274804
LE SUPER NAILS LLC.,Beauty Shop Nails,718 H ST NE ,WASHINGTON,DC,20002,Not Available,38.90039362,-76.99531941
Unknown,Beauty Booth,2300 2350 RHODE ISLAND AVE NE ,WASHINGTON,DC,20018,Not Available,38.93071732,-76.97334572
"DECADES, LLC.",Public Hall,1219 CONNECTICUT AVE NW ,WASHINGTON,DC,20036,Not Available,38.90653484,-77.04117856
ANACOSTIA FOOD AND FUEL LLC.,Gasoline Dealer,2305 PENNSYLVANIA AVE SE ,WASHINGTON,DC,20020,Not Available,38.87411061,-76.97331166
KENILWORTH MARKET,Delicatessen,1612 KENILWORTH AVE NE ,WASHINGTON,DC,20019,Not Available,38.91193933,-76.93491153
7-ELEVEN INC,Delicatessen,910 17TH ST NW ,WASHINGTON,DC,20006,Not Available,38.90188111,-77.03992307
DDS/RSA RANDOLPH-SHEPPARD VENDING FACILTIY PROGRAM,Delicatessen,441 G ST NW ,WASHINGTON,DC,20548,Not Available,38.89901948,-77.01741252
SONYA'S MARKET,Delicatessen,2833 11TH ST NW ,WASHINGTON,DC,20001,Not Available,38.92665256,-77.02679888
7-ELEVEN 37102A,Delicatessen,3700 12TH ST NE ,WASHINGTON,DC,20017,Not Available,38.93487444,-76.99150891
Han Towers Market,Delicatessen,4201 CATHEDRAL AVE NW ,WASHINGTON,DC,20016,Not Available,38.93082287,-77.08297729
Ivy City Smokehouse INC,Delicatessen,1356 OKIE ST NE ,WASHINGTON,DC,20002,Not Available,38.91463421,-76.98555198
"E & C MID-ATLANTIC VENTURES, LLC.",Delicatessen,2830 SHERMAN AVE NW ,WASHINGTON,DC,20001,Not Available,38.92659359,-77.0263514
Han Towers Market,Delicatessen,4201 CATHEDRAL AVE NW ,WASHINGTON,DC,20016,Not Available,38.93082287,-77.08297729
"Discount Drugs Wisconsin, Inc",Delicatessen,5100 WISCONSIN AVE NW ,WASHINGTON,DC,20016,Not Available,38.95629519,-77.08385851
HAYAT INC,Delicatessen,6217 DIX ST NE ,WASHINGTON,DC,20019,Not Available,38.8941550028,-76.9115208626
FAMILY DELI & MARKET LLC,Delicatessen,2612 GEORGIA AVE NW ,WASHINGTON,DC,20001,Not Available,38.9246195,-77.02281906
Gregorys Coffee,Delicatessen,1101 CONNECTICUT AVE NW ,WASHINGTON,DC,20036,Not Available,38.90403246,-77.03973497
Pitango Otto LLC.,Delicatessen,605 WHARF ST SW ,WASHINGTON,DC,20024,Not Available,38.87672862,-77.02167262
CK Cafe 2100 LLC t/a Kings Cafe,Delicatessen,2100 MARTIN LUTHER KING J AVE SE ,WASHINGTON,DC,20020,Not Available,38.86535189,-76.98922845
BENNING LIQUORS,Food Products,3445 BENNING RD NE ,WASHINGTON,DC,20019,Not Available,38.89592323,-76.95575744
Glover Park Market,Food Products,2411 37TH ST NW ,WASHINGTON,DC,20007,Not Available,38.9214820581,-77.0728864764
GB License LLC,Food Products,4221 CONNECTICUT AVE NW ,WASHINGTON,DC,20008,Not Available,38.94380738,-77.06284154
JUDINA INC.,Food Products,626 KENNEDY ST NW ,WASHINGTON,DC,20011,Not Available,38.95620714,-77.02204175
New Neighborhood Market,Grocery Store,1611 RHODE ISLAND AVE NE ,WASHINGTON,DC,20018,Not Available,38.9262145513,-76.9812900147
M & V DC MEAT AND GROCERY LLC,Grocery Store,4807 GEORGIA AVE NW ,WASHINGTON,DC,20011,Not Available,38.9485939,-77.02671173
RICHARD WRIGHT PUBLIC CHARTER SCHOOL,Restaurant,475 SCHOOL ST SW ,WASHINGTON,DC,20024,Not Available,38.88422019,-77.01880893
Bartaco Mt Vernon,Restaurant,1025 5TH ST NW ,WASHINGTON,DC,20001,Not Available,38.90281538,-77.01870419
7-ELEVEN INC,Delicatessen,5505 SOUTH DAKOTA AVE NE ,WASHINGTON,DC,20011,Not Available,0.0,0.0
FORT DRUM MARKET,Delicatessen,4686 MARTIN LUTHER KING J AVE SW ,WASHINGTON,DC,20032,Not Available,38.82094888,-77.01066836
WALGREENS #16290,Delicatessen,50 MASSACHUSETTS AVE NE ,WASHINGTON,DC,20002,Not Available,38.89761945,-77.00617579
NEW CONGRESIONAL LIQUORS,Delicatessen,404 1ST ST SE ,WASHINGTON,DC,20003,Not Available,38.88481775,-77.00556463
ALABAMA CONVENIENCE,Delicatessen,2209 ALABAMA AVE SE ,WASHINGTON,DC,20020,Not Available,38.85066936,-76.97370209
YOUNG'S DELI & MARKET,Delicatessen,4000 MASSACHUSETTS AVE NW ,WASHINGTON,DC,20016,Not Available,38.93136927,-77.07878386
WAWA INC,Delicatessen,4530 40TH ST NW ,WASHINGTON,DC,20016,Not Available,38.94908715,-77.07918367
"STANTON SUPERMARKET, LLC",Delicatessen,1453 HOWARD RD SE ,WASHINGTON,DC,20020,Not Available,38.85810463,-76.98756423
SHABAH CORP,Delicatessen,912 NEW HAMPSHIRE AVE NW ,WASHINGTON,DC,20037,Not Available,38.9011577,-77.05173326
ADDIS ABABA INC,Delicatessen,4600 14TH ST NW ,WASHINGTON,DC,20011,Not Available,38.94627888,-77.03300196
DREAM TWO LIQUOR INC,Food Products,3845 MINNESOTA AVE NE ,WASHINGTON,DC,20019,Not Available,38.89297819,-76.95033394
METRO VARIETY SHOP,Food Products,1400 I ST NW ,WASHINGTON,DC,20005,Not Available,38.90102426,-77.0322809
LEE AUTO REPAIRS LLC.,Food Products,3426 GEORGIA AVE NW ,WASHINGTON,DC,20010,Not Available,38.93274246,-77.02422966
WALGREEN CO,Food Products,3301 NEW MEXICO AVE NW ,WASHINGTON,DC,20016,Not Available,38.93364619,-77.08511638
JJ Liquors,Food Products,1211 BRENTWOOD RD NE ,WASHINGTON,DC,20018,Not Available,38.92017071,-76.98958975
GB License LLC,Food Products,327 S ST NE ,WASHINGTON,DC,20002,Not Available,38.91387029,-77.00085602
AKI & MULLER CORPORATION,Grocery Store,4133 WHEELER RD SE ,WASHINGTON,DC,20032,2025610750.0,38.83355613,-76.99021453
HARRIS TEETER #383,Grocery Store,401 M ST SE ,WASHINGTON,DC,20003,Not Available,38.87621685,-77.00009427
ARIF L.L.C.,Grocery Store,2606 GEORGIA AVE NW ,WASHINGTON,DC,20001,Not Available,38.92443196,-77.02278913
NAI Saturn Eastern LLC.,Grocery Store,2845 ALABAMA AVE SE ,WASHINGTON,DC,20020,Not Available,38.85902477,-76.96667096
WHITELAW MARKET,Grocery Store,1846 13TH ST NW ,WASHINGTON,DC,20009,Not Available,38.91542239,-77.02987566
COOKIE'S CORNER,Grocery Store,1970 2ND ST NW ,WASHINGTON,DC,20001,Not Available,38.91752142,-77.0147958
ABYO LLC,Grocery Store,1517 MARION BARRY AVE SE ,WASHINGTON,DC,20020,Not Available,38.86614159,-76.98270428
CENTRAL SPICE INC,Grocery Store,5579 CENTRAL AVE SE ,WASHINGTON,DC,20019,Not Available,38.88558448,-76.91903875
RAMOS MARKET INC,Grocery Store,607 KENNEDY ST NW ,WASHINGTON,DC,20011,Not Available,38.95659679,-77.02131559
AKSE LLC,Grocery Store,1515 WISCONSIN AVE NW ,WASHINGTON,DC,20007,Not Available,38.90969195,-77.06424025
CENTRAL CONVENIENCE INC,Grocery Store,5575 CENTRAL AVE SE ,WASHINGTON,DC,20019,Not Available,38.8856048962,-76.9192527623
"U FIRST MART, Inc.",Grocery Store,1942 1ST ST NW ,WASHINGTON,DC,20001,Not Available,38.91685797,-77.01241545
CAPITOL BARBER INC,Barber Shop,201 MASSACHUSETTS AVE NE ,WASHINGTON,DC,20002,2025448380.0,38.89461959,-77.00288022
ASUKISQ HAIR SALON INC.,Barber Shop,1794 COLUMBIA RD NW ,WASHINGTON,DC,20009,Not Available,38.92267809,-77.0423225
Unknown,Barber Shop,4228 BENNING RD NE ,WASHINGTON,DC,20019,Not Available,38.89297867,-76.94157683
HOLLINGSWORTH HOLDINGS,Barber Shop,1565 ALABAMA AVE SE ,WASHINGTON,DC,20020,Not Available,38.84639385,-76.98053337
Mohamed's Barber Shop,Barber Shop,3310 GEORGIA AVE NW ,WASHINGTON,DC,20010,Not Available,38.93136383,-77.02382968
TOMMY D'S BARBERSHOP LLC,Barber Shop,2920 MINNESOTA AVE SE ,WASHINGTON,DC,20019,Not Available,38.87630932,-76.96550907
Nice Hands Grooming Shop,Barber Shop,2824 GEORGIA AVE NW ,WASHINGTON,DC,20001,Not Available,38.92682458,-77.02316551
Salon Emmanuel,Barber Shop,2024 P ST NW ,WASHINGTON,DC,20036,Not Available,38.90943084,-77.04600634
LIAM AND ISAAC LLC,Beauty Shop,3114 MOUNT PLEASANT ST NW ,WASHINGTON,DC,20010,Not Available,38.92931263,-77.0378324
Methodist Home of DC,Beauty Shop,4901 CONNECTICUT AVE NW ,WASHINGTON,DC,20008,Not Available,38.95397214,-77.06846864
Unknown,Beauty Shop,1234 19TH ST NW ,WASHINGTON,DC,20036,2028611212.0,38.9068701,-77.04373249
OKYO SALON,Beauty Shop,2903 M ST NW ,WASHINGTON,DC,20007,Not Available,38.905358966,-77.0583959558
"IMAGE HAIR STUDIO, INC.",Beauty Shop,3453 14TH ST NW ,WASHINGTON,DC,20010,Not Available,38.93354698,-77.03246736
SARAI & MONICA LLC; SANDRA ALVARADO,Beauty Shop,3171 MOUNT PLEASANT ST NW ,WASHINGTON,DC,20010,Not Available,38.93088472,-77.03796391
COLUMBIA HAIR SALON INC.,Beauty Shop,1760 COLUMBIA RD NW ,WASHINGTON,DC,20009,2024624013.0,38.92358521,-77.04086424
THE WESTCHESTER STUDIO OF MARYLAND LLC,Beauty Shop,4000 CATHEDRAL AVE NW ,WASHINGTON,DC,20016,Not Available,38.9284286,-77.07981487
EVA BEAUTY SALON LLC,Beauty Shop,7709 GEORGIA AVE NW ,WASHINGTON,DC,20012,Not Available,38.98321508,-77.02605945
Tsunami Hair Studio LLC,Beauty Shop,4248 BENNING RD NE ,WASHINGTON,DC,20019,Not Available,38.89241128,-76.94065272
Salon on the Ave LLC.,Beauty Shop,3119 MARTIN LUTHER KING J AVE SE ,WASHINGTON,DC,20032,Not Available,38.84344251,-76.99995922
The Shop at Union Market,Beauty Shop,1268 5TH ST NE ,WASHINGTON,DC,20002,Not Available,38.90807504,-76.99875285
LIAM AND ISAAC LLC,Beauty Shop,3114 MOUNT PLEASANT ST NW ,WASHINGTON,DC,20010,Not Available,38.92931263,-77.0378324
FANATIX NAILS LLC.,Beauty Shop,1306 PENNSYLVANIA AVE SE ,WASHINGTON,DC,20003,Not Available,38.88165832,-76.98793332
ALLURE  NAILS & SPA LLC,Beauty Shop,3412 WISCONSIN AVE NW ,WASHINGTON,DC,20016,Not Available,38.93513378,-77.07301485
Elite LLC,Beauty Shop,3847 PENNSYLVANIA AVE SE ,WASHINGTON,DC,20020,Not Available,38.86496989,-76.95103729
The Brows LLC.,Beauty Shop,1768 COLUMBIA RD NW ,WASHINGTON,DC,20009,Not Available,38.92344894,-77.04104429
JINX PROOF TATTOOS,Beauty Shop,3285 1/2 M ST NW ,WASHINGTON,DC,20007,Not Available,38.9053106,-77.06562498
KRJ ENTERPRISE LLC,Beauty Shop,3058 M ST NW ,WASHINGTON,DC,20007,Not Available,38.90497734,-77.06071343
B Forever Flawless by ener,Beauty Shop,7305 GEORGIA AVE NW ,WASHINGTON,DC,20012,Not Available,38.97854808,-77.02617684
GLOSS BAR LLC.,Beauty Shop,1340 8TH ST NW ,WASHINGTON,DC,20001,Not Available,38.90840113,-77.0231925
gilded heart salon,Beauty Shop,1426 9TH ST NW ,WASHINGTON,DC,20001,Not Available,38.90941813,-77.02425668
DC Wax 2 LLC,Beauty Shop Esthetics,3515 CONNECTICUT AVE NW ,WASHINGTON,DC,20008,Not Available,38.93616967,-77.05820054
GOLDEN NAILS DC LLC,Beauty Shop Nails,400 7TH ST NW ,WASHINGTON,DC,20004,Not Available,38.89495211,-77.02209706
Native Plate LLC,Caterers,703 EDGEWOOD ST NE ,WASHINGTON,DC,20017,Not Available,38.9250448,-76.99582567
La Buena LLC.,Caterers,1369 NEW YORK AVE NE ,WASHINGTON,DC,20002,Not Available,38.91529142,-76.98528226
FRESH OFF THE ROAST LLC.,Caterers,1228 MOUNT OLIVET RD NE ,WASHINGTON,DC,20002,Not Available,38.91017382,-76.98419709
JPO Concepts,Caterers,2000 5TH ST NE ,WASHINGTON,DC,20002,Not Available,38.91713131,-76.9998403
District Class Catering LLC,Caterers,1369 NEW YORK AVE NE ,WASHINGTON,DC,20002,Not Available,38.91529142,-76.98528226
Vegetable and Butcher,Caterers,2619 EVARTS ST NE ,WASHINGTON,DC,20018,Not Available,38.92408834,-76.96885368
Dooneys Diner,Caterers,2800 10TH ST NE ,WASHINGTON,DC,20017,Not Available,38.92581574,-76.99276286
AlHami LLC,Caterers,2000 5TH ST NE ,WASHINGTON,DC,20002,Not Available,38.91713131,-76.9998403
Pinsa Love,Caterers,1625 ECKINGTON PL NE ,WASHINGTON,DC,20002,Not Available,38.91199724,-77.00399957
Drinks For Love,Caterers,2800 10TH ST NE ,WASHINGTON,DC,20017,Not Available,38.92581574,-76.99276286
"A'viands, LLC",Caterers,2600 DOUGLASS PL SE ,WASHINGTON,DC,20020,Not Available,38.85661934,-76.98804976
Hornblower Cruises and Events LLC,Caterers,580 WATER ST SW ,WASHINGTON,DC,20024,Not Available,38.8746671,-77.02138908
Good Company Doughnuts and Cafe,Caterers,555 Pennsylvania AVE NW ,WASHINGTON,DC,20001,Not Available,38.8931248,-77.01935005
"Island Zests, LLC",Caterers,703 EDGEWOOD ST NE ,WASHINGTON,DC,20017,Not Available,38.9250448,-76.99582567
Stapleton's,Caterers,703 EDGEWOOD ST NE ,WASHINGTON,DC,20017,Not Available,38.9250448,-76.99582567
RASA,Caterers,475 K ST NW ,WASHINGTON,DC,20001,Not Available,38.90277967,-77.0183106
Sodexo Magic,Restaurant,1709 NEW YORK AVE NW ,WASHINGTON,DC,20006,Not Available,38.8966779,-77.0403981
Charlene's Bar & Grille LLC,Restaurant,2618 GEORGIA AVE NW ,WASHINGTON,DC,20001,Not Available,38.92475227,-77.02289913
LIME CAY INC,Restaurant,2436 18TH ST NW ,WASHINGTON,DC,20009,Not Available,38.92153734,-77.04264978
EDEN FINANCIAL & ACCOUNTING,Beauty Shop Nails,1855 WISCONSIN AVE NW ,WASHINGTON,DC,20007,Not Available,38.91618015,-77.06727374
CONNIE'S NAIL INC.,Beauty Shop Nails,1300 PENNSYLVANIA AVE NW ,WASHINGTON,DC,20004,Not Available,38.89493993,-77.03021187
Varnish Lane West End,Beauty Shop Nails,1201 24TH ST NW ,WASHINGTON,DC,20037,Not Available,38.90572881,-77.05112369
FAMOUS NAILS SPA LLC,Beauty Shop Nails,2024 P ST NW ,WASHINGTON,DC,20036,Not Available,38.90943084,-77.04600634
"USF S&H DC, LLC.",Health Spa,4001 BRANDYWINE ST NW ,WASHINGTON,DC,20016,Not Available,38.94999665,-77.07937906
SOLIDCORE LLC,Health Spa,1024 6TH ST NW ,WASHINGTON,DC,20001,Not Available,38.90376599,-77.02015096
TRUMP OLD POST OFFICE LLC.,Massage Establishment,1100 PENNSYLVANIA AVE NW ,WASHINGTON,DC,20004,Not Available,38.89412373,-77.02757271
Equinox 800 K Street Inc,Massage Establishment,800 K ST NW ,WASHINGTON,DC,20001,Not Available,38.9014767,-77.02259596
Mindful Health Solutions LLC,Massage Establishment,1228 11TH ST NW ,WASHINGTON,DC,20001-4264,Not Available,38.90657007,-77.02733852
Unknown,Massage Establishment,410 H ST NE ,WASHINGTON,DC,20002-4336,Not Available,38.90046065,-77.00002202
CASA BLANCA INTERNATIONAL CORP,Bakery,2060 WEST VIRGINIA AVE NE ,WASHINGTON,DC,20002,2028324800.0,38.9153013474,-76.9808637063
Maman,Bakery,1220 19TH ST NW ,WASHINGTON,DC,20036,Not Available,38.90663216,-77.04390287
JHES LLC,Caterers,1306 G ST NW ,WASHINGTON,DC,20005,Not Available,38.89811337,-77.03030601
LUNCHERAS DI SI LLC,Caterers,703 EDGEWOOD ST NE ,WASHINGTON,DC,20017,Not Available,38.9250448,-76.99582567
Beau Thai SHAW L.L.C.,Caterers,1550 7TH ST NW ,WASHINGTON,DC,20001,Not Available,38.91037685,-77.02220319
Cooking with Patrice LLC,Caterers,2800 10th ST NE ,WASHINGTON,DC,20017,Not Available,38.92581574,-76.99276286
DC REGISTERED AGENT INC,Caterers,5800 8TH ST NW ,WASHINGTON,DC,20011,Not Available,38.96136545,-77.02472307
henry's soul cafe,Caterers,2125 ALABAMA AVE SE ,WASHINGTON,DC,20020,Not Available,38.85059388,-76.97447328
ESENCIAS PANAMENAS LLC,Caterers,2800 10TH ST NE ,WASHINGTON,DC,20017,Not Available,38.92581574,-76.99276286
7-ELEVEN INC,Delicatessen,3029 NAYLOR RD SE ,WASHINGTON,DC,20020,Not Available,38.85337612,-76.96509262
Chesapeake Big Market,Delicatessen,601 CHESAPEAKE ST SE ,WASHINGTON,DC,20032,Not Available,38.82899807,-76.99829023
FAMILY DELI & MARKET LLC,Delicatessen,2612 GEORGIA AVE NW ,WASHINGTON,DC,20001,Not Available,38.9246195,-77.02281906
AIRPORT MANAGEMENT SERVICES LLC,Food Products,50 MASSACHUSETTS AVE NE ,WASHINGTON,DC,20002,Not Available,38.89761945,-77.00617579
ABERU INC,Food Products,4321 NANNIE HELEN BURROUG AVE NE ,WASHINGTON,DC,20019,Not Available,38.9006574179,-76.9401848395
BENNING LIQUORS,Food Products,3445 BENNING RD NE ,WASHINGTON,DC,20019,Not Available,38.89592323,-76.95575744
Glover Park Market,Food Products,2411 37TH ST NW ,WASHINGTON,DC,20007,Not Available,38.9214820581,-77.0728864764
3800 13TH ST LLC,Food Products,3400 13TH ST NW ,WASHINGTON,DC,20010,Not Available,38.93146637,-77.0299532
A-1 Wine & Liquor,Food Products,1420 K ST NW ,WASHINGTON,DC,20005,Not Available,38.90214213,-77.03281115
U STREET WINE  AND BEER LLC,Food Products,1351 U ST NW ,WASHINGTON,DC,20009,Not Available,38.91732274,-77.03111639
LRBM LLC t/a Spar Liquors,Food Products,3916 SOUTH CAPITOL ST SE ,WASHINGTON,DC,20032,Not Available,38.83233296,-77.00782069
JUDINA INC.,Food Products,626 KENNEDY ST NW ,WASHINGTON,DC,20011,Not Available,38.95620714,-77.02204175
SMERT SUN MARKET,Grocery Store,415 RHODE ISLAND AVE NE ,WAS,DC,20002,Not Available,38.91964202,-76.99989034
NAI Saturn Eastern LLC,Grocery Store,1100 4TH ST SW ,WASHINGTON,DC,20024,Not Available,38.87761406,-77.01715952
NAI Saturn Eastern LLC,Grocery Store,1747 COLUMBIA RD NW ,WASHINGTON,DC,20009,Not Available,38.92422756,-77.04101822
WONDER MART CONVENIENCE INC,Grocery Store,2743 MARTIN LUTHER KING J AVE SE ,WASHINGTON,DC,20032,Not Available,38.84693331,-76.9964129
Union Kitchen,Grocery Store,538 3RD ST NE ,WASHINGTON,DC,20002,Not Available,38.89719546,-77.00220952
HIWOT MARKET INC,Grocery Store,5331 GEORGIA AVE NW ,WASHINGTON,DC,20011,Not Available,38.95476872,-77.02757297
YEGNA RESTAURANT AND LOUNGE INC,Restaurant,1920 9TH ST NW ,WASHINGTON,DC,20001,Not Available,38.9161943,-77.02423569
BAR ILLUSION LLC,Restaurant,5213 GEORGIA AVE NW ,WASHINGTON,DC,20011,Not Available,38.95335976,-77.02733962
ZINGO PIZZERIA LLC.,Restaurant,1932 9TH ST NW ,WASHINGTON,DC,20001,Not Available,38.91650481,-77.02427673
ZEWDIE INC,Restaurant,1114 U ST NW ,WASHINGTON,DC,20001,Not Available,38.91685064,-77.02778916
evana lounge llc,Restaurant,2632 GEORGIA AVE NW ,WASHINGTON,DC,20001,Not Available,38.92499865,-77.02290532
ADC TOWING & RECOVERY INC,Tow Truck Storage Lot,1075 KENILWORTH AVE NE ,WASHINGTON,DC,20019,Not Available,38.90396974,-76.94119787
Metro Motor Towing & Recovery,Tow Truck Storage Lot,1329 KENILWORTH AVE NE ,WASHINGTON,DC,20019,Not Available,38.90818104,-76.93697125
A CERTIFIED TOWING,Tow Truck Storage Lot,1239 KENILWORTH AVE NE ,WASHINGTON,DC,20019,Not Available,38.9068322211,-76.9376514012
ANACOSTIA FOOD AND FUEL LLC.,Gasoline Dealer,2305 PENNSYLVANIA AVE SE ,WASHINGTON,DC,20020,Not Available,38.87411061,-76.97331166
"ESPRESSO HOUSE, INC. (THE)",Delicatessen,111 MICHIGAN AVE NW ,WASHINGTON,DC,20010,2028842552.0,38.92767927,-77.01375155
FULL YUM CARRYOUT CORPORATION,Delicatessen,1501 NORTH CAPITOL ST NE ,WASHINGTON,DC,20002,2028320637.0,38.90978444,-77.00871628
"WASHINGTON DRAMA SOCIETY, INC.",Delicatessen,1101 6TH ST SW ,WASHINGTON,DC,20024,2025549066.0,38.87739689,-77.02050458
1257 CORPORATION,Delicatessen,1255 4TH ST NE ,WASHINGTON,DC,20002,2025465205.0,38.90799406,-76.9995447
Unknown,Delicatessen,1003 8TH ST SE ,WASHINGTON,DC,20003,2025437662.0,38.87796141,-76.99519861
DAILY FISH OF CHESAPEAKE,Delicatessen,2250 SHERMAN AVE NW ,WASHINGTON,DC,20001,2023323169.0,38.92015652,-77.02538972
ROCKLANDS BARBEQUE AND GRILLING COMPANY,Delicatessen,2418 WISCONSIN AVE NW ,WASHINGTON,DC,20007,2023371925.0,38.92151485,-77.07258692
"PANDA OF D.C., INC..",Delicatessen,1807 WEST VIRGINIA AVE NE ,WASHINGTON,DC,20002,2025268478.0,38.91056615,-76.98498392
GEORGETOWN UNIVERSITY,Delicatessen,3800 RESERVOIR RD NW ,WASHINGTON,DC,20057,2026879889.0,38.91201376,-77.07530401
LEVY PREMIUM FOODSERVICE LIMITED PARTNERSHIP,Delicatessen,1500 SOUTH CAPITOL ST SE ,WASHINGTON,DC,20003,2026407939.0,38.87235978,-77.00852675
LEVY PREMIUM FOODSERVICE LIMITED PARTNERSHIP,Delicatessen,1500 SOUTH CAPITOL ST SE ,WASHINGTON,DC,20003,2026407939.0,38.87235978,-77.00852675
LENA MARKET,Delicatessen,1206 UNDERWOOD ST NW ,WASHINGTON,DC,20012,2028291414.0,38.96875647,-77.02782937
ARAMARK ENTERTAINMENT LLC,Delicatessen,601 F ST NW ,WASHINGTON,DC,20004,2026615155.0,38.8980785153,-77.0209572291
NEGIA INC,Delicatessen,141 FLORIDA AVE NW ,WASHINGTON,DC,20001,Not Available,38.9129849792,-77.0137679754
KENILWORTH MARKET,Delicatessen,1612 KENILWORTH AVE NE ,WASHINGTON,DC,20019,Not Available,38.91193933,-76.93491153
ARTHUR TREACHER'S FISH & CHIPS INC.,Delicatessen,400 FLORIDA AVE NW ,WASHINGTON,DC,20001,Not Available,38.91373492,-77.01635116
7-ELEVEN INC,Delicatessen,910 17TH ST NW ,WASHINGTON,DC,20006,Not Available,38.90188111,-77.03992307
GRUBB'S PHARMACY SE INC.,Delicatessen,1800 MARTIN LUTHER KING J AVE SE ,WASHINGTON,DC,20020,Not Available,38.86756991,-76.98805738
BEDROCK BILLIARDS INC.,Billiard Parlor,1841 COLUMBIA RD NW ,WASHINGTON,DC,20009,2023321250.0,38.92148816,-77.04383394
"DECADES, LLC.",Public Hall,1219 CONNECTICUT AVE NW ,WASHINGTON,DC,20036,Not Available,38.90653484,-77.04117856
WARNER THEATRE,Public Hall,1299 PENNSYLVANIA AVE NW ,WASHINGTON,DC,20004,Not Available,38.89632366,-77.02931803
CHINESE CONSOLIDATED BENEVOLENT ASSOCIATION,Special Events,600 H ST NW ,WASHINGTON,DC,20001,Not Available,0.0,0.0
CHERRY BLOSSOM INC,Special Events,1300 PENNSYLVANIA AVE NW ,WASHINGTON,DC,20004,Not Available,38.89493993,-77.03021187
BRYANT PHASE 1 A&C LLC,Special Events,680 BRYANT ST NE ,WASHINGTON,DC,20003,Not Available,0.0,0.0
FRIENDS OF GEORGETOWN,Special Events,3260 R ST NW ,WASHINGTON,DC,20007,Not Available,38.91340152,-77.06601466
ANDREW KEEGAN THEATRE COMPANY (THE),Theater (Live),1742 CHURCH ST NW ,WASHINGTON,DC,20036,Not Available,38.91021184,-77.03997282
"NOVA PETROLEUM SUPPLIERS, LLC",Gasoline Dealer,1230 NEW YORK AVE NE ,WASHINGTON,DC,20002,7037506810.0,38.91466798,-76.98876416
12TH & PENNSYLVANIA INC.,Gasoline Dealer,1201 PENNSYLVANIA AVE SE ,WASHINGTON,DC,20003,Not Available,38.88163658,-76.98986391
3701 12TH STREET SHELL,Gasoline Dealer,3701 12TH ST NE ,WASHINGTON,DC,20017,Not Available,38.93479194,-76.99087191
5420 NEW HAMPSHIRE AVE. VALERO,Gasoline Dealer,5420 NEW HAMPSHIRE AVE NW ,WASHINGTON,DC,20011,Not Available,38.95632842,-77.0099395
420 RHODE ISLAND AVE VALERO,Gasoline Dealer,420 RHODE ISLAND AVE NW ,WASHINGTON,DC,20001,7037506810.0,38.9133082,-77.01817009
LANDMARK PETROLEUM SUPPLIERS LLC,Gasoline Dealer,4519 BENNING RD SE ,WASHINGTON,DC,20019,Not Available,38.88917145,-76.93772355
SHIRLINGTON PETROLEUM SUPPLIERS LLC,Gasoline Dealer,1950 BENNING RD NE ,WASHINGTON,DC,20002,Not Available,38.8988415,-76.97440103
ANACOSTIA REALTY LLC,Gasoline Dealer,5501 SOUTH DAKOTA AVE NE ,WASHINGTON,DC,20011,Not Available,38.9560055608,-77.000574209
8th & Pennsylvania Inc,Gasoline Dealer,823 PENNSYLVANIA AVE SE ,WASHINGTON,DC,20003,Not Available,38.8833921,-76.99424624
"Petroleum Marketing Group, Inc.",Gasoline Dealer,2830 SHERMAN AVE NW ,WASHINGTON,DC,20001,Not Available,38.92659359,-77.0263514
DAG PETROLEUM SUPPLIERS LLC,Gasoline Dealer,3355 BENNING RD NE ,WASHINGTON,DC,20019,7037506810.0,38.89629057,-76.95891381
GRAND HYATT WASHINGTON,Public Hall,1000 H ST NW ,WASHINGTON,DC,20001,2023931999.0,38.89934061,-77.02648774
HOTEL DC TRS LLC,Public Hall,515 15TH ST NW ,WASHINGTON,DC,20004,Not Available,38.89695532,-77.03339079
NATIONAL BRAIN TUMOR SOCIETY INC.,Special Events,1400 PENNSYLVANIA AVE NW ,WASHINGTON,DC,20001,Not Available,38.8958369672,-77.0321773889
ANACOSTIA BUSINESS IMPROVEMENT DISTRICT CORPORATION,Special Events,1234 MARION BARRY AVE SE ,WASHINGTON,DC,20020,Not Available,0.0,0.0
HILLWOOD ESTATE MUSEUM & GARDENS,Special Events,4155 LINNEAN AVE NW ,WASHINGTON,DC,20008,Not Available,38.94363425,-77.05261735
DISTRICT BRIDGES,Special Events,3210 MOUNT PLEASANT ST NW ,WASHINGTON,DC,20001,Not Available,0.0,0.0
UPTOWN COMMUNTIY INITATIVE,Special Events,851 UPSHUR ST NW ,WASHINGTON,DC,20011,Not Available,38.9420242,-77.02488466
FRIENDS OF PIERCE MILL  AND COMMON GRAIN ALLIANCE,Special Events,2401 TILDEN ST NW ,WASHINGTON,DC,,Not Available,38.94053056,-77.05221353
FEGANO LLC,Special Events,600 PENNSYLVANIA AVE NW ,WASHINGTON,DC,20580,Not Available,38.89273838,-77.02116465
GEORGE WASHINGTON UNIVERSITY (THE),Special Events,600 22nd ST NW ,WASHINGTON,DC,20052,Not Available,38.89784158,-77.04935324
UPTOWN COMMUNITY INITIATIVE,Special Events,800 UPSHUR ST NW ,WASHINGTON,DC,20011,Not Available,38.94175135,-77.02352725
1301 BLADENSBURG RD VALERO,Gasoline Dealer,1301 BLADENSBURG RD NE ,WASHINGTON,DC,20002,7037506810.0,38.90756232,-76.97813366
22 FLORIDA AVE VALERO,Gasoline Dealer,22 FLORIDA AVE NW ,WASHINGTON,DC,20001,7037506810.0,38.91133386,-77.01078957
5831 GEORGIA AVE VALERO,Gasoline Dealer,5831 GEORGIA AVE NW ,WASHINGTON,DC,20011,7037506810.0,38.96066898,-77.02772364
LANDMARK PETROLEUM SUPPLIERS LLC,Gasoline Dealer,4665 SOUTH CAPITOL ST SE ,WASHINGTON,DC,,Not Available,0.0,0.0
TENART LLC,Gasoline Dealer,7605 GEORGIA AVE NW ,WASHINGTON,DC,20012,Not Available,38.98222779,-77.02612845
EABLAD LLC.,Gasoline Dealer,6350 GEORGIA AVE NW ,WASHINGTON,DC,20011,Not Available,38.96683986,-77.0278877
DAG REALTY LLC.,Gasoline Dealer,1601 NEW YORK AVE NE ,WASHINGTON,DC,20002,Not Available,38.91662954,-76.98104358
MINNESOTA STATION LLC,Gasoline Dealer,3820 MINNESOTA AVE NE ,WASHINGTON,DC,20019,Not Available,38.89265023,-76.95147672
ANACOSTIA FOOD AND FUEL LLC.,Gasoline Dealer,2305 PENNSYLVANIA AVE SE ,WASHINGTON,DC,20020,Not Available,38.87411061,-76.97331166
"NOVA Petroleum Suppliers, LLC",Gasoline Dealer,2200 P ST NW ,WASHINGTON,DC,20037,Not Available,38.90930705,-77.04915963
"ANACOSTIA  REALTY, LLC",Gasoline Dealer,5030 CONNECTICUT AVE NW ,WASHINGTON,DC,20008,Not Available,38.95532133,-77.07060234
DAG PETROLLEUM SUPPLIERS LLC,Gasoline Dealer,3103 RHODE ISLAND AVE NE ,WASHINGTON,DC,20018,2023985920.0,38.93449922,-76.96404151
DAG PETROLEUM SUPPLIERS LLC,Gasoline Dealer,1765 NEW YORK AVE NE ,WASHINGTON,DC,20002,2022693048.0,38.91689046,-76.97917584
Melina LLC,Delicatessen,1707 L ST NW ,WASHINGTON,DC,20036,Not Available,38.90404434,-77.03922436
GLIZZYS VEGAN FOOD COMPANY LLC,Delicatessen,1110 OAK DR SE ,WASHINGTON,DC,20032,Not Available,38.84618735,-76.99020255
Washington Dc Systems LLC,Delicatessen,1745 CONNECTICUT AVE NW ,WASHINGTON,DC,20009,Not Available,38.91389213,-77.04556576
BOWERS FANCY DAIRY PRODUCTS,Grocery Store,225 7TH ST SE ,WASHINGTON,DC,20004-3003,Not Available,38.88641312,-76.99646843
NAI Saturn Eastern LLC,Grocery Store,5545 CONNECTICUT AVE NW ,WASHINGTON,DC,20015,Not Available,38.96459326,-77.07490737
NAI Saturn Eastern LLC,Grocery Store,1747 COLUMBIA RD NW ,WASHINGTON,DC,20009,Not Available,38.92422756,-77.04101822
Yes Organic Four Inc,Grocery Store,3809 12TH ST NE ,WASHINGTON,DC,,Not Available,38.93680023,-76.99036934
Menomale Noma LLC,Restaurant,35 N ST NE ,WASHINGTON,DC,20002,Not Available,38.9070072469,-77.0076008231
TEST RECORD DO NOT PROCESS,Restaurant,1600 TAYLOR ST NE ,WASHINGTON,DC,20017,Not Available,38.94098207,-76.98220189
ELKRAM CORPORATION,Food Products,2000 C ST NW ,WASHINGTON,DC,20551,2024525200.0,0.0,0.0
BARMY WINE & LIQUORS,Food Products,1912 L ST NW ,WASHINGTON,DC,20036,2028338734.0,38.90358362,-77.04411669
NARA INCORPORATED,Food Products,1836 1ST ST NW ,WASHINGTON,DC,20001,2025889443.0,38.91541105,-77.01238937
MAC'S  LIQUORS INC,Food Products,401 RHODE ISLAND AVE NE ,WASHINGTON,DC,20002,2025267192.0,38.91959184,-77.00036923
Unknown,Food Products,525 14TH ST NW ,WASHINGTON,DC,20004,2026382080.0,38.8970476054,-77.031688173
"ABE'S CONVENIENCE STORE, L.L.C.",Food Products,4940 CONNECTICUT AVE NW ,WASHINGTON,DC,20008,2022371201.0,38.95443305,-77.07005565
"DISTRICT OF COLUMBIA CVS PHARMACY, L.L.C.",Food Products,2000 PENNSYLVANIA AVE NW ,WASHINGTON,DC,20006,4017651500.0,38.90035538,-77.0457758
"WOOSUNG, INC.",Food Products,529 14TH ST NW ,WASHINGTON,DC,20045,3016463182.0,38.89701925,-77.03154662
DISTRICT OF COLUMBIA CVS PHARMACY LLC,Food Products,3601 12TH ST NW ,WASHINGTON,DC,20017,2025298559.0,0.0,0.0
DISTRICT OF COLUMBIA CVS PHARMACY LLC,Food Products,717 14TH ST NW ,WASHINGTON,DC,20005,2027379525.0,38.89889929,-77.03155852
DISTRICT OF COLUMBIA CVS PHARMACY LLC,Food Products,2125 E ST NW ,WASHINGTON,DC,20037,2023374388.0,38.89629676,-77.04777427
DISTRICT OF COLUMBIA CVS PHARMACY LLC,Food Products,1418 P ST NW ,WASHINGTON,DC,20005,2029395735.0,38.90934277,-77.03285043
DISTRICT OF COLUMBIA CVS PHARMACY LLC,Food Products,2240 M ST NW ,WASHINGTON,DC,20037,2022969877.0,38.90505742,-77.04944216
CVS PHARMACY #1348,Food Products,1100 4TH ST SW ,WASHINGTON,DC,20024,2025542144.0,38.87761406,-77.01715952
JOE'S INTERNATIONAL WHOLESALE INC,Food Products,917 F ST NW ,WASHINGTON,DC,20004,2024506236.0,38.89764505,-77.02485731
SHAW HOWARD DELI,Delicatessen,1911 7TH ST NW ,WASHINGTON,DC,20001,2023401257.0,38.9159446337,-77.0217064445
NEW CONGRESIONAL LIQUORS,Delicatessen,404 1ST ST SE ,WASHINGTON,DC,20003,Not Available,38.88481775,-77.00556463
"The Grove, Inc.",Delicatessen,50 MASSACHUSETTS AVE NE ,WASHINGTON,DC,20002,Not Available,38.89761945,-77.00617579
DC Lobster Co LLC,Delicatessen,2000 PENNSYLVANIA AVE NW ,WASHINGTON,DC,20006,Not Available,38.90035538,-77.0457758
GET SMART 2 INC.,Delicatessen,4510 EAST CAPITOL ST NE ,WASHINGTON,DC,20019,Not Available,38.89001852,-76.93724019
Jumbo Slice Inc,Delicatessen,2341 18TH ST NW ,WASHINGTON,DC,20009,Not Available,38.92069603,-77.04169055
Bread Furst Bakery,Delicatessen,1600 21ST ST NW ,WASHINGTON,DC,20009,Not Available,38.91150234,-77.04685225
GCGT LLC,Delicatessen,3279 M ST NW ,WASHINGTON,DC,20007,Not Available,38.9052729,-77.06538134
24 HOUR M&H INC,Food Products,1201 BLADENSBURG RD NE ,WASHINGTON,DC,20002,Not Available,38.90581881,-76.97929714
H & R MART INC.,Food Products,1813 BENNING RD NE ,WASHINGTON,DC,20002,Not Available,38.89878125,-76.97722356
"HOP, CASK, & BARREL",Food Products,1717 WISCONSIN AVE NW ,WASHINGTON,DC,20007,Not Available,38.91433202,-77.0667145
LEE AUTO REPAIRS LLC.,Food Products,3426 GEORGIA AVE NW ,WASHINGTON,DC,20010,Not Available,38.93274246,-77.02422966
12TH & PENNSYLVANIA INC,Food Products,1201 PENNSYLVANIA AVE SE ,WASHINGTON,DC,20003,Not Available,38.88163658,-76.98986391
PROUST PARTNERS LLC.,Food Products,131 M ST NE ,WASHINGTON,DC,20002,Not Available,38.9051642,-77.00466741
AST MARKET,Food Products,3182 BLADENSBURG RD NE ,WASHINGTON,DC,20018,2025261496.0,38.92981797,-76.95991355
FAMILY DOLLAR C/O DOLLAR TREE,Food Products,1121 H ST NE ,WASHINGTON,DC,20002,Not Available,38.90000698,-76.99068361
LUCY ENTERPRISE INC,Food Products,4326 WISCONSIN AVE NW ,WASHINGTON,DC,20016,2023638683.0,38.94515676,-77.0784881
TOMY LIQUOR LLC,Food Products,1537 MARION BARRY AVE SE ,WASHINGTON,DC,20020,2028890723.0,38.86609097,-76.98214002
"Ross Dress for Less, Inc.",Food Products,1060 BRENTWOOD RD NE ,WASHINGTON,DC,20018,Not Available,38.92018824,-76.99377059
"LODGING CONCESSIONS, LLC C/O OTO DEVELOPMENT",Food Products,1112 1118 19TH ST NW ,WASHINGTON,DC,20036,8645968930.0,38.90431095,-77.04388437
Fair Liquors,Food Products,5008 1ST ST NW ,WASHINGTON,DC,20011,Not Available,38.95122708,-77.01233007
500K LLC,Food Products,500 K ST NW ,WASHINGTON,DC,20001,Not Available,38.90227075,-77.01916865
Housebar,Food Products,1299 1ST ST SE ,WASHINGTON,DC,20003,Not Available,38.87486867,-77.00617659
Barrel House Liquors,Food Products,1339 14TH ST NW ,WASHINGTON,DC,20005,Not Available,38.90854145,-77.03163196
SPICE SUITE (THE) LLC,Food Products,2201 CHANNING ST NE ,WASHINGTON,DC,20018,Not Available,38.9221509,-76.97391017
Glover Park Grill,Restaurant,2505 WISCONSIN AVE NW ,WASHINGTON,DC,20007,Not Available,38.92333624,-77.07274526
1107 Safi LLC  101 Rhode Island ave,Restaurant,101 RHODE ISLAND AVE NW ,WASHINGTON,DC,20001,Not Available,38.915938339,-77.012360754
Dc Shawarma & Poutine LLC,Restaurant,3176 BLADENSBURG RD NE ,WASHINGTON,DC,20018,Not Available,38.92942819,-76.96048892
WASHINGTON INTERNATIONAL STUDENT CENTER,Food Vending Machine,2451 18TH ST NW ,WASHINGTON,DC,20009,2026677681.0,38.92180522,-77.04205191
ELKRAM CORPORATION,Food Vending Machine,2000 C ST NW ,WASHINGTON,DC,20006,2024523399.0,0.0,0.0
DDS/RSA,Delicatessen,4058 MINNESOTA AVE NE ,WASHINGTON,DC,20019,Not Available,38.89697153,-76.94782803
CHARLEYS PHILLY STEAK,Delicatessen,429 L'ENFANT PLZ SW ,WASHINGTON,DC,20024,Not Available,38.88384037,-77.0251698
Compass Coffee; Harrison Suarez,Delicatessen,1535 7TH ST NW ,WASHINGTON,DC,20001,Not Available,38.91061611,-77.02158272
GHAL INC.,Delicatessen,445 L'ENFANT PLZ SW ,WASHINGTON,DC,20024,2023471119.0,38.88383655,-77.02534049
SCRIBONE LLC,Delicatessen,1800 N ST NW ,WASHINGTON,DC,20036,Not Available,38.90708816,-77.04261889
Ivy City Smokehouse INC,Delicatessen,1356 OKIE ST NE ,WASHINGTON,DC,20002,Not Available,38.91463421,-76.98555198
8TH DAY PRODUCTIONS LLC,Delicatessen,535 8TH ST SE ,WASHINGTON,DC,20003,Not Available,38.88168092,-76.99533124
FRESH BLENDS GW LLC.,Delicatessen,1309 5TH ST NE ,WASHINGTON,DC,20002,Not Available,38.90871669,-76.99765027
Unknown,Delicatessen,175 N ST NE ,WASHINGTON,DC,22015,Not Available,38.90686763,-77.00368015
Dunkin Donuts 1210,Delicatessen,1200 G ST NW ,WASHINGTON,DC,20005,Not Available,38.89804455,-77.02849841
THOS. CALOMIRIS & SONS INC.,Delicatessen,225 7TH ST SE ,WASHINGTON,DC,20003,Not Available,38.88641312,-76.99646843
Dunkin Donuts 1739,Delicatessen,1739 NEW JERSEY AVE NW ,WASHINGTON,DC,20001,Not Available,38.91366101,-77.01730021
"Compass Coffee, LLC",Delicatessen,800 17TH ST NW ,WASHINGTON,DC,20006,Not Available,38.90048082,-77.03974245
"Smoothie King Co., Inc.",Delicatessen,1001 CONNECTICUT AVE NW ,WASHINGTON,DC,20036,Not Available,38.9027901606,-77.038881851
DOLLAR PLUS FOOD,Delicatessen,4522 BENNING RD SE ,WASHINGTON,DC,20019,Not Available,38.8891005,-76.93665764
LEVY @ DC UNITED - LA PEPA,Delicatessen,100 POTOMAC AVE SW ,WASHINGTON,DC,20024,Not Available,38.86906896,-77.01238121
AVCILI LLC,Delicatessen,333 HAWAII AVE NE ,WASHINGTON,DC,20011,Not Available,38.94117064,-77.00081644
CAFE GEORGETOWN,Delicatessen,3141 N ST NW ,WASHINGTON,DC,20007,Not Available,38.90692724,-77.06267681
MK FOOD INC.,Delicatessen,1901 MICHIGAN AVE NE ,WASHINGTON,DC,20018,Not Available,38.9455562,-76.9783045
HENRY'S CAFE INC,Delicatessen,1704 U ST NW ,WASHINGTON,DC,20009,Not Available,38.91684729,-77.03889136
S&H 7 INC.,Delicatessen,1255 22ND ST NW ,WASHINGTON,DC,20037,Not Available,38.90668298,-77.04836104
SICILIAN PIZZA D.C CORPORATION,Delicatessen,1004 FLORIDA AVE NE ,WASHINGTON,DC,20002,Not Available,38.9039989,-76.99265682
Han Towers Market,Delicatessen,4201 CATHEDRAL AVE NW ,WASHINGTON,DC,20016,Not Available,38.93082287,-77.08297729
Chick-fil-A Capitol Hill East DTO,Delicatessen,1401 MARYLAND AVE NE ,WASHINGTON,DC,20002,Not Available,38.89909946,-76.9850917
PERUVIAN BROTHERS LLC,Delicatessen,1280 4TH ST NE ,WASHINGTON,DC,20002,Not Available,38.90885456,-76.99959174
JKS Enterprise Inc,Delicatessen,1050 CONNECTICUT AVE NW ,WASHINGTON,DC,20036,Not Available,38.90350778,-77.04035008
NEWYORK GRILL LLC,Delicatessen,1764 COLUMBIA RD NW ,WASHINGTON,DC,20009,Not Available,38.92352121,-77.04095819
JERRY'S RESTAURANT LLC.,Delicatessen,1350 BRENTWOOD RD NE ,WASHINGTON,DC,20018,Not Available,38.9248601,-76.98632637
HAYAT INC,Delicatessen,6217 DIX ST NE ,WASHINGTON,DC,20019,Not Available,38.8941550028,-76.9115208626
FAMILY DELI & MARKET LLC,Delicatessen,2612 GEORGIA AVE NW ,WASHINGTON,DC,20001,Not Available,38.9246195,-77.02281906
SMASHBURGER ACQUISTION-DC LLC,Delicatessen,804 7TH ST NW ,WASHINGTON,DC,20001,Not Available,38.90008499,-77.02217577
SHABAH CORP,Delicatessen,912 NEW HAMPSHIRE AVE NW ,WASHINGTON,DC,20037,Not Available,38.9011577,-77.05173326
Gregorys Coffee,Delicatessen,1101 CONNECTICUT AVE NW ,WASHINGTON,DC,20036,Not Available,38.90403246,-77.03973497
"B.A.B. Development, LLC",Delicatessen,2000 5TH ST NE ,WASHINGTON,DC,20002,Not Available,38.91713131,-76.9998403
Brass Jar Productions DC LLC,Delicatessen,1100 13TH ST NW ,WASHINGTON,DC,20005,Not Available,38.90421357,-77.03001416
AHAN ARIK INC,Delicatessen,3174 MOUNT PLEASANT ST NW ,WASHINGTON,DC,20010,Not Available,38.93080541,-77.03842323
"BLUE BOTTLE COFFEE, LLC",Delicatessen,50 MASSACHUSETTS AVE NE ,WASHINGTON,DC,20002,Not Available,38.89761945,-77.00617579
"D.C. CENTRAL KITCHEN, INC. (THE)",Delicatessen,2121 1ST ST SW ,WASHINGTON,DC,20024,Not Available,38.8641336,-77.01247507
Pitango Quattro,Delicatessen,413 7TH ST NW ,WASHINGTON,DC,20004,Not Available,38.89520613,-77.02166244
"Compass Group USA, Inc.",Delicatessen,616 23RD ST NW ,WASHINGTON,DC,20037,Not Available,38.89793869,-77.05040372
"Compass Group USA, Inc.",Delicatessen,2300 I ST NW ,WASHINGTON,DC,20052,Not Available,38.90009612,-77.05078499
"PHO 54, LLC",Delicatessen,2424 14TH ST NW ,WASHINGTON,DC,20009,Not Available,38.92122991,-77.03214982
The Fresh Food Factory Market STE,Delicatessen,1110 OAK DR SE ,WASHINGTON,DC,20032,Not Available,38.84618735,-76.99020255
LOUYANS INC,Delicatessen,2443 18TH ST NW ,WASHINGTON,DC,20009,Not Available,38.9216148,-77.0420006
Alpha DC Kitchen LLC,Delicatessen,2000 5TH ST NE ,WASHINGTON,DC,20002,Not Available,38.91713131,-76.9998403
Cookoro LLC,Delicatessen,2000 5TH ST NE ,WASHINGTON,DC,20002,Not Available,38.91713131,-76.9998403
DOLCEZZA MUSEUM LLC,Delicatessen,700 INDEPENDENCE AVE SW ,WASHINGTON,DC,20024,Not Available,0.0,0.0
RP DC 1211 CONNECTICUT LLC,Delicatessen,1211 CONNECTICUT AVE NW ,WASHINGTON,DC,20036,Not Available,38.90625414,-77.04091899
Aroma Cafe DC LLC,Delicatessen,1889 F ST NW ,WASHINGTON,DC,20006,Not Available,38.89759043,-77.04271282
HOPE CONVENIENCE INC,Delicatessen,1736 GOOD HOPE RD SE ,WASHINGTON,DC,20020,Not Available,38.86607196,-76.97955018
Gursha 2023 LLC t/a Gursha Ethiopian Cuisine,Delicatessen,1195 20TH ST NW ,WASHINGTON,DC,20036,Not Available,38.90535535,-77.04468237
Opa Georgetown DC LLC,Delicatessen,1335 WISCONSIN AVE NW ,WASHINGTON,DC,20007,Not Available,38.90751244,-77.063186
Malai,Delicatessen,1407 T ST NW ,WASHINGTON,DC,20009,Not Available,38.91577684,-77.03244428
Fish King LLC,Delicatessen,403 RHODE ISLAND AVE NE ,WASHINGTON,DC,20002,Not Available,38.91960563,-77.00027848
Jerry's Carry Out,Delicatessen,2016 GEORGIA AVE NW ,WASHINGTON,DC,20001-3027,Not Available,38.91689634,-77.02217097
maritoca llc,Delicatessen,2000 5TH ST NE ,WASHINGTON,DC,20002,Not Available,38.91713131,-76.9998403
"South Block West End, LLC.",Delicatessen,2109 M ST NW ,WASHINGTON,DC,20037,Not Available,38.9054521593,-77.0482245048
Gelsa Coffee,Delicatessen,99 M ST SE ,WASHINGTON,DC,20003,Not Available,38.87628154,-77.00629161
MAJANO'S TEX-MEX & BAR,Delicatessen,1439 11TH ST NW ,WASHINGTON,DC,20001,Not Available,38.90949711,-77.02674228
Unknown,Restaurant,5601 EAST CAPITOL ST SE ,WASHINGTON,DC,20019,2023028861.0,38.88947954,-76.92174283
"NEXT STEP PUBLIC CHARTER SCHOOL, INC. (THE)",Restaurant,3047 15TH ST NW ,WASHINGTON,DC,20009,2023192249.0,38.92848256,-77.035782
NW DC OPERATING LLC DBA THE DARCY HOTEL,Hotel,1515 RHODE ISLAND AVE NW ,WASHINGTON,DC,20005,Not Available,38.90793588,-77.03550733
"DC Four Lessee, LLC",Hotel,1430 RHODE ISLAND AVE NW ,WASHINGTON,DC,20005,Not Available,38.90806871,-77.03295326
GIANT OF MARYLAND LLC,Grocery Store,1345 PARK RD NW ,WASHINGTON,DC,20010,3013414387.0,38.93106932,-77.03164599
SMERT SUN MARKET,Grocery Store,415 RHODE ISLAND AVE NE ,WAS,DC,20002,Not Available,38.91964202,-76.99989034
OLD CITY MAO LLC,Grocery Store,522 1/2 K ST NE ,WASHINGTON,DC,20002,Not Available,38.90276561,-76.99866164
NAI Saturn Eastern LLC,Grocery Store,1100 4TH ST SW ,WASHINGTON,DC,20024,Not Available,38.87761406,-77.01715952
NAI Saturn Eastern LLC,Grocery Store,1747 COLUMBIA RD NW ,WASHINGTON,DC,20009,Not Available,38.92422756,-77.04101822
YK FLAGLER INC.,Grocery Store,2200 FLAGLER PL NW ,WASHINGTON,DC,20001,Not Available,38.91930303,-77.01378914
"Aurora Enterprises, LLC",Grocery Store,2006 RHODE ISLAND AVE NE ,WASHINGTON,DC,20018,Not Available,38.9295256,-76.97578942
Union Kitchen,Grocery Store,538 3RD ST NE ,WASHINGTON,DC,20002,Not Available,38.89719546,-77.00220952
Root Retail LLC t/a 7 River Mart,Grocery Store,250 11TH ST NE ,WASHINGTON,DC,20002,Not Available,38.89344284,-76.99179591
HIWOT MARKET INC,Grocery Store,5331 GEORGIA AVE NW ,WASHINGTON,DC,20011,Not Available,38.95476872,-77.02757297
MT PLEASANT ST INC,Grocery Store,3146 MOUNT PLEASANT ST NW ,WASHINGTON,DC,20010,Not Available,38.93009472,-77.0381381
WHOLE FOODS MARKET,Restaurant,2201 I ST NW ,WASHINGTON,DC,20037,Not Available,38.90091112,-77.04906762
TEST RECORD DO NOT PROCESS,Restaurant,1600 TAYLOR ST NE ,WASHINGTON,DC,20017,Not Available,38.94098207,-76.98220189
SK FOODS LLC,Marine Food Retail,5509 CONNECTICUT AVE NW ,WASHINGTON,DC,20015,Not Available,38.9634093,-77.07433785
Meridian Weight Loss and Diabetes Prevention,Mobile Delicatessen,1736 Marion Barry AVE SE ,WASHINGTON,DC,20020,Not Available,38.86607163,-76.97955018
Jake's Vending LLC,Food Vending Machine,1106 MONROE ST NW ,WASHINGTON,DC,20010,Not Available,38.93249027,-77.02880409
ELSY AYALA ,Grocery Store,400 KENNEDY ST NW ,WASHINGTON,DC,20011,2022911174.0,38.9563471012,-77.0181296077
"QATEGNA, INC.",Delicatessen,1207 TUCKERMAN ST NW ,WASHINGTON,DC,20011,Not Available,38.96760537,-77.02794512
PANAM INTERNATIONAL MARKET,Grocery Store,1901 MICHIGAN AVE NE ,WASHINGTON,DC,20018,2026368696.0,38.9455562,-76.9783045
ALDI INC.,Grocery Store,901 17TH ST NE ,WASHINGTON,DC,20002,3013609915.0,38.9015488,-76.97803405
DDS/RSA RANDOLPH-SHEPPARD VENDING FACILITIES PROGRAM (RSVFP),Grocery Store,320 21ST ST NW ,WASHINGTON,DC,20451,Not Available,38.89480937,-77.04737789
"GOOD FOOD MARKETS, LLC",Grocery Store,2006 RHODE ISLAND AVE NE ,WASHINGTON,DC,20018,2022488494.0,38.9295256,-76.97578942
METRO SUPERMARKET,Grocery Store,2130 P ST NW ,WASHINGTON,DC,20037,Not Available,38.90948268,-77.04836317
"Groceryworks.com Operating Company, LLC",Grocery Store,6500 PINEY BRANCH RD NW ,WASHINGTON,DC,20012,Not Available,38.96955672,-77.02655688
TRADER JOE'S EAST INC.,Grocery Store,350 FLORIDA AVE NE ,WASHINGTON,DC,20002,Not Available,38.9074600721,-77.0005652864
A1 GROCERY STORE,Grocery Store,615 DIVISION AVE NE ,WASHINGTON,DC,20019,2405051318.0,38.89786439,-76.92552537
Elharia Inc,Grocery Store,1327 W ST SE ,WASHINGTON,DC,20020,Not Available,38.86420519,-76.98674865
EXPRESS CONVENIENCE STORE LLC.,Grocery Store,2031 BENNING RD NE ,WASHINGTON,DC,20002,Not Available,38.89831539,-76.97443718
ELLE YAME LLC,Grocery Store,1245 5TH ST NW ,WASHINGTON,DC,20001,Not Available,38.90710516,-77.01868191
YES! ORGANIC FOODS,Grocery Store,1825 COLUMBIA RD NW ,WASHINGTON,DC,20009,Not Available,38.92181027,-77.04373716
"LIDL US OPERATIONS, LLC",Grocery Store,2224 TOWN CENTER DR SE ,WASHINGTON,DC,20020,Not Available,38.86154246,-76.96758256
OKEH & ASSOCIATES P.C.,Grocery Store,411 MORSE ST NE ,WASHINGTON,DC,20002,Not Available,38.90745888,-76.99964801
Target Corporation,Grocery Store,3505 CONNECTICUT AVE NW ,WASHINGTON,DC,20008,Not Available,38.93585195,-77.0580139
Elmira Market,Grocery Store,4401 SOUTH CAPITOL ST SW ,WASHINGTON,DC,20032,Not Available,38.82588624,-77.00763088
"Whole Foods Market Group, Inc.",Grocery Store,7130 12TH ST NW ,WASHINGTON,DC,20012,Not Available,38.97609335,-77.02816391
DAMOTE INC.,Grocery Store,5421 GEORGIA AVE NW ,WASHINGTON,DC,20011,Not Available,38.95581712,-77.02774702
BMT ENTERPRISE LLC,Grocery Store,2815 7TH ST NE ,WASHINGTON,DC,20017,Not Available,38.92612334,-76.9958684
BAIR INVESTMENT LLC,Grocery Store,2101 ALABAMA AVE SE ,WASHINGTON,DC,20020,Not Available,38.85046159,-76.97506281
SEQUOIA RESTAURANT,Restaurant,3000 K ST NW ,WASHINGTON,DC,20007,7069444200.0,38.9018141,-77.05975468
PROSPECT CAFE MILANO INC.,Restaurant,3251 PROSPECT ST NW ,WASHINGTON,DC,20007,2023336183.0,38.90619362,-77.06380026
STARBUCKS COFFEE #702,Restaurant,1501 CONNECTICUT AVE NW ,WASHINGTON,DC,20036,2022446224.0,38.91052508,-77.04368792
CHINATOWN CARRY OUT,Restaurant,3207 MOUNT PLEASANT ST NW ,WASHINGTON,DC,20010,2023328955.0,38.93144199,-77.03820559
ALI SWEETS INC,Restaurant,3214 P ST NW ,WASHINGTON,DC,20007,2023370617.0,38.9091419,-77.06396927
WHOLE FOODS MARKET GROUP INC,Restaurant,4530 40TH ST NW ,WASHINGTON,DC,20016,2022375800.0,38.94908715,-77.07918367
THE CHENG CORPORATION,Restaurant,3625 12TH ST NE ,WASHINGTON,DC,20017,2026351318.0,38.93427063,-76.99094902
UNO RESTAURANTS LLC,Restaurant,50 MASSACHUSETTS AVE NE ,WASHINGTON,DC,20002,6173239200.0,38.89761945,-77.00617579
"SHERIDAN SCHOOL, INC.",Restaurant,4400 36TH ST NW ,WASHINGTON,DC,20008,2028950250.0,38.94676306,-77.07053019
HARLOU INC,Restaurant,222 7TH ST SE ,WASHINGTON,DC,20003,2023469163.0,38.88660732,-76.99584775
STARBUCKS CORPORATION,Restaurant,555 11TH ST NW ,WASHINGTON,DC,20016,2029999999.0,38.8966931,-77.0266501
TRIO RESTAURANT,Restaurant,1537 17TH ST NW ,WASHINGTON,DC,20036,9992326305.0,38.91098064,-77.03826427
KELLYS IRISH TIMES,Restaurant,14 F ST NW ,WASHINGTON,DC,20001,2028295733.0,38.89702778,-77.00978265
OLD EUROPE INC,Restaurant,2434 WISCONSIN AVE NW ,WASHINGTON,DC,20007,2023337600.0,38.9218045,-77.07283376
116 INC (THE),Restaurant,234 3RD ST NE ,WASHINGTON,DC,20002,2025476800.0,38.8933006248,-77.0022557402
MURRY & PAUL'S RESTAURANT,Restaurant,3513 12TH ST NE ,WASHINGTON,DC,20017,2025294078.0,38.93296775,-76.99078022
GEORGETOWN RESTAURANT CORPORATION,Restaurant,1063 WISCONSIN AVE NW ,WASHINGTON,DC,20007,2023388800.0,38.9043907,-77.06245403
OVAL ROOM LLC,Restaurant,800 CONNECTICUT AVE NW ,WASHINGTON,DC,20008,2023935883.0,38.90049133,-77.03856761
POTBELLY SANDWHICH WORKS LLC.,Restaurant,718 14TH ST NW ,WASHINGTON,DC,20004,3129510600.0,38.89901252,-77.03223561
STARBUCKS CORPORATION,Restaurant,2225 GEORGIA AVE NW ,WASHINGTON,DC,20010,8002222122.0,38.91972751,-77.02154662
MILLENNIUM PARTNER GROUP LLC,Restaurant,1522 WISCONSIN AVE NW ,WASHINGTON,DC,20007,7037486385.0,38.90940051,-77.06460583
STARBUCKS CORPORATION,Restaurant,1429 P ST NW ,WASHINGTON,DC,20005,8887965282.0,38.90985044,-77.03308898
"MIKE'S CAFE, INC",Restaurant,1401 H ST NW ,WASHINGTON,DC,20005,2024084900.0,38.90052497,-77.03252162
EDDIE CAFE INC,Restaurant,2600 CONNECTICUT AVE NW ,WASHINGTON,DC,20008,2026673939.0,38.92371905,-77.05201302
"SHIN & ASSOCIATES, LLC",Restaurant,231 2ND ST NW ,WASHINGTON,DC,20001,2027370397.0,38.89318697,-77.01346249
LOS AMIGOS OF D.C. INC.,Restaurant,3500 CONNECTICUT AVE NW ,WASHINGTON,DC,20008,2023637900.0,38.93573384,-77.05894471
HYATT REGENCY WASHINGTON ,Restaurant,400 NEW JERSEY AVE NW ,WASHINGTON,DC,20001,2027371234.0,38.89521815,-77.01144269
HABESHA MARKET AND CARRY-OUT RESTAURANT,Restaurant,1919 9TH ST NW ,WASHINGTON,DC,20001,2022321919.0,38.9163408,-77.02366588
"GBR-DC, LLC",Restaurant,950 15TH ST NW ,WASHINGTON,DC,20005,2023934499.0,38.901895203,-77.0348119179
MY CANTON RESTAURANT,Restaurant,1772 COLUMBIA RD NW ,WASHINGTON,DC,20009,2026070621.0,38.92338603,-77.04111852
POTBELLY SANDWICH WORKS LLC.,Restaurant,4300 CONNECTICUT AVE NW ,WASHINGTON,DC,20008,3129510600.0,38.94560325,-77.06475757
2 SISTERS DELI,Restaurant,400 C ST SW ,WASHINGTON,DC,20024,2025540099.0,38.88582526,-77.01799585
"AHOLD USA, LICENSING DEPARTMENT",Restaurant,1525 ALABAMA AVE SE ,WASHINGTON,DC,20032,3013414387.0,38.8449561423,-76.9811600626
WILLARD ASSOCIATES,Restaurant,1401 PENNSYLVANIA AVE NW ,WASHINGTON,DC,20004,2026289100.0,38.89649258,-77.03234479
MDM LLC.,Restaurant,6914 4TH ST NW ,WASHINGTON,DC,20012,2028291999.0,38.97419211,-77.01832375
CHOP'T CREATIVE SALAD COMPANY LLC,Restaurant,618 12TH ST NW ,WASHINGTON,DC,20005,2027830007.0,38.89808317,-77.02826418
KNZ LLC T/A NEXT DOOR,Restaurant,1211 U ST NW ,WASHINGTON,DC,20009,2026678880.0,38.91732138,-77.02869269
CAFE FIFTY NINE,Restaurant,409 3RD ST SW ,WASHINGTON,DC,20024,2025541357.0,38.88460326,-77.01575414
LEBANESE TAVERNA,Restaurant,2641 CONNECTICUT AVE NW ,WASHINGTON,DC,20008,2024837420.0,38.92475989,-77.05177622
ATOMIC BILLIARD CORPORATION,Restaurant,3427 CONNECTICUT AVE NW ,WASHINGTON,DC,20008,2029862944.0,38.93523531,-77.05788456
BYBLOS INC,Restaurant,3414 CONNECTICUT AVE NW ,WASHINGTON,DC,20008,2023646549.0,38.93464695,-77.05830241
HOWARD UNIVERSITY,Restaurant,2225 4TH ST NW ,WASHINGTON,DC,20059,2028069228.0,38.92088165,-77.01780728
PANDA RICE BOWL INC,Restaurant,50 MASSACHUSETTS AVE NE ,WASHINGTON,DC,20002,2023716788.0,38.89761945,-77.00617579
TEAISM TEA SHOP,Restaurant,800 CONNECTICUT AVE NW ,WASHINGTON,DC,20006,2024640025.0,38.90049133,-77.03856761
DOS GRINGOS CAFE,Restaurant,3116 MOUNT PLEASANT ST NW ,WASHINGTON,DC,20010,2024621159.0,38.9294198458,-77.037869132
JULFAK INC,Restaurant,1444 I ST NW ,WASHINGTON,DC,20005,2022894301.0,38.90111144,-77.0327581
CUP A CUP A,Restaurant,1900 G ST NW ,WASHINGTON,DC,20006,2024666570.0,38.89816087,-77.04386076
3124 CORPORATION,Restaurant,2311 WISCONSIN AVE NW ,WASHINGTON,DC,20007,2023338128.0,38.92066119,-77.07143128
NEW JAPAN INC,Restaurant,1503 17TH ST NW ,WASHINGTON,DC,20036,2024628999.0,38.90996468,-77.03826823
ROSEWOOD REGENCY CO INC,Restaurant,1635 P ST NW ,WASHINGTON,DC,20036,2022650828.0,38.90987196,-77.03804542
"SSP, Inc",Restaurant,1341 L ST NW ,WASHINGTON,DC,20005,2023478040.0,38.90396739,-77.03124637
PARADISE TOO LLC.,Restaurant,3282 M ST NW ,WASHINGTON,DC,20007,2023371245.0,38.90495271,-77.06560159
AROMA RESTAURANT LLC,Restaurant,3512 3514 CONNECTICUT AVE NW ,WASHINGTON,DC,20008,2029297638.0,38.93601717,-77.05908116
Unknown,Restaurant,4301 NANNIE HELEN BURROUG AVE NE ,WASHINGTON,DC,20019,7032501396.0,38.9012055705,-76.9415971841
NATIONAL GEORGRAPHICS SOCIETY,Restaurant,1600 M ST NW ,WASHINGTON,DC,20036,2028577610.0,38.90533518,-77.0372053
"CHINATOWN GARDEN, INC",Restaurant,618 H ST NW ,WASHINGTON,DC,20001,2023738887.0,38.89954422,-77.02107098
COMPASS GROUP USA INC,Restaurant,3612 WOODLEY RD NW ,WASHINGTON,DC,20016,9149355322.0,38.93142363,-77.07213683
STARBUCKS COFFEE,Restaurant,409 3RD ST SW ,WASHINGTON,DC,20024,2063188705.0,38.88460326,-77.01575414
CARIBOU COFFEE COMPANY INC,Restaurant,1156 15TH ST NW ,WASHINGTON,DC,20005,7635922200.0,38.90538387,-77.03502783
"FRESH MED, INC.",Restaurant,3313 CONNECTICUT AVE NW ,WASHINGTON,DC,20008,2022443995.0,38.93396416,-77.05712738
PIZZA ITALIA,Restaurant,1917 F ST NW ,WASHINGTON,DC,20006,2025890899.0,38.89755667,-77.04388829
CENTRAL- MICHEL RICHARD,Restaurant,1001 PENNSYLVANIA AVE NW ,WASHINGTON,DC,20004,2026260015.0,38.89504695,-77.02650516
"SEASONS CULINARY SERVICES, INC.",Restaurant,601 E ST NW ,WASHINGTON,DC,20004,7037060440.0,38.89635928,-77.020211
STARBUCKS CORPORATION,Restaurant,1201 MARYLAND AVE SW ,WASHINGTON,DC,20024,2024083121.0,38.88469232,-77.02942389
BROWN BAG INCORPORATED (THE).,Restaurant,1099 14TH ST NW ,WASHINGTON,DC,20005,3015236366.0,38.90337758,-77.03168259
STARBUCKS CORPORATION,Restaurant,3050 K ST NW ,WASHINGTON,DC,20007,8887965282.0,38.90194421,-77.06091848
MESOBE RESTAURANT & DELI MARKET,Restaurant,1853 7TH ST NW ,WASHINGTON,DC,20001,2022655282.0,38.91537331,-77.02165265
FOUNDING FARMERS LLC.,Restaurant,1924 PENNSYLVANIA AVE NW ,WASHINGTON,DC,20006,2023276377.0,38.90028051,-77.04441531
BMWG LLC.,Restaurant,4706 14TH ST NW ,WASHINGTON,DC,20011,2023298578.0,38.94752166,-77.03302618
THE LAUGHING MAN,Restaurant,1310 G ST NW ,WASHINGTON,DC,20005,2023375550.0,38.89811095,-77.0306228
LEVY PREMIUM FOODSERVICE LIMITED PARTNERSHIP,Restaurant,1500 SOUTH CAPITOL ST SE ,WASHINGTON,DC,20003,2026407939.0,38.87235978,-77.00852675
LEVY PREMIUM FOODSERVICE LIMITED PARTNERSHIP,Restaurant,1500 SOUTH CAPITOL ST SE ,WASHINGTON,DC,20003,2026407939.0,38.87235978,-77.00852675
RUDRAAKSH LLC.,Restaurant,4441 WISCONSIN AVE NW ,WASHINGTON,DC,20016,3015036404.0,38.94766568,-77.0790823
DELIZIQUE 1,Restaurant,650 MASSACHUSETTS AVE NW ,WASHINGTON,DC,20001,2024080417.0,38.90165427,-77.02142841
ROTI 1747 PENNSYLVANIA AVENUE LLC,Restaurant,1747 PENNSYLVANIA AVE NW ,WASHINGTON,DC,20006,2024667684.0,38.89961934,-77.04081662
ASIA NINE BAR AND LOUNGE,Restaurant,915 E ST NW ,WASHINGTON,DC,20004,2026394355.0,38.89635933,-77.02506482
"COMPASS GROUP USA, INC.",Restaurant,801 17TH ST NW ,WASHINGTON,DC,20006,2023095305.0,38.90058017,-77.03906383
DAS ETHIOPIAN CUSINE,Restaurant,1201 28TH ST NW ,WASHINGTON,DC,20007,2023334710.0,38.90539068,-77.05686746
GREEN ZEBRA LLC,Restaurant,2001 14TH ST NW ,WASHINGTON,DC,20009,Not Available,38.9171479,-77.03172526
"MORRISON MANAGEMENT SPECIALIST, INC",Restaurant,1310 SOUTHERN AVE SE ,WASHINGTON,DC,20032,Not Available,38.83629801,-76.98406855
ROTI 1311 F STREET LLC,Restaurant,1311 F ST NW ,WASHINGTON,DC,20004,8472755437.0,38.89754595,-77.03023914
Unknown,Restaurant,470 490 L'ENFANT PLZ SW ,WASHINGTON,DC,20024,Not Available,38.88413801,-77.02434075
WOMAN'S NATIONAL DEMOCRATIC CLUB,Restaurant,1526 NEW HAMPSHIRE AVE NW ,WASHINGTON,DC,20036,2022327363.0,38.91093038,-77.04266708
GOLDEN EAGLE INC,Restaurant,3201 NEW MEXICO AVE NW ,WASHINGTON,DC,20016,Not Available,38.93308229,-77.08484051
DEVON AND BLAKELY,Restaurant,803 15TH ST NW ,WASHINGTON,DC,20005,2028423180.0,38.90051218,-77.03339119
18TH AMENDMENT LLC,Restaurant,613 PENNSYLVANIA AVE SE ,WASHINGTON,DC,20003,Not Available,38.88500803,-76.9979151
MARGOTS CHAIR INC.,Restaurant,3415 11TH ST NW ,WASHINGTON,DC,20010,2022903342.0,38.93244195,-77.02821944
505 NINTH STREET PARTNERS LLC.,Restaurant,855 E ST NW ,WASHINGTON,DC,20004,Not Available,38.8963231,-77.02344299
HHC TRS HIGHLAND LLC.,Restaurant,1914 CONNECTICUT AVE NW ,WASHINGTON,DC,20009,2027972000.0,38.91637445,-77.0469605
"HARPER, LLC",Restaurant,1921 I ST NW ,WASHINGTON,DC,20006,Not Available,38.90155351,-77.0445564
CASEYS COFFE INC,Restaurant,355 E ST SW ,WASHINGTON,DC,20024,Not Available,38.88373431,-77.01640676
HOT N JUICY CRAW FISH,Restaurant,2651 CONNECTICUT AVE NW ,WASHINGTON,DC,20008,8178214959.0,38.92502781,-77.05201905
Unknown,Restaurant,77 K ST NE ,WASHINGTON,DC,20002,2028982057.0,38.90205732,-77.00636132
IRON GATE,Restaurant,1734 N ST NW ,WASHINGTON,DC,20036,Not Available,38.90703211,-77.03983983
RIGHT PROPER BREWING COMPANY,Restaurant,624 T ST NW ,WASHINGTON,DC,20001-5119,Not Available,38.91538426,-77.02137315
JACKPOT LLC.,Restaurant,726 7TH ST NW ,WASHINGTON,DC,20001,Not Available,38.89932753,-77.02222707
GCDC,Restaurant,1730 PENNSYLVANIA AVE NW ,WASHINGTON,DC,20006,Not Available,38.89873736,-77.04022761
THE TOWN TAVERN,Restaurant,2323 18TH ST NW ,WASHINGTON,DC,20009,2023878696.0,38.92032413,-77.0415583
AND PIZZA,Restaurant,666 MONROE ST NE ,WASHINGTON,DC,20017,Not Available,38.93254297,-76.99684456
Donnie Simpson,Restaurant,1817 7TH ST NW ,WASHINGTON,DC,20001,Not Available,38.91472749,-77.02171795
"MEATS & FOODS, LLC.",Restaurant,247 FLORIDA AVE NW ,WASHINGTON,DC,20001,Not Available,38.91378846,-77.01552883
WASHINGTON SCHOOL FOR GIRLS,Restaurant,1901 MISSISSIPPI AVE SE ,WASHINGTON,DC,20020,Not Available,38.84355746,-76.97532187
PENTHOUSE POOL AND LOUNGE,Restaurant,1212 4TH ST SE ,WASHINGTON,DC,20003,Not Available,38.87574472,-77.00024166
"AMERI THAI GROUP, INC.",Restaurant,4481 B CONNECTICUT AVE NW ,WASHINGTON,DC,20008,Not Available,38.94761754,-77.06513028
DC BORN & BREAD LLC.,Restaurant,1129 20TH ST NW ,WASHINGTON,DC,20036,Not Available,38.90455127,-77.04450824
Unknown,Restaurant,1537 7TH ST NW ,WASHINGTON,DC,20001,Not Available,38.9106571,-77.02158273
IN STEREO LLC,Restaurant,1410 14TH ST NW ,WASHINGTON,DC,20005,Not Available,38.90927419,-77.0322791
THE WASHINGTON MARRIOTT HOTEL,Restaurant,1221 22ND ST NW ,WASHINGTON,DC,20037,Not Available,38.90597447,-77.04842858
MK LOUNGE & RESTAURANT,Restaurant,1930 9TH ST NW ,WASHINGTON,DC,20001,Not Available,38.91643148,-77.02425791
Pretzel Bakery (The)  LLC.,Restaurant,257 15TH ST SE ,WASHINGTON,DC,20003,Not Available,38.88551927,-76.98387153
RICE BAR BIBIMBAP NOODLE,Restaurant,1015 15TH ST NW ,WASHINGTON,DC,20005,Not Available,38.90299715,-77.03424986
GSI #0047 HOGAN-CAFETERIA,Restaurant,555 13TH ST NW ,WASHINGTON,DC,20004,Not Available,38.89699703,-77.02935404
MOH INC,Restaurant,3500 14TH ST NW ,WASHINGTON,DC,20010,Not Available,38.93462541,-77.03302136
GEORGETOWN GOURMET,Restaurant,3421 M ST NW ,WASHINGTON,DC,20007,Not Available,38.90524381,-77.06852182
Unknown,Restaurant,2525 M ST NW ,WASHINGTON,DC,20008,Not Available,38.90554178,-77.05401436
DONBURI DUPONT L.L.C.,Restaurant,1134 19TH ST NW ,WASHINGTON,DC,20036,Not Available,38.90480933,-77.04379579
"Georgia Ave. Oohh's & Aahh's Restaurant, LLC",Restaurant,5933 GEORGIA AVE NW ,WASHINGTON,DC,20011,Not Available,38.96237885,-77.02767596
HANK'S ON THE WHARF LLC.,Restaurant,701 WHARF ST SW ,WASHINGTON,DC,20024,2026867600.0,38.87832224,-77.02379687
Unknown,Restaurant,1818 14TH ST NW ,WASHINGTON,DC,20009,Not Available,38.91474199,-77.03227927
CAVA MEZZE GRIL LLC.,Restaurant,523 H ST NE ,WASHINGTON,DC,20002,Not Available,38.89997545,-76.99861881
ELLE,Restaurant,3221 MOUNT PLEASANT ST NW ,WASHINGTON,DC,20010,Not Available,38.93184453,-77.03831618
MI VIDA WHARF LLC,Restaurant,98 DISTRICT SQ SW ,WASHINGTON,DC,20001,Not Available,38.87991802,-77.02576541
"GALAXY RESTAURANTS CATERING       GROUP, LP",Restaurant,4155 LINNEAN AVE NW ,WASHINGTON,DC,20008,Not Available,38.94363425,-77.05261735
PGS LLC.,Restaurant,1216 18TH ST NW ,WASHINGTON,DC,20036,Not Available,38.9063561,-77.04197236
LICENSING SOLUTIONS INC.,Restaurant,480 7TH ST NW ,WASHINGTON,DC,20004,Not Available,38.89592455,-77.02216168
MILK BAR LOGAN CIRCLE,Restaurant,1525 15TH ST NW ,WASHINGTON,DC,20005,Not Available,38.91057382,-77.034197
GROUP SOHO L.L.C.,Restaurant,2150 P ST NW ,WASHINGTON,DC,20037,Not Available,38.90947289,-77.04852423
TORYUMON JAPANESE HOUSE INC,Restaurant,1901 PENNSYLVANIA AVE NW ,WASHINGTON,DC,20006,Not Available,38.90068161,-77.04379522
DUPONT CIRCLE HOTEL OWNER LP,Restaurant,1615 RHODE ISLAND AVE NW ,WASHINGTON,DC,20036,Not Available,38.90701453,-77.03807745
TAQUERIA DISTRITO FEDERAL,Restaurant,805 KENNEDY ST NW ,WASHINGTON,DC,20011,Not Available,38.95646682,-77.02444356
MESS HALL,Restaurant,703 EDGEWOOD ST NE ,WASHINGTON,DC,20017,2025508780.0,38.9250448,-76.99582567
POTOMAC DISTILLING LIMITED LIABILITY COMPANY,Restaurant,1130 MAINE AVE SW ,WASHINGTON,DC,20024,Not Available,38.8810419,-77.02737069
SEVEN SEAS RESTAURANT INC,Restaurant,5915 GEORGIA AVE NW ,WASHINGTON,DC,20011,Not Available,38.96122894,-77.02768232
L'ENFANT DC HOTEL LLC,Restaurant,480 L'ENFANT PLZ SW ,WASHINGTON,DC,20024,Not Available,38.88390162,-77.02436545
"EOS DCH OWNER, LLC",Restaurant,1001 14TH ST NW ,WASHINGTON,DC,20005,Not Available,38.90291989,-77.0315875
MATCHBOX DC LLC,Restaurant,750 E ST NW ,WASHINGTON,DC,20004,Not Available,38.89593359,-77.02244446
GK L STREET LLC,Restaurant,1028 19TH ST NW ,WASHINGTON,DC,20036,Not Available,38.90334335,-77.04369621
OMAR H BEDANE LLC,Restaurant,1704 R ST NW ,WASHINGTON,DC,20009,Not Available,38.91243773,-77.03884018
NUNEZ PROPERTY MANAGEMENT LLC,Restaurant,3521 14TH ST NW ,WASHINGTON,DC,20010,Not Available,38.9355478457,-77.0324447447
DMT GROUP LLC,Restaurant,1101 17TH ST NW ,WASHINGTON,DC,20036,Not Available,38.9040484,-77.03812878
COMPASS GROUP USA INC,Restaurant,1000 CONSTITUTION AVE NW ,WASHINGTON,DC,,Not Available,0.0,0.0
TAMAK SPN LLC,Restaurant,724 9TH ST NW ,WASHINGTON,DC,20001,Not Available,38.89924224,-77.02440573
BL 600 13TH DC LLC,Restaurant,600 13TH ST NW ,WASHINGTON,DC,20005,Not Available,38.89784188,-77.02998
Colada Shop,Restaurant,10 PEARL ST SW ,WASHINGTON,DC,20024,Not Available,38.87909251,-77.02395318
Secretea,Restaurant,1959 E ST NW ,WASHINGTON,DC,20052,Not Available,38.89623165,-77.04452725
"Aurify Brands, LLC - APQ Blaine Mansion DC,LLC",Restaurant,2000 P ST NW ,WASHINGTON,DC,20009,Not Available,38.90946505,-77.04514013
"Tatte Holdings, LLC",Restaurant,1301 CONNECTICUT AVE NW ,WASHINGTON,DC,20036,Not Available,38.90764641,-77.04193
"Flaherty & O'Hara, P.C.",Restaurant,600 NEW JERSEY AVE NW ,WASHINGTON,DC,20001,Not Available,38.89783295,-77.01259889
SUKI MOGETEE GEORGETOWN LLC,Restaurant,2428 WISCONSIN AVE NW ,WASHINGTON,DC,20007,Not Available,38.92162922,-77.07265542
LILLIES RESTAURANT & BAR,Restaurant,2915 CONNECTICUT AVE NW ,WASHINGTON,DC,20008,Not Available,38.92866842,-77.05402715
Cheesecake Factory,Restaurant,1426 H ST NW ,WASHINGTON,DC,20005,Not Available,38.90000534,-77.03315555
K J Enterprise LLC,Restaurant,2469 18TH ST NW ,WASHINGTON,DC,20009,Not Available,38.92222752,-77.04223863
EQUITY 18 LLC,Restaurant,1210 1212 18TH ST NW ,WASHINGTON,DC,20036,Not Available,38.90615368,-77.04205271
"Mid-Atlantic Shellfish, LLC",Restaurant,1078 WISCONSIN AVE NW ,WASHINGTON,DC,20007,Not Available,38.9048345,-77.06302084
Quattro Restaurants LLC,Restaurant,1840 6TH ST NW ,WASHINGTON,DC,20001,Not Available,38.91535655,-77.02014663
Glover Park Grill,Restaurant,2505 WISCONSIN AVE NW ,WASHINGTON,DC,20007,Not Available,38.92333624,-77.07274526
Toastique Dupont LLC,Restaurant,1899 N ST NW ,WASHINGTON,DC,20036,Not Available,38.90747146,-77.04319594
IMA PIZZA STORE 53 LLC,Restaurant,1210 HALF ST SE ,WASHINGTON,DC,20003,Not Available,38.87598703,-77.00721122
Good Hope Hibachi Inc,Restaurant,2859 ALABAMA AVE SE ,WASHINGTON,DC,20020,Not Available,38.86007612,-76.96534075
New Wing & More Wings,Restaurant,1839 BENNING RD NE ,WASHINGTON,DC,20002,Not Available,38.89871781,-76.97664937
"Elements DC, LLC",Restaurant,1355 U ST NW ,WASHINGTON,DC,20009,Not Available,38.91731054,-77.03125394
Licht Cafe,Restaurant,1520 U ST NW ,WASHINGTON,DC,20009,Not Available,38.91683794,-77.03544453
GRAHAM LIQUOR LLC,Restaurant,1075 THOMAS JEFFERSON ST NW ,WASHINGTON,DC,20007,Not Available,38.9047267986,-77.0599207195
HONEYMOON FRIED CHICKEN,Restaurant,4201 GEORGIA AVE NW ,WASHINGTON,DC,20011,Not Available,38.94203952,-77.02531746
THE GREAT AMERICAN BISTRO,Restaurant,1545 NEW JERSEY AVE NW ,WASHINGTON,DC,20001,Not Available,38.91094909,-77.01638223
Sweetgreen,Restaurant,1325 W ST NW ,WASHINGTON,DC,20009,Not Available,38.91933378,-77.03134581
Pizzeria Paradiso,Restaurant,2000 MASSACHUSETTS AVE NW ,WASHINGTON,DC,20036,Not Available,38.90988844,-77.04515758
PEACOCK CAFE INC,Restaurant,3251 PROSPECT ST NW ,WASHINGTON,DC,20007,Not Available,38.90619362,-77.06380026
Hotbed LLC,Restaurant,2477 18TH ST NW ,WASHINGTON,DC,20009,Not Available,38.92243553,-77.04230091
HIS&HERS RESTAURANT DC LLC,Restaurant,2214 RHODE ISLAND AVE NE ,WASHINGTON,DC,20018,Not Available,38.93064154,-76.97355553
ITALIANI K STREET LLC,Restaurant,508 K ST NW ,WASHINGTON,DC,20001,Not Available,38.9022246945,-77.0194395604
"Georgetown Seafood, LLC",Restaurant,1211 POTOMAC ST NW ,WASHINGTON,DC,20007,Not Available,38.90553019,-77.06504296
TAKODA Restaurant & Beer Garden,Restaurant,1299 1ST ST SE ,WASHINGTON,DC,20003,Not Available,38.87486867,-77.00617659
Toki Underground,Restaurant,1234 H ST NE ,WASHINGTON,DC,20002,Not Available,38.90041707,-76.98903513
La Jambe,Restaurant,1309 5TH ST NE ,WASHINGTON,DC,20002,Not Available,38.90871669,-76.99765027
NICOLAS HOSPITALITY INC,Restaurant,2001 11TH ST NW ,WASHINGTON,DC,20001,Not Available,38.91715805,-77.02682114
ASLIN DC BEER LLC,Restaurant,1740 14TH ST NW ,WASHINGTON,DC,20009,Not Available,38.91391612,-77.03254767
TCHOUGOUE INVESTMENT LLC,Restaurant,107 KENNEDY ST NW ,WASHINGTON,DC,20011,Not Available,38.95681548,-77.01206695
YFE INC.,Restaurant,1230 9TH ST NW ,WASHINGTON,DC,20001,2024150900.0,38.90650112,-77.02422271
TOKYO BAR DUPONT LLC,Restaurant,1301 CONNECTICUT AVE NW ,WASHINGTON,DC,20036,Not Available,38.90764641,-77.04193
Your Only Friend,Restaurant,1114 9TH ST NW ,WASHINGTON,DC,20001,Not Available,38.90480371,-77.0241917
Takara 14,Restaurant,1326 14TH ST NW ,WASHINGTON,DC,20005,Not Available,38.90814434,-77.03236437
"ARP P22DC, LLC",Restaurant,400 MORSE ST NE ,WASHINGTON,DC,20002,Not Available,38.90784164,-76.99951645
"Melee, Inc",Restaurant,403 H ST NE ,WASHINGTON,DC,20002,Not Available,38.89999465,-77.00031679
MR. CHEN'S Inc.,Restaurant,3419 CONNECTICUT AVE NW ,WASHINGTON,DC,20008,Not Available,38.93500813,-77.05769084
Starbucks Corporation,Restaurant,1155 DAHLIA ST NW ,WASHINGTON,DC,20012,Not Available,38.97602035,-77.027561
Thompson Retail Food Group LLC,Restaurant,1205 19TH ST NW ,WASHINGTON,DC,20036,Not Available,38.90598271,-77.043197
Viet Chopsticks DC LLC,Restaurant,4304 CONNECTICUT AVE NW ,WASHINGTON,DC,20008,Not Available,38.94573009,-77.06487119
Lucky LLC,Restaurant,2406 18th ST NW ,WASHINGTON,DC,20009,Not Available,38.92088335,-77.04234242
Momo DC LLC,Restaurant,1633 Q ST NW ,WASHINGTON,DC,20009,Not Available,38.91129428,-77.03806809
Pera Kebap DC,Restaurant,2623 CONNECTICUT AVE NW ,WASHINGTON,DC,20008,Not Available,38.92421727,-77.05154114
SEK HOLDINGS LLC,Restaurant,4700 WISCONSIN AVE NW ,WASHINGTON,DC,20016,Not Available,38.95120616,-77.08112392
The Continent DC,Restaurant,1110 Vermont AVE NW ,WASHINGTON,DC,20005,2029781320.0,38.90432764,-77.03325786
V14 INVESTMENT LLC,Restaurant,2100 14TH ST NW ,WASHINGTON,DC,20009,Not Available,38.91825921,-77.03225423
1141 CONN CONCEPTS CORP.,Restaurant,1141 CONNECTICUT AVE NW ,WASHINGTON,DC,20036,Not Available,38.90517888,-77.04046275
"LUTFAUR HOSPITALITY, LLC",Restaurant,1717 PENNSYLVANIA AVE NW ,WASHINGTON,DC,20006,Not Available,38.89948196,-77.04039957
Apapacho LLC.,Restaurant,1280 4TH ST NE ,WASHINGTON,DC,20002,Not Available,38.90885456,-76.99959174
SeoulSpice,Restaurant,1251 1ST ST SE ,WASHINGTON,DC,20003,Not Available,38.87550992,-77.00610128
SHREE JI ENTERPTISES INC,Restaurant,1990 M ST NW ,WASHINGTON,DC,20036,Not Available,38.90546928,-77.04451573
Trini Vybez,Restaurant,1400 MERIDIAN PL NW ,WASHINGTON,DC,20010,Not Available,38.93335793,-77.03296783
Seasons Culinary Services,Restaurant,500 5TH ST NW ,WASHINGTON,DC,20001,Not Available,38.89654743,-77.01938844
Lula Maes Gardin LLC,Restaurant,107 KENNEDY ST NW ,WASHINGTON,DC,20011,Not Available,38.95681548,-77.01206695
JINGOBELL DC LLC,Restaurant,3501 CONNECTICUT AVE NW ,WASHINGTON,DC,20008,Not Available,38.93567085,-77.0579141
"Olio Dc, LLC",Restaurant,699 14TH ST NW ,WASHINGTON,DC,20005,Not Available,38.89805682,-77.03134396
"Beacon Hotel & Corporate Quarters/TWC DC, LLC",Restaurant,1615 RHODE ISLAND AVE NW ,WASHINGTON,DC,20036,Not Available,38.90701453,-77.03807745
SODEXO@GOOGLE,Restaurant,655 NEW YORK AVE NW ,WASHINGTON,DC,20001,Not Available,38.90346782,-77.02114443
SOFRA,Restaurant,2623 CONNECTICUT AVE NW ,WASHINGTON,DC,20008,Not Available,38.92421727,-77.05154114
Forty Winters LP,Restaurant,1287 4TH ST NE ,WASHINGTON,DC,20002,Not Available,38.90887102,-76.99893639
Her Diner,Restaurant,2004 18TH ST NW ,WASHINGTON,DC,20009,Not Available,38.91721632,-77.04187843
WORKU LLC,Restaurant,2839 GEORGIA AVE NW ,WASHINGTON,DC,20001,Not Available,38.92711105,-77.02269461
MIKEY & MEL'S FAMOUS DELI,Restaurant,1828 L ST NW ,WASHINGTON,DC,20036,Not Available,38.90351226,-77.04293991
"Muni, LLC",Restaurant,1400 14TH ST NW ,WASHINGTON,DC,20005,Not Available,38.90897171,-77.03223181
Tundra LLC,Restaurant,5247 WISCONSIN AVE NW ,WASHINGTON,DC,20015,Not Available,38.95873753,-77.08433697
Akira Ramen & Izakaya,Restaurant,2479 18TH ST NW ,WASHINGTON,DC,20009,Not Available,38.92246187,-77.04236216
Steakfries 1986 Inc,Restaurant,2157 P ST NW ,WASHINGTON,DC,20037,Not Available,38.9098182,-77.0484637
Shinwa Izakaya,Restaurant,11 RIDGE SQ NW ,WASHINGTON,DC,20016,Not Available,38.94106585,-77.07778862
"Diplomatic and Consular Officers, Retired Inc.",Restaurant,1801 F ST NW ,WASHINGTON,DC,20006,Not Available,38.89755926,-77.04198459
SSV INC,Restaurant,4441 WISCONSIN AVE NW ,WASHINGTON,DC,20016,Not Available,38.94766568,-77.0790823
WILLARD RE HOLDINGS LLC,Restaurant,1733 N ST NW ,WASHINGTON,DC,20036,Not Available,38.90744639,-77.03970459
R.I. Associates LLC,Restaurant,1501 RHODE ISLAND AVE NW ,WASHINGTON,DC,20005,Not Available,38.90811603,-77.03497083
"Compass Group USA, Inc.",Restaurant,1900 F ST NW ,WASHINGTON,DC,20052,Not Available,38.89711912,-77.04390646
PENDRY WASHINGTON DC - THE WHARF,Restaurant,655 WATER ST SW ,WASHINGTON,DC,20024,Not Available,38.87749027,-77.02219157
Ginza BBQ Lounge LLC,Restaurant,526 8TH ST SE ,WASHINGTON,DC,20003,Not Available,38.8817379998,-76.9946427216
Insomnia Cookies,Restaurant,1924 8TH ST NW ,WASHINGTON,DC,20001,Not Available,38.91653968,-77.02321325
CURRY & PIE IN GEORGETOWN,Restaurant,1204 34TH ST NW ,WASHINGTON,DC,20007,Not Available,38.90534259,-77.06796518
Easy Company,Restaurant,98 BLAIR ALY SW ,WASHINGTON,DC,20024,Not Available,38.88070671,-77.02651805
BEAT THE BOMB,Restaurant,2005 HECHT AVE NE ,WASHINGTON,DC,20002,Not Available,38.9154164,-76.98329815
Chipotle Mexican Grill of Colorado LLC,Restaurant,3240 PENNSYLVANIA AVE SE ,WASHINGTON,DC,20020,Not Available,38.86952692,-76.95942103
CHICK-FIL-A 7TH STREET DC,Restaurant,707 G ST NW ,WASHINGTON,DC,20001,Not Available,38.89864503,-77.02236496
"Capitol Chicken, Inc.",Restaurant,3301 14TH ST NW ,WASHINGTON,DC,20010,Not Available,38.93065514,-77.03243006
Dc Shawarma & Poutine LLC,Restaurant,3176 BLADENSBURG RD NE ,WASHINGTON,DC,20018,Not Available,38.92942819,-76.96048892
TCR Inc.,Restaurant,1519 17TH ST NW ,WASHINGTON,DC,20036,Not Available,38.91047349,-77.03819782
Habanero Group LLC.,Restaurant,670 RHODE ISLAND AVE NE ,WASHINGTON,DC,20002,Not Available,38.92210939,-76.99691248
FJP FOOD HALL DC INC,Restaurant,623 H ST NW ,WASHINGTON,DC,20001,Not Available,38.90002387,-77.02098789
Yaocho LLC,Restaurant,1835 I ST NW ,WASHINGTON,DC,20006,Not Available,38.90189036,-77.04255976
BUSTOSS INC,Restaurant,1629 CONNECTICUT AVE NW ,WASHINGTON,DC,20009,Not Available,38.91211295,-77.04446245
TWB DC Navy Yard LLC,Restaurant,1250 HALF ST SE ,WASHINGTON,DC,20003,Not Available,38.87536515,-77.00724735
"Compass Group USA, Inc.",Restaurant,4400 MASSACHUSETTS AVE NW ,WASHINGTON,DC,20016,Not Available,38.93908176,-77.08841482
PROSPERITY DC LLC,Restaurant,2020 9TH ST NW ,WASHINGTON,DC,20001,Not Available,38.91760435,-77.02420008
The Cove,Restaurant,25 POTOMAC AVE SE ,WASHINGTON,DC,20003,Not Available,38.87064374,-77.00795671
Succotash F Street LLC,Restaurant,915 F ST NW ,WASHINGTON,DC,20004,Not Available,38.89764589,-77.02473972
527 8th L.L.C.,Restaurant,527 8TH ST SE ,WASHINGTON,DC,20003,Not Available,38.88188946,-76.99534114
james and susan inc.,Restaurant,625 INDIANA AVE NW ,WASHINGTON,DC,20004,Not Available,38.89455382,-77.02074236
Foxtrot Retail DC LLC,Restaurant,1827 ADAMS MILL RD NW ,WASHINGTON,DC,20009,Not Available,38.92341947,-77.04313318
Noaman Kabob LLC - Z-Burger & Maman Joon Kabob,Restaurant,1400 IRVING ST NW ,WASHINGTON,DC,20010,Not Available,38.92852299,-77.03362135
"HOLMAN'S TOWING, LLC",Tow Truck,1239 KENILWORTH AVE NE ,WASHINGTON,DC,20019,Not Available,38.9068322211,-76.9376514012
MURPHY'S AUTO BODY INC,Tow Truck,1708 Marion Barry AVE SE ,WASHINGTON,DC,20020,Not Available,38.86612047,-76.98017942
DUNK TOWING LLC.,Tow Truck,1239 KENILWORTH AVE NE ,WASHINGTON,DC,20019,Not Available,38.9068322211,-76.9376514012
ADVANTAGE WRECKER AND ROADSIDE LLC,Tow Truck,1859 EDWIN ST NE ,WASHINGTON,DC,20018,Not Available,38.91905296,-76.97781971
Tf Towing & Recovery LLC,Tow Truck,1229 KENILWORTH AVE NE ,WASHINGTON,DC,20019,Not Available,38.90679486,-76.9384179
DC EXPRESS TOWING,Tow Truck,2405 22ND ST NE ,WASHINGTON,DC,20018,Not Available,38.92174383,-76.97347004
Apex Towing Service Inc.,Tow Truck,1239 KENILWORTH AVE NE ,WASHINGTON,DC,20019,Not Available,38.9068322211,-76.9376514012
A CERTIFIED TOWING,Tow Truck,1239 KENILWORTH AVE NE ,WASHINGTON,DC,20019,Not Available,38.9068322211,-76.9376514012
"HOLMAN'S TOWING, LLC",Tow Truck Business,1239 KENILWORTH AVE NE ,WASHINGTON,DC,20019,2025828888.0,38.9068322211,-76.9376514012
Metro Motor Towing Inc.,Tow Truck Business,4812 MACARTHUR BLVD NW ,WASHINGTON,DC,20007,Not Available,38.91630015,-77.09608652
YOUNGS TOWING,Tow Truck Business,2120 WEST VIRGINIA AVE NE ,WASHINGTON,DC,20002-1834,Not Available,38.91616788,-76.97988854
Metro Motor Towing & Recovery,Tow Truck Business,1329 KENILWORTH AVE NE ,WASHINGTON,DC,20019,Not Available,38.90818104,-76.93697125
DC EXPRESS TOWING INC,Tow Truck Storage Lot,2405 22ND ST NE ,WASHINGTON,DC,20018,Not Available,38.92174383,-76.97347004
DUNK TOWING LLC,Tow Truck Storage Lot,1239 KENILWORTH AVE NE ,WASHINGTON,DC,20019,Not Available,38.9068322211,-76.9376514012
Alpha Towing & Recovery DBA Delta Towing Service,Tow Truck Storage Lot,1239 KENILWORTH AVE NE ,WASHINGTON,DC,20019,Not Available,38.9068322211,-76.9376514012
Is Wrecker Service LLC DBA I AM Towing,Tow Truck Storage Lot,1708 GOOD HOPE RD SE ,WASHINGTON,DC,20020,Not Available,38.8661208,-76.98017942
C&F TOWING SERVICE LLC,Tow Truck Storage Lot,1239 KENILWORTH AVE NE ,WASHINGTON,DC,20019,Not Available,38.9068322211,-76.9376514012
All Metro Motor LLC,Tow Truck Storage Lot,1329 KENILWORTH AVE NE ,WASHINGTON,DC,20019,Not Available,38.90818104,-76.93697125
ANACOSTIA FOOD AND FUEL LLC.,Gasoline Dealer,2305 PENNSYLVANIA AVE SE ,WASHINGTON,DC,20020,Not Available,38.87411061,-76.97331166
DDS/RSA RANDOLPH-SHEPPARD VENDING FACILTIY PROGRAM,Delicatessen,441 G ST NW ,WASHINGTON,DC,20548,Not Available,38.89901948,-77.01741252
DDS/RSA RANDOPH SHEPPARD VENDING FACILITY PROGRAM (RSVFP),Delicatessen,100 F ST NE ,WASHINGTON,DC,20549,Not Available,38.89754394,-77.0041794
EZRA S INC,Delicatessen,6221 DIX ST NE ,WASHINGTON,DC,20019,Not Available,38.89414638,-76.91135603
CAPITOL FINE WINE & SPIRITS INC.,Food Products,415 H ST NE ,WASHINGTON,DC,20002,2025444401.0,38.90000023,-76.9999668
HOLIDAY FAMILY LIQUORS INC,Food Products,3505 WHEELER RD SE ,WASHINGTON,DC,20032,2025618400.0,38.83928712,-76.99412263
SEYMOURS LIQUORS,Food Products,5579 5581 CENTRAL AVE SE ,WASHINGTON,DC,20019,Not Available,38.88558448,-76.91903875
"Virginia Market, LLC",Food Products,1776 U ST NW ,WASHINGTON,DC,20009,Not Available,38.9167676,-77.04115552
TEXAS CONVENIENCE STRORE INC,Grocery Store,4350 TEXAS AVE SE ,WASHINGTON,DC,20019,Not Available,38.88336457,-76.94216847
MENICKS MARKET,Grocery Store,4401 NANNIE HELEN BURROUG AVE NE ,WASHINGTON,DC,20019,Not Available,38.90030776,-76.93893074
NAI Saturn Eastern LLC,Grocery Store,3830 GEORGIA AVE NW ,WASHINGTON,DC,20011,Not Available,38.93844891,-77.02485654
DC FOOD MARKET,Grocery Store,2200 16TH ST SE ,WASHINGTON,DC,20020,Not Available,38.86345927,-76.98244902
BE2 LLC.,Grocery Store,4600 SHERIFF RD NE ,WASHINGTON,DC,20019,2023913580.0,38.90298581,-76.93647526
ZARE LLC,Grocery Store,3715 GEORGIA AVE NW ,WASHINGTON,DC,20010,Not Available,38.93722563,-77.02421492
The Cribline,Bed and Breakfast,607 MASSACHUSETTS AVE NE ,WASHINGTON,DC,20002,Not Available,38.8926829,-76.99807499
"1337 TAYLOR STREET, LLC",Bed and Breakfast,1337 TAYLOR ST NW ,WASHINGTON,DC,20011,Not Available,38.9410099328,-77.031129492
MASSAWA LLC,Bed and Breakfast,1846 MARYLAND AVE NE ,WASHINGTON,DC,20002,Not Available,38.90325007,-76.97652177
VersaWork Leasing,Bed and Breakfast,1042 BUCHANAN ST NE ,WASHINGTON,DC,20017,Not Available,38.94647156,-76.99111278
CAPITOL SQUARE LLC,Bed and Breakfast,1257 K ST SE ,WASHINGTON,DC,20003,Not Available,38.87824201,-76.98853848
SOPHIE DC INCORPORATED,Bed and Breakfast,NE ,WASHINGTON,DC,20002,Not Available,0.0,0.0
WASHINGTON PLAZA HOTEL,Hotel,10 THOMAS CIR NW ,WASHINGTON,DC,20005,2023421054.0,38.90625807,-77.03084777
MPE HOTEL I (WASHINGTON) LLC,Hotel,1150 22ND ST NW ,WASHINGTON,DC,20039,2029746701.0,38.90451879,-77.04906987
"LANDMARK HOLDINGS, INC.",Hotel,1201 13TH ST NW ,WASHINGTON,DC,20005,Not Available,38.90590503,-77.0293494
CITYMARKET HOTEL DEVELOPMENT LLC,Hotel,899 O ST NW ,WASHINGTON,DC,20001,Not Available,38.90874682,-77.0237179
ST. GREGORY LUXURY HOTEL & SUITES,Hotel,2033 M ST NW ,WASHINGTON,DC,20036,2152381046.0,38.90590523,-77.04628192
MARRIOTT RESORTS HOSPITALITY CORPORATION,Hotel,1127 CONNECTICUT AVE NW ,WASHINGTON,DC,20036,4072066408.0,38.90444225,-77.03946658
HYATT PLACE WASHINGTON DC/US CAPITOL,Hotel,33 NEW YORK AVE NE ,WASHINGTON,DC,20002,2022895599.0,38.90748324,-77.00777059
Homewood Suites DC Convention Center,Hotel,465 NEW YORK AVE NW ,WASHINGTON,DC,20001,Not Available,38.90437698,-77.01829106
NW DC OPERATING LLC DBA THE DARCY HOTEL,Hotel,1515 RHODE ISLAND AVE NW ,WASHINGTON,DC,20005,Not Available,38.90793588,-77.03550733
Crescent Hotels & Resorts,Hotel,2015 MASSACHUSETTS AVE NW ,WASHINGTON,DC,20036,Not Available,38.91072484,-77.0456901
CCMH DC LLC,Hotel,1331 PENNSYLVANIA AVE NW ,WASHINGTON,DC,20004,Not Available,38.89636772,-77.0313718
MHF 2nd Noma Operating Tenant LLC c/o Flaherty & O'Hara,Hotel,1325 2ND ST NE ,WASHINGTON,DC,20002,Not Available,38.90779656,-77.00316368
Pendry Washington DC - The Wharf,Hotel,655 WATER ST SW ,WASHINGTON,DC,20024,Not Available,38.87749027,-77.02219157
Solo Investment Group LLC,Hotel,759 18TH ST NE ,WASHINGTON,DC,20002,Not Available,38.89933091,-76.97736818
EAHG DC TRS LLC,Hotel,1 WASHINGTON CIR NW ,WASHINGTON,DC,20037,Not Available,38.90339824,-77.04977212
DC CAP HOTELIER LLC.,Hotel,1200 16TH ST NW ,WASHINGTON,DC,20036,2024482300.0,38.9059935176,-77.0369797866
SHARCON HOSPITALITY OF DC FOUR LLC.,Hotel,2305 NEW YORK AVE NE ,WASHINGTON,DC,20002,7035564000.0,38.91683443,-76.97148866
DC LOFTY LLC,Inn And Motel,1335 11TH ST NW ,WASHINGTON,DC,20001,Not Available,38.90836396,-77.02677979
IVY CITY LODGING LLC,Inn And Motel,1615 NEW YORK AVE NE ,WASHINGTON,DC,20002,Not Available,38.91665521,-76.98047118
Sonder Hospitality USA Inc.,Inn And Motel,1627 16TH ST NW ,WASHINGTON,DC,20009,Not Available,38.9122317,-77.03605
44 WASHINGTON ASSOCIATES LLC,Inn And Motel,1600 NEW YORK AVE NE ,WASHINGTON,DC,20002,2028323200.0,38.91742516,-76.97997156
U-HAUL CO OF DISTRICT OF COLUMBIA,Auto Rental,2215 5TH ST NE ,WASHINGTON,DC,20002,2022691200.0,38.91955088,-76.99894177
Unknown,Auto Rental,1100 4TH ST SW ,WASHINGTON,DC,20024,Not Available,38.87761406,-77.01715952
ENTERPRISE RAC COMPANY OF MARYLAND LLC,Auto Rental,50 MASSACHUSETTS AVE NW ,WASHINGTON,DC,20002,Not Available,38.8979589975,-77.0110402713
"Mi Vida 14th Street, LLC.",Restaurant,1901 14TH ST NW ,WASHINGTON,DC,20009,Not Available,38.9157449,-77.03157312
Miramar,Restaurant,1033 31ST ST NW ,WASHINGTON,DC,20007,Not Available,38.9035297,-77.06092468
"Meta Platforms, Inc.",Restaurant,575 7TH ST NW ,WASHINGTON,DC,20004,Not Available,38.89703801,-77.02150887
Morrow DC,Restaurant,222 M ST NE ,WASHINGTON,DC,20002,Not Available,38.90590988,-77.00288713
Flavorture,Restaurant,2609 24TH ST NW ,WASHINGTON,DC,20008,Not Available,38.92387474,-77.05235471
shanghailounge,Restaurant,1734 WISCONSIN AVE NW ,WASHINGTON,DC,20007,Not Available,38.91455833,-77.06730392
TCM & CO LLC,Restaurant,2325 18TH ST NW ,WASHINGTON,DC,20009,Not Available,38.92037664,-77.04158289
WABBIT LLC,Restaurant,1121 NEW HAMPSHIRE AVE NW ,WASHINGTON,DC,20037,Not Available,38.90430332,-77.04795176
NOAH NAOL DC LLC,Restaurant,1909 9TH ST NW ,WASHINGTON,DC,20001,Not Available,38.91605145,-77.02369508
Royal Sands Social Club c/o Mission Group,Restaurant,26 N ST SE ,WASHINGTON,DC,20003,Not Available,38.87480758,-77.00798506
54 Restaurant DC LLC,Restaurant,1990 M ST NW ,WASHINGTON,DC,20036,Not Available,38.90546928,-77.04451573
HP ACDC Hotel LP,Restaurant,1330 MARYLAND AVE SW ,WASHINGTON,DC,20024,Not Available,38.88360211,-77.03044887
Bartaco Wharf LLC.,Restaurant,645 WHARF ST SW ,WASHINGTON,DC,20024,Not Available,38.87708407,-77.02226785
"Compass Group USA, Inc.",Restaurant,616 23RD ST NW ,WASHINGTON,DC,20037,Not Available,38.89793869,-77.05040372
Bazaar Penn LLC,Restaurant,1100 PENNSYLVANIA AVE NW ,WASHINGTON,DC,20004,Not Available,38.89412373,-77.02757271
City Tap 1250 DC LLC,Restaurant,1250 CONNECTICUT AVE NW ,WASHINGTON,DC,20036,Not Available,38.9068999298,-77.0423123314
Obelisk Inc,Restaurant,2029 P ST NW ,WASHINGTON,DC,20036,Not Available,38.90983404,-77.04626833
DCity Smokehouse SE,Restaurant,1301 Marion Barry AVE SE ,WASHINGTON,DC,20020,Not Available,38.86685327,-76.9869747
GMG ii Restaurants C/O 1065 31st ST NW,Restaurant,708 7TH ST NW ,WASHINGTON,DC,20001,Not Available,38.89884851,-77.02217504
Hospitality Guru Conn Ave LLC DBA OPAL,Restaurant,5534 CONNECTICUT AVE NW ,WASHINGTON,DC,20015,Not Available,38.96423391,-77.07561973
Unknown,Restaurant,3310 14TH ST NW ,WASHINGTON,DC,20010,Not Available,38.93065977,-77.03296393
Omni Shoreham Corporation,Restaurant,2500 CALVERT ST NW ,WASHINGTON,DC,20008,Not Available,38.92262375,-77.05381823
LAST WALTZ LLC,Restaurant,1835 I ST NW ,WASHINGTON,DC,20006,Not Available,38.90189036,-77.04255976
Luam Mit LLC,Restaurant,1604 7TH ST NW ,WASHINGTON,DC,20001,Not Available,38.91138712,-77.02215784
Hilltop Taproom,Restaurant,3700 O ST NW ,WASHINGTON,DC,20057,Not Available,38.90750247,-77.07273891
National Union Building,Restaurant,918 F ST NW ,WASHINGTON,DC,20004,Not Available,38.89699707,-77.02491115
PERKINS MANAGEMENT SERVICES COMPANY OF MARYLAND INC,Restaurant,4200 CONNECTICUT AVE NW ,WASHINGTON,DC,20008,Not Available,38.9441205,-77.06440497
ZINGO PIZZERIA LLC.,Restaurant,1932 9TH ST NW ,WASHINGTON,DC,20001,Not Available,38.91650481,-77.02427673
East West Tenley Town LLC,Restaurant,4619 41ST ST NW ,WASHINGTON,DC,20016,Not Available,38.95022082,-77.08001254
ESTRADA'S LLC,Restaurant,3201 MOUNT PLEASANT ST NW ,WASHINGTON,DC,20010,Not Available,38.93127529,-77.03812719
Mezeh-Dakota Crossing LLC,Restaurant,2490 MARKET ST NE ,WASHINGTON,DC,20018,Not Available,38.9219258598,-76.9523705785
BURRITO BROTHERS OF CAPITOL HILL,Restaurant,205 PENNSYLVANIA AVE SE ,WASHINGTON,DC,20003-1164,Not Available,38.88723229,-77.00321452
ROMYO LLC.,Restaurant,1907 9TH ST NW ,WASHINGTON,DC,20001,Not Available,38.91598424,-77.02371639
FETA,Restaurant,2805 M ST NW ,WASHINGTON,DC,20007,Not Available,38.90548083,-77.05728581
"1299 STADIUM, LLC",Restaurant,1299 1ST ST SE ,WASHINGTON,DC,20003,Not Available,38.87486867,-77.00617659
Farm to Feast,Restaurant,821 UPSHUR ST NW ,WASHINGTON,DC,20011,Not Available,38.94220766,-77.02422458
Chief,Restaurant,1401 K ST NW ,WASHINGTON,DC,20005,Not Available,38.90292438,-77.03231404
Voodoo DC,Restaurant,1334 U ST NW ,WASHINGTON,DC,20009,Not Available,38.91679876,-77.03098574
One Market L.L.C.,Restaurant,1835 I ST NW ,WASHINGTON,DC,20006,Not Available,38.90189036,-77.04255976
"Compass Group USA, Inc.",Restaurant,4001 NEBRASKA AVE NW ,WASHINGTON,DC,20016,Not Available,38.94027281,-77.08076025
D.C. GEM FOODHALL INC.,Restaurant,1147 20TH ST NW ,WASHINGTON,DC,20036,Not Available,38.90515668,-77.04454931
SeoulSpice,Restaurant,439 7TH ST NW ,WASHINGTON,DC,20004,Not Available,38.89587464,-77.0216729
Hampton Inn & Suites Washington DC Naval Yard,Restaurant,1265 1ST ST SE ,WASHINGTON,DC,20003,Not Available,38.87498722,-77.00618847
"DMA on behalf of TB Cantina, LLC",Restaurant,808 7TH ST NW ,WASHINGTON,DC,20001,Not Available,38.90024801,-77.02219923
Sol Mexican Grill Five LLC,Restaurant,1200 19TH ST NW ,WASHINGTON,DC,20036,Not Available,38.90610705,-77.04386876
KENYNUR INC,Restaurant,831 KENNEDY ST NW ,WASHINGTON,DC,20011,Not Available,38.95649728,-77.02534475
Dog Daze,Restaurant,1100 RHODE ISLAND AVE NW ,WASHINGTON,DC,20005,Not Available,38.91003999,-77.02736106
DBB DuPont LLC,Restaurant,1718 CONNECTICUT AVE NW ,WASHINGTON,DC,20009,Not Available,38.91319088,-77.04589669
EAST END LLC,Restaurant,1600 U ST NW ,WASHINGTON,DC,20009,Not Available,38.91684762,-77.03703765
Afshari Management LLC,Restaurant,750 17TH ST NW ,WASHINGTON,DC,20006,Not Available,38.89977346,-77.03982471
LAS DELICIAS RESTAURANT & CATERING LLC,Restaurant,3548 14TH ST NW ,WASHINGTON,DC,20010,Not Available,38.93576079,-77.03304334
"FEC Enterprises, LLC # 20860",Restaurant,400 C ST SW ,WASHINGTON,DC,20024,Not Available,38.88582526,-77.01799585
Donohoe Hospitality Services,Restaurant,550 C ST SW ,WASHINGTON,DC,20024,Not Available,38.88563338,-77.01962648
san atonio bar and grill,Restaurant,3908 12TH ST NE ,WASHINGTON,DC,20017,Not Available,38.937573,-76.99079415
Menin Hospitality,Restaurant,2127 I ST NW ,WASHINGTON,DC,20037,Not Available,38.90092871,-77.04733619
"DuCharme, McMillen & Associates",Restaurant,1412 U ST NW ,WASHINGTON,DC,20009,Not Available,38.91683554,-77.03253528
LUCKY CORNER STORE,Grocery Store,5415 GEORGIA AVE NW ,WASHINGTON,DC,20011,Not Available,38.9556751014,-77.0276967734
NEWDAY TOBACCO AND GROCERY LLC,Grocery Store,802 H ST NW ,WASHINGTON,DC,20001,Not Available,38.89963525,-77.02321144
MY 3 SON'S UNISEX,Barber Shop,3125 MARTIN LUTHER KING J AVE SE ,WASHINGTON,DC,20032,2025610396.0,38.84334765,-77.00018914
MYE NAILS & SPA,Beauty Shop Nails,1744 COLUMBIA RD NW ,WASHINGTON,DC,20009,Not Available,38.92383145,-77.04047368
District Nails Spa LLC,Beauty Shop Nails,401 H ST NE ,WASHINGTON,DC,20002,Not Available,38.90002455,-77.00039034
YAVUZLAR LLC.,Beauty Shop,2715 M ST NW ,WASHINGTON,DC,20007,Not Available,38.90540498,-77.05655838
STAR NAILS,Beauty Shop Nails,2600 VIRGINIA AVE NW ,WASHINGTON,DC,20037,5714388580.0,38.8996441,-77.0554946
Q NAILS TWO INC.,Beauty Shop Nails,1774 COLUMBIA RD NW ,WASHINGTON,DC,20009,Not Available,38.92339689,-77.04123858
Q NAILS 1 INC.,Beauty Shop Nails,6216 GEORGIA AVE NW ,WASHINGTON,DC,20011,Not Available,38.96550456,-77.02791995
Georgetown Beauty Bar,Beauty Shop Nails,1800 WISCONSIN AVE NW ,WASHINGTON,DC,20007,Not Available,38.91477248,-77.06746912
VANNESS NAILS & SPA LLC,Beauty Shop Nails,4215 CONNECTICUT AVE NW ,WASHINGTON,DC,20008,Not Available,38.94363794,-77.0628422
V NAILS & SPA,Beauty Shop Nails,1452 PARK RD NW ,WASHINGTON,DC,20010,Not Available,38.93068062,-77.03438748
BEAUTY SHOP NAIL SALON,Beauty Shop Nails,3941 MINNESOTA AVE NE ,WASHINGTON,DC,20019,Not Available,38.89478458,-76.94913833
EQUINOX SPORTS CLUB,Restaurant,1170 22ND ST NW ,WASHINGTON,DC,20037,Not Available,38.90482902,-77.04910351
URBAN ADVENTURES  AT GALLERY PLACE LLC,Health Spa,601 F ST NW ,WASHINGTON,DC,20004,2023938432.0,38.8980785153,-77.0209572291
BAILEY C RIZER LLC.,Health Spa,4011 9TH ST NW ,WASHINGTON,DC,20011,Not Available,38.94016196,-77.02470303
Solidcore,Health Spa,1706 COLUMBIA RD NW ,WASHINGTON,DC,20009,Not Available,38.92449012,-77.03954917
The Liaison Capitol Hill,Hotel,415 NEW JERSEY AVE NW ,WASHINGTON,DC,20001,Not Available,38.89538998,-77.01068375
The District Barber Co.,Barber Shop,3906 12TH ST NE ,WASHINGTON,DC,20017,Not Available,38.93752748,-76.99075125
YAVUZLAR LLC.,Beauty Shop,2715 M ST NW ,WASHINGTON,DC,20007,Not Available,38.90540498,-77.05655838
C Alan Systems LLC.,Beauty Shop,923 U ST NW ,WASHINGTON,DC,20001,Not Available,38.91718397,-77.02489352
MINSKY'S HAIR EMPORIUM INCORPORATED,Beauty Shop,4801 WISCONSIN AVE NW ,WASHINGTON,DC,20016,2023626658.0,38.9523899,-77.08104555
SHAHIN INC.,Beauty Shop,5145 MACARTHUR BLVD NW ,WASHINGTON,DC,20016,2029666050.0,38.92598758,-77.10207728
MANUEL SALON ,Beauty Shop,3256 JONES CT NW ,WASHINGTON,DC,20007,2029650484.0,38.91039541,-77.06537796
TRIM SALON,Beauty Shop,2700 ONTARIO RD NW ,WASHINGTON,DC,20009,2024626080.0,38.92437529,-77.04043927
Scissors and Scotch NoMa LLC,Barber Shop,331 N ST NE ,WASHINGTON,DC,20002,Not Available,38.90708028,-77.00101412
"STYLEZ AT THE HAIR FAKTERE, LLC",Beauty Shop,1245 D ST NE ,WASHINGTON,DC,20002,2026381751.0,38.89467249,-76.98863532
YAVUZLAR LLC.,Beauty Shop,2715 M ST NW ,WASHINGTON,DC,20007,Not Available,38.90540498,-77.05655838
B&C HAIR STYLE LLC.,Beauty Shop,1811 18TH ST NW ,WASHINGTON,DC,20009,Not Available,38.914571,-77.0414348
AZZIZA COMPANY NHBS LLC.,Beauty Shop,1805 BENNING RD NE ,WASHINGTON,DC,20002,Not Available,38.8988447,-76.97740257
SALON MACOMB L.L.C.,Beauty Shop,3716 MACOMB ST NW ,WASHINGTON,DC,20016,Not Available,38.93328995,-77.07318273
"HHLP GEORGETOWN LESSEE, LLC.",Beauty Shop,3100 SOUTH ST NW ,WASHINGTON,DC,20007,Not Available,38.90321244,-77.06170167
TRACY HAIR & NAILS CORP.,Beauty Shop,428 8TH ST SE ,WASHINGTON,DC,20003,2025464887.0,38.8829342,-76.99468816
OULEY HAIR GALLERY LLC.,Beauty Shop,834 UPSHUR ST NW ,WASHINGTON,DC,20011,Not Available,38.94172029,-77.0247511
DOGAN BEAUTY SALON LLC,Beauty Shop,780 MAINE AVE SW ,WASHINGTON,DC,20024,2407504512.0,38.87933491,-77.0240609
LAST TANGLE IN WASHINGTON LLC,Beauty Shop,1146 19TH ST NW ,WASHINGTON,DC,20036,Not Available,38.90512082,-77.04384129
UNISEX BEAUTY SHOP,Beauty Shop,7716 GEORGIA AVE NW ,WASHINGTON,DC,20012,Not Available,38.98327347,-77.02679929
Aurora Salon,Beauty Shop,315 H ST NE ,WASHINGTON,DC,20002,Not Available,38.8999698919,-77.0012630283
Combplete Hair LLC,Beauty Shop,4545 42ND ST NW ,WASHINGTON,DC,20016,Not Available,38.94924967,-77.08175191
C Alan Systems LLC.,Beauty Shop,923 U ST NW ,WASHINGTON,DC,20001,Not Available,38.91718397,-77.02489352
CL BEAUTY STUDIO LLC,Beauty Shop,1635 R ST NW ,WASHINGTON,DC,20009,Not Available,38.91283338,-77.03799707
TWIST IT SISTA AT 329 LLC,Beauty Shop,329 ADAMS ST NE ,WASHINGTON,DC,20002,Not Available,38.92007273,-77.0010516671
SKYLAND NAIL SALON & SPA LLC.,Beauty Shop,2203 TOWN CENTER DR SE ,WASHINGTON,DC,20020,Not Available,38.86172865,-76.96886222
Unknown,Beauty Shop,2201 CHANNING ST NE ,WASHINGTON,DC,20018,Not Available,38.9221509,-76.97391017
Campbell and Company,Beauty Shop,5011 H ST SE ,WASHINGTON,DC,20019,Not Available,38.87842438,-76.9309247
GENTS,Beauty Shop,1745 L ST NW ,WASHINGTON,DC,20036,Not Available,38.90392552,-77.04105992
Wax Union Market LLC.,Beauty Shop,300 MORSE ST NE ,WASHINGTON,DC,20002,Not Available,38.90899572,-77.00088778
Luxie Spa,Beauty Shop,403 8TH ST NE ,WASHINGTON,DC,20002,Not Available,38.8951119,-76.99474489
JEKU INC,Beauty Shop,1025 THOMAS JEFFERSON ST NW ,WASHINGTON,DC,20007,Not Available,38.90317071,-77.05983468
Wax Capitol Riverfront LLC,Beauty Shop,1221 VAN ST SE ,WASHINGTON,DC,20003,Not Available,38.8750281,-77.00839339
Spa Logic DC,Beauty Shop,1721 CONNECTICUT AVE NW ,WASHINGTON,DC,20009,Not Available,38.91328393,-77.04522315
LaserAway,Beauty Shop Electrology,3318 WISCONSIN AVE NW ,WASHINGTON,DC,20016,Not Available,38.93429826,-77.07272
Unknown,Beauty Shop Esthetics,1633 CONNECTICUT AVE NW ,WASHINGTON,DC,20009,Not Available,38.91217021,-77.04455888
District X Lashes,Beauty Shop Esthetics,3128 M ST NW ,WASHINGTON,DC,20007,Not Available,38.90496357,-77.06204906
MONGOLIAN SISTERS,Beauty Shop Esthetics,1010 WISCONSIN AVE NW ,WASHINGTON,DC,20007,Not Available,38.90307525,-77.06304199
UNCLE CHIP'S,Bakery,1514 NORTH CAPITOL ST NW ,WASHINGTON,DC,20002,Not Available,38.91010887,-77.00939231
COSTCO WHOLESALE CORPORATION,Bakery,2441 MARKET ST NE ,WASHINGTON,DC,20018,Not Available,38.92039164,-76.95038922
Insomnia Cookies,Bakery,2318 18TH ST NW ,WASHINGTON,DC,20009,Not Available,38.92027674,-77.04213899
Captain Cookie,Bakery,3411 CONNECTICUT AVE NW ,WASHINGTON,DC,20008,Not Available,38.93483689,-77.05765979
Insomnia Cookies,Restaurant,1924 8TH ST NW ,WASHINGTON,DC,20001,Not Available,38.91653968,-77.02321325
VIPS CATERING INC,Caterers,1750 PENNSYLVANIA AVE NW ,WASHINGTON,DC,20006,2023313354.0,38.8989377,-77.04076078
Dog Tag Inc.,Caterers,3206 GRACE ST NW ,WASHINGTON,DC,20007,Not Available,38.9038571,-77.06317515
IMA PIZZA LLC,Caterers,3160 BLADENSBURG RD NE ,WASHINGTON,DC,20018,Not Available,38.92936286,-76.9612198
MESISAM THE ETHOPIAN EATERY,Caterers,2800 10TH ST NE ,WASHINGTON,DC,20017,Not Available,38.92581574,-76.99276286
"Monte's Sweet Sorrels, LLC.",Caterers,2800 10TH ST NE ,WASHINGTON,DC,20017,Not Available,38.92581574,-76.99276286
UNIVERSITY OF THE DISTRICT OF COLUMBIA (UDC),Caterers,4200 CONNECTICUT AVE NW ,WASHINGTON,DC,20008,Not Available,38.9441205,-77.06440497
Grass Fed Griddle,Caterers,2410 T ST NE ,WASHINGTON,DC,20002,Not Available,38.91573164,-76.97154514
"Harmonious Kitchen, LLC",Caterers,3607 GEORGIA AVE NW ,WASHINGTON,DC,20010,Not Available,38.93478077,-77.02379772
GreenIsland Bakery,Caterers,1369 NEW YORK AVE NE ,WASHINGTON,DC,20002,Not Available,38.91529142,-76.98528226
Chloetilde LLC.,Caterers,703 EDGEWOOD ST NE ,WASHINGTON,DC,20017,Not Available,38.9250448,-76.99582567
Ritz Carlton,Caterers,1190 22ND ST NW ,WASHINGTON,DC,20037,Not Available,38.90489543,-77.04906309
Green Fish LLC dba Fight Juice,Caterers,2619 EVARTS ST NE ,WASHINGTON,DC,20018,Not Available,38.92408834,-76.96885368
Timber Pizza Co - Commissary,Caterers,2000 5TH ST NE ,WASHINGTON,DC,20002,Not Available,38.91713131,-76.9998403
Under The Tree,Caterers,1369 NEW YORK AVE NE ,WASHINGTON,DC,20002,Not Available,38.91529142,-76.98528226
Taqueria Los Ramos Limited Liability Company,Caterers,1369 NEW YORK AVE NE ,WASHINGTON,DC,20002,Not Available,38.91529142,-76.98528226
Thirsty Nomad LLC,Caterers,703 EDGEWOOD ST NE ,WASHINGTON,DC,20017,Not Available,38.9250448,-76.99582567
Robert Pierce LLC,Caterers,703 EDGEWOOD ST NE ,WASHINGTON,DC,20017,Not Available,38.9250448,-76.99582567
Metz CATERING PA LLC,Caterers,1775 MASSACHUSETTS AVE NW ,WASHINGTON,DC,20036,Not Available,38.90912465,-77.04090761
ANA'S WHOLESALE INC,Caterers,1361 NEW YORK AVE NE ,WASHINGTON,DC,20002,Not Available,38.91515406,-76.98541051
Noma Deli Cafe L.L.C.,Restaurant,1300 2ND ST NE ,WASHINGTON,DC,20002,Not Available,38.90787077,-77.00365945
"E & C Mid-Atlantic Ventures, LLC",Gasoline Dealer,1442 U ST NW ,WASHINGTON,DC,20009,Not Available,38.9167263698,-77.033859902
WAGSHAL'S DELI & LIQUOR,Delicatessen,4855 MASSACHUSETTS AVE NW ,WASHINGTON,DC,20016,2023631926.0,38.9460661,-77.09605697
DOMINO'S PIZZA #4331,Delicatessen,4539 WISCONSIN AVE NW ,WASHINGTON,DC,20016,7036845000.0,38.94902217,-77.07997993
BEDROCK BILLIARDS INC.,Delicatessen,1841 COLUMBIA RD NW ,WASHINGTON,DC,20009,2023321250.0,38.92148816,-77.04383394
Unknown,Delicatessen,1641 WISCONSIN AVE NW ,WASHINGTON,DC,20007,2023371000.0,38.91150991,-77.06523901
Unknown,Delicatessen,1841 14TH ST NW ,WASHINGTON,DC,20009,2023870025.0,38.91527598,-77.03169698
G W DELICATESSEN INC,Delicatessen,2133 G ST NW ,WASHINGTON,DC,20037,2023319391.0,38.89853643,-77.04826963
OASIS INC,Delicatessen,2024 P ST NW ,WASHINGTON,DC,20036,9999999999.0,38.90943084,-77.04600634
CALVERT WOODLEY LIQUOR,Delicatessen,4339 CONNECTICUT AVE NW ,WASHINGTON,DC,20018,3016861600.0,38.9451418,-77.06368319
PRESTER JOHN'S CORPORATION,Delicatessen,1236 36TH ST NW ,WASHINGTON,DC,20007,2023338254.0,38.90632621,-77.07041227
STAR VENDING,Delicatessen,1107 MARION BARRY AVE SE ,WASHINGTON,DC,20020,2025601700.0,38.86763402,-76.98964258
CHEUNG & LAM INC,Delicatessen,4512 BENNING RD SE ,WASHINGTON,DC,20019,2025814308.0,38.88940171,-76.93672423
THE MARKET,Delicatessen,400 NEW JERSEY AVE NW ,WASHINGTON,DC,20001,7863882575.0,38.89521815,-77.01144269
ARAMARK ENTERTAINMENT LLC,Delicatessen,601 F ST NW ,WASHINGTON,DC,20004,2026615155.0,38.8980785153,-77.0209572291
ARAMARK ENTERTAINMENT LLC,Delicatessen,601 F ST NW ,WASHINGTON,DC,20004,2026615155.0,38.8980785153,-77.0209572291
ARAMARK ENTERTAINMENT LLC,Delicatessen,601 F ST NW ,WASHINGTON,DC,20004,2026615155.0,38.8980785153,-77.0209572291
ARAMARK ENTERTAINMENT LLC,Delicatessen,601 F ST NW ,WASHINGTON,DC,20004,2026615155.0,38.8980785153,-77.0209572291
SUBWAY,Delicatessen,4518 BENNING RD SE ,WASHINGTON,DC,20019,2024975812.0,38.88924455,-76.93667042
CAPITOL VIEW MARKET,Delicatessen,4920 CENTRAL AVE NE ,WASHINGTON,DC,20019,2023984924.0,38.89062502,-76.93192263
URBAN ADVENTURES COMPANIES INC.,Delicatessen,1612 U ST NW ,WASHINGTON,DC,20009,2029392562.0,38.91673546,-77.0376357
YES ORGANIC MARKET #9,Delicatessen,410 8TH ST SE ,WASHINGTON,DC,20003,Not Available,38.88338281,-76.99466127
DDS/RSA RANDOLPH-SHEPPARD VENDING FACILTIY PROGRAM,Delicatessen,441 G ST NW ,WASHINGTON,DC,20548,Not Available,38.89901948,-77.01741252
DDS/RSA RANDOLPH-SHEPPARD VENDING FACILITY ( RSVFP),Delicatessen,441 4TH ST NW ,WASHINGTON,DC,20001,Not Available,38.89544638,-77.0156446
SJ ZHANG LLC,Delicatessen,2277 SAVANNAH ST SE ,WASHINGTON,DC,20020,Not Available,38.84770425,-76.97149611
"RITO LOCO, L.L.C.",Delicatessen,606 FLORIDA AVE NW ,WASHINGTON,DC,20001,7037320000.0,38.91538031,-77.02030287
Unknown,Delicatessen,3738 10TH ST NE ,WASHINGTON,DC,20017,Not Available,38.93650185,-76.99391403
BAKED & WIRED INC.,Delicatessen,1052 THOMAS JEFFERSON ST NW ,WASHINGTON,DC,20007,2023335506.0,38.9039597199,-77.0603046771
COMPASS COFFEE LLC.,Delicatessen,1776 I ST NW ,WASHINGTON,DC,20006,Not Available,38.90109076,-77.04136287
DUNKIN DONUTS 1101,Delicatessen,1101 14TH ST NW ,WASHINGTON,DC,20005,Not Available,38.9040356932,-77.031588575
PEET'S COFFEE INC.,Delicatessen,2121 H ST NW ,WASHINGTON,DC,20052,Not Available,38.90000598,-77.04778967
LA COLOMBE TORREFACTION INC.,Delicatessen,924 RR N ST NW ,WASHINGTON,DC,20001,Not Available,38.90701157,-77.02492433
CASEYS COFFEE FIRST STREET LLC,Delicatessen,750 1ST ST NE ,WASHINGTON,DC,20002,Not Available,38.89989336,-77.00744259
"PITANGO SEI, LLC.",Delicatessen,1841 COLUMBIA RD NW ,WASHINGTON,DC,20009,Not Available,38.92148816,-77.04383394
ANTOJITOS CECIBEL LLC.,Delicatessen,1458 PARK RD NW ,WASHINGTON,DC,20010,2029574558.0,38.93073021,-77.03454747
ARYA FOOD INC.,Delicatessen,1300 PENNSYLVANIA AVE NW ,WASHINGTON,DC,20004,Not Available,38.89493993,-77.03021187
TOASTIQUE L.L.C.,Delicatessen,764 MAINE AVE SW ,WASHINGTON,DC,20024,Not Available,38.87924232,-77.02395553
LEVY @ DC UNITED - ROOFTOP BAR,Delicatessen,100 POTOMAC AVE SW ,WASHINGTON,DC,20024,Not Available,38.86906896,-77.01238121
LEVY @ DC UNITED - EAGLE BANK BAR,Delicatessen,100 POTOMAC AVE SW ,WASHINGTON,DC,20024,Not Available,38.86906896,-77.01238121
STARBUCKS CORPORATION,Delicatessen,625 H ST NE ,WASHINGTON,DC,20002,Not Available,38.89994444,-76.99738806
Khalil and Hamoudi DC-003 LLC,Delicatessen,425 I ST NW ,WASHINGTON,DC,20001,Not Available,38.9016618,-77.01690199
"WAWA, INC.",Delicatessen,1222 WISCONSIN AVE NW ,WASHINGTON,DC,20007,Not Available,38.90586407,-77.06318431
PANERA BREAD LLC,Delicatessen,1300 PENNSYLVANIA AVE NW ,WASHINGTON,DC,20004,Not Available,38.89493993,-77.03021187
Unknown,Delicatessen,409 15TH ST NE ,WASHINGTON,DC,20002,Not Available,38.89527974,-76.98333641
SOUVLAKI DUPONT LLC,Delicatessen,1917 18TH ST NW ,WASHINGTON,DC,20009,Not Available,38.91608234,-77.0414193
Dia Corporation Inc,Delicatessen,1990 K ST NW ,WASHINGTON,DC,20006,Not Available,38.90218491,-77.04454792
"GRAND CATA CONCEPT, LLC",Delicatessen,1280 4TH ST NE ,WASHINGTON,DC,20002,Not Available,38.90885456,-76.99959174
"The Grove, Inc.",Delicatessen,50 MASSACHUSETTS AVE NE ,WASHINGTON,DC,20002,Not Available,38.89761945,-77.00617579
China cafe,Delicatessen,600 DIVISION AVE NE ,WASHINGTON,DC,20019,Not Available,38.8974075692,-76.9263241446
7-ELEVEN INC,Delicatessen,429 8TH ST SE ,WASHINGTON,DC,20003,Not Available,38.88287819,-76.99527411
Swizzler Foods LLC,Delicatessen,1277 1ST ST SE ,WASHINGTON,DC,20003,Not Available,38.8751529156,-77.0061551791
ChefSkip LLC,Delicatessen,715 EUCLID ST NW ,WASHINGTON,DC,20001,Not Available,38.92429237,-77.02313701
CRACKED EGGERY 2,Delicatessen,3420 CONNECTICUT AVE NW ,WASHINGTON,DC,20008,Not Available,38.93476597,-77.058434
DC CENTRAL KITCHEN,Delicatessen,901 G ST NW ,WASHINGTON,DC,20001,Not Available,38.89869166,-77.02476625
Manos Inc,Delicatessen,635 FLORIDA AVE NE ,WASHINGTON,DC,20002,Not Available,38.90522835,-76.99637366
7-ELEVEN INC,Delicatessen,3707 14TH ST NW ,WASHINGTON,DC,20010,Not Available,38.93741236,-77.03243856
DC BOBA LLC,Delicatessen,1403 PARK RD NW ,WASHINGTON,DC,20010,Not Available,38.93051504,-77.03316593
PURECOFFEEBREWDC INC.,Delicatessen,701 NORTH CAROLINA AVE SE ,WASHINGTON,DC,20003,Not Available,38.887185331,-76.9959295499
Wegmans Food Markets Inc. c/o Legal Dept.,Delicatessen,41 RIDGE SQ NW ,WASHINGTON,DC,20016,Not Available,38.94014457,-77.07696911
GET SMART 2 INC.,Delicatessen,4510 EAST CAPITOL ST NE ,WASHINGTON,DC,20019,Not Available,38.89001852,-76.93724019
Compass Coffee,Delicatessen,1201 HALF ST SE ,WASHINGTON,DC,20815,Not Available,38.87558305,-77.00786184
Baja Grille,Delicatessen,2000 5TH ST NE ,WASHINGTON,DC,20002,Not Available,38.91713131,-76.9998403
Amen LLC,Delicatessen,3661 GEORGIA AVE NW ,WASHINGTON,DC,20010,Not Available,38.93613837,-77.02400844
Colorado & Cohen LLC,Delicatessen,2000 PENNSYLVANIA AVE NW ,WASHINGTON,DC,20006,Not Available,38.90035538,-77.0457758
VAN LEEUWEN UNION MARKET LLC,Delicatessen,418 MORSE ST NE ,WASHINGTON,DC,20002,Not Available,38.90775041,-76.9991022
METRO PETRO INC,Delicatessen,2230 NEW YORK AVE NE ,WASHINGTON,DC,20002,Not Available,38.91769118,-76.97315767
Deanwood Deli LLC.,Delicatessen,4505 SHERIFF RD NE ,WASHINGTON,DC,20019,Not Available,38.90256842,-76.93724725
PROBONO ENTERPRISE INCORPORATED,Delicatessen,5403 GEORGIA AVE NW ,WASHINGTON,DC,20011,Not Available,38.95535421,-77.02764635
Sweet Vegan Eats,Delicatessen,2000 5TH ST NE ,WASHINGTON,DC,20002,Not Available,38.91713131,-76.9998403
AAT LLC,Delicatessen,4201 MASSACHUSETTS AVE NW ,WASHINGTON,DC,20016,Not Available,38.93583779,-77.08187114
THREE STAR LLC,Delicatessen,3651 GEORGIA AVE NW ,WASHINGTON,DC,20010,Not Available,38.9359301,-77.02397723
Shakespeare Theatre Company,Delicatessen,1301 W ST NE ,WASHINGTON,DC,20018,Not Available,38.91727532,-76.99036586
DAKOTA CONVENIENCE INC,Delicatessen,5585 SOUTH DAKOTA AVE NE ,WASHINGTON,DC,20011,Not Available,38.95830813,-77.00085332
"ILC BRAND, INC.",Delicatessen,2201 C ST NW ,WASHINGTON,DC,20520,Not Available,38.89393696,-77.04884772
"TAJ OF DUPONT CIRCLE, LLC.",Delicatessen,1300 CONNECTICUT AVE NW ,WASHINGTON,DC,20036,Not Available,38.90753308,-77.04270056
MIS COMADRES RESTAURANT DELIVERY,Delicatessen,2000 5TH ST NE ,WASHINGTON,DC,20002,Not Available,38.91713131,-76.9998403
VAN LEEUWEN 14TH ST DC LLC,Delicatessen,1415 14TH ST NW ,WASHINGTON,DC,20005,Not Available,38.90948983,-77.03170179
Jam Doung Style #2 LLC,Delicatessen,6120 KANSAS AVE NW ,WASHINGTON,DC,20011,Not Available,38.96440633,-77.00963128
CENTRAL SPICE INC,Delicatessen,5579 CENTRAL AVE SE ,WASHINGTON,DC,20019,Not Available,38.88558448,-76.91903875
SHANGHAI DUMPLING,Delicatessen,3925 14TH ST NW ,WASHINGTON,DC,20011,Not Available,38.93937485,-77.03241926
DC PARADISE LLC,Delicatessen,2008 18TH ST NW ,WASHINGTON,DC,20009,Not Available,38.91731271,-77.04188944
Olivet Systems LLC,Delicatessen,NE ,WASHINGTON,DC,20002,Not Available,0.0,0.0
Southern Style Chicken & Waffle,Delicatessen,2000 5TH ST NE ,WASHINGTON,DC,20002,Not Available,38.91713131,-76.9998403
Woolly Mammoth Theatre Company,Theater (Live),641 D ST NW ,WASHINGTON,DC,20004,Not Available,38.89498024,-77.02144646
8th & Pennsylvania Inc,Gasoline Dealer,823 PENNSYLVANIA AVE SE ,WASHINGTON,DC,20003,Not Available,38.8833921,-76.99424624
GEORGIA AVENUE AMOCO LLC,Food Products,6300 GEORGIA AVE NW ,WASHINGTON,DC,20011,2027265300.0,38.96660358,-77.02797899
HAYDEN'S INC.,Food Products,700 NORTH CAROLINA AVE SE ,WASHINGTON,DC,20003,2024880770.0,38.88777076,-76.99597747
CAPITOL HILL CARE PHARMACY,Food Products,650 PENNSYLVANIA AVE SE ,WASHINGTON,DC,20003,2025480008.0,38.88537711,-76.99697873
"LEE-IRVING LIQUORS, INCORPORATED",Food Products,3100 MOUNT PLEASANT ST NW ,WASHINGTON,DC,20010,3017802971.0,38.92889553,-77.0376217
DISTRICT OF COLUMBIA CVS PHARMACY LLC,Food Products,320 40TH ST NE ,WASHINGTON,DC,20019,2023961152.0,38.8930292,-76.94748764
DISTRICT OF COLUMBIA CVS PHARMACY LLC,Food Products,4555 WISCONSIN AVE NW ,WASHINGTON,DC,20016,2025371459.0,38.94938902,-77.08007137
DISTRICT OF COLUMBIA CVS PHARMACY LLC,Food Products,4309 CONNECTICUT AVE NW ,WASHINGTON,DC,20008,2029663023.0,38.94492468,-77.06352416
DISTRICT OF COLUMBIA CVS PHARMACY LLC,Food Products,128 130 KENNEDY ST NW ,WASHINGTON,DC,20011,2022910352.0,38.95632758,-77.01301915
ONE STOP NEWS,Food Products,1300 PENNSYLVANIA AVE NW ,WASHINGTON,DC,20004,2022892797.0,38.89493993,-77.03021187
DOLLAR PLUS FOOD,Delicatessen,4522 BENNING RD SE ,WASHINGTON,DC,20019,Not Available,38.8891005,-76.93665764
HOPE CONVENIENCE INC,Delicatessen,1736 GOOD HOPE RD SE ,WASHINGTON,DC,20020,Not Available,38.86607196,-76.97955018
Opa Georgetown DC LLC,Delicatessen,1335 WISCONSIN AVE NW ,WASHINGTON,DC,20007,Not Available,38.90751244,-77.063186
Gedam Sefere Cafe,Delicatessen,5411 GEORGIA AVE NW ,WASHINGTON,DC,20011,Not Available,38.95556617,-77.02769339
24 HOUR M&H INC,Food Products,45 FLORIDA AVE NE ,WASHINGTON,DC,20002,Not Available,38.90983711,-77.00746761
MHF NOMA OPERATING IV LLC,Food Products,1225 FIRST ST NE ,WASHINGTON,DC,20002,Not Available,38.90627126,-77.00561634
"St. Gabriel, LLC.",Food Products,2350 SOUTH DAKOTA AVE NE ,WASHINGTON,DC,20018,Not Available,38.92161602,-76.96054641
BILEN LLC.,Food Products,2237 MINNESOTA AVE SE ,WASHINGTON,DC,20020,Not Available,38.8718802724,-76.973413786
BT & G INC.,Food Products,2723 7TH ST NE ,WASHINGTON,DC,20017,Not Available,38.92541106,-76.99592575
THE FRESH FOOD FACTORY MARKET LLC,Food Products,1231 MARION BARRY AVE SE ,WASHINGTON,DC,20020,Not Available,38.86695847,-76.98768864
NASHIM LLC.,Food Products,3701 12TH ST NE ,WASHINGTON,DC,20017,Not Available,38.93479194,-76.99087191
SEWA'S CONVENIENCY STORE LLC.,Food Products,1633 NORTH CAPITOL ST NE ,WASHINGTON,DC,20002,Not Available,38.91244917,-77.00875708
"R&P Enterprises, LLC",Food Products,4525 WISCONSIN AVE NW ,WASHINGTON,DC,20016,Not Available,38.94868598,-77.07975195
Gopuff,Food Products,6250 CHILLUM PL NW ,WASHINGTON,DC,20011,Not Available,38.9663224,-77.01145711
"GoBrands, Inc.",Food Products,4221 CONNECTICUT AVE NW ,WASHINGTON,DC,20008,Not Available,38.94380738,-77.06284154
A-1 Wine & Liquor,Food Products,1420 K ST NW ,WASHINGTON,DC,20005,Not Available,38.90214213,-77.03281115
Kalorama Pharmacy,Food Products,1841 COLUMBIA RD NW ,WASHINGTON,DC,20009,Not Available,38.92148816,-77.04383394
Best One Liquor LLC,Food Products,322 FLORIDA AVE NW ,WASHINGTON,DC,20001,Not Available,38.91357886,-77.01597627
"GBG, LLC",Food Products,1101 CONNECTICUT AVE NW ,WASHINGTON,DC,20036,Not Available,38.90403246,-77.03973497
AREKAY LLC,Food Products,1500 U ST NW ,WASHINGTON,DC,20009,Not Available,38.91685632,-77.03482706
PCP Investments 1428 Inc. t/a Capital Wine & Spirits,Food Products,1428 9TH ST NW ,WASHINGTON,DC,20001,Not Available,38.90949073,-77.02418602
Pan Mar Liquor,Food Products,1926 I ST NW ,WASHINGTON,DC,20006,Not Available,38.90115477,-77.04463789
MAI Fine Wine LLC  t/a The Bottle Shop,Food Products,2216 18TH ST NW ,WASHINGTON,DC,20009,Not Available,38.91924626,-77.04186636
CFAMILY LLC,Restaurant,3300 GEORGIA AVE NW ,WASHINGTON,DC,20010,Not Available,38.93114826,-77.02379328
DC RAMEN LLC,Restaurant,525 8TH ST SE ,WASHINGTON,DC,20003,Not Available,38.88196429,-76.99528973
Cafe Unido,Restaurant,1280 4TH ST NE ,WASHINGTON,DC,20002,Not Available,38.90885456,-76.99959174
Tikka Masala- Van Ness LLC,Restaurant,4221 CONNECTICUT AVE NW ,WASHINGTON,DC,20008,Not Available,38.94380738,-77.06284154
"DUCHARME, MCMILLEN & ASSOC",Food Products,50 MASSACHUSETTS AVE NE ,WASHINGTON,DC,20002,Not Available,38.89761945,-77.00617579
"Compass Group USA, Inc. DBA Canteen",Food Vending Machine,2441 MARKET ST NE ,WASHINGTON,DC,20018,Not Available,38.92039164,-76.95038922
"DISCOUNT DRUGS WISCONSIN, INC.",Grocery Store,5100 WISCONSIN AVE NW ,WASHINGTON,DC,20016,2023633466.0,38.95629519,-77.08385851
"L STREET MARKET, INC",Grocery Store,700 L ST SE ,WASHINGTON,DC,20003,2025463023.0,38.87768848,-76.99595314
TOWN & COUNTRY MARKET,Grocery Store,823 UPSHUR ST NW ,WASHINGTON,DC,20011,9999999999.0,38.94213351,-77.02428776
SALVA MEX,Grocery Store,700 KENNEDY ST NW ,WASHINGTON,DC,20011,2027228924.0,38.95617651,-77.02249458
HERNANDEZ FAMILY INC.,Grocery Store,5505 14TH ST NW ,WASHINGTON,DC,20011,2022910500.0,38.95685526,-77.03319064
LAMONT MARKET,Grocery Store,450 LAMONT ST NW ,WASHINGTON,DC,20010,2027265506.0,38.93113764,-77.01991292
TEXAS CONVENIENCE STRORE INC,Grocery Store,4350 TEXAS AVE SE ,WASHINGTON,DC,20019,Not Available,38.88336457,-76.94216847
JSSI-PINE LLC.,Grocery Store,1201 MOUNT OLIVET RD NE ,WASHINGTON,DC,20002,Not Available,38.90978168,-76.98481102
Eleventh House LLC,Grocery Store,3301 11TH ST NW ,WASHINGTON,DC,20010,Not Available,38.9309,-77.027847
NAI Saturn Eastern LLC,Grocery Store,3830 GEORGIA AVE NW ,WASHINGTON,DC,20011,Not Available,38.93844891,-77.02485654
DC FOOD MARKET,Grocery Store,2200 16TH ST SE ,WASHINGTON,DC,20020,Not Available,38.86345927,-76.98244902
MARKET POULTRY LLC.,Grocery Store,225 7TH ST SE ,WASHINGTON,DC,20003,Not Available,38.88641312,-76.99646843
RAYAN INC,Grocery Store,3459 14TH ST NW ,WASHINGTON,DC,20010,Not Available,38.93372653,-77.0324197
TOP MART INC,Grocery Store,3109 MARTIN LUTHER KING J AVE SE ,WASHINGTON,DC,20032,Not Available,38.84367231,-76.99958347
M & V DC MEAT AND GROCERY LLC,Grocery Store,4807 GEORGIA AVE NW ,WASHINGTON,DC,20011,Not Available,38.9485939,-77.02671173
BETU LLC  t/a T Street Market,Grocery Store,321 T ST NE ,WASHINGTON,DC,20002,Not Available,38.91530216,-77.00099498
DEMISSIE 1 INCORPORATED,Grocery Store,3659 GEORGIA AVE NW ,WASHINGTON,DC,20010,Not Available,38.93611423,-77.02400728
7 Days Market,Grocery Store,2310 RHODE ISLAND AVE NE ,WASHINGTON,DC,20018,Not Available,38.9308423,-76.97311178
"Aldi, Inc. (Maryland)",Grocery Store,5300 SOUTH DAKOTA AVE NE ,WASHINGTON,DC,20011,Not Available,38.95452794,-76.99972346
CAPITOL GROCER,Grocery Store,2616 CONNECTICUT AVE NW ,WASHINGTON,DC,20008,Not Available,38.92413521,-77.05227614
AHOLD USA LICENSING DEPARTMENT,Restaurant,1400 7TH ST NW ,WASHINGTON,DC,20001,7172407541.0,38.90892551,-77.02222406
A SWEET VISION LLC,Ice Cream Manufacture,2800 10TH ST NE ,WASHINGTON,DC,20017,Not Available,38.92581574,-76.99276286
"Urban Adventures at City Vista, LLC",Delicatessen,445 K ST NW ,WASHINGTON,DC,20001,Not Available,38.90282779,-77.01767354
MUNDO VERDE BILINGUAL PUBLIC CHARTER SCHOOL,Restaurant,30 P ST NW ,WASHINGTON,DC,20001,2026308373.0,38.90930867,-77.01031654
FRIENDSHIP PUBLIC CHARTER SCHOOL INC.,Restaurant,1400 1ST ST NW ,WASHINGTON,DC,20001,2022811700.0,38.909079927,-77.0132191016
BSREP II DUPONT CIRCLE TRS LLC D.B.A. MERCY ME RESTAURANT,Hotel,1143 NEW HAMPSHIRE AVE NW ,WASHINGTON,DC,20037,Not Available,38.90476375,-77.04754902
411 New York Ave Holdings LLC,Hotel,411 NEW YORK AVE NE ,WASHINGTON,DC,20002,Not Available,38.91102165,-76.99749615
"Apple TRS DC 7146, LLC",Hotel,601 K ST NW ,WASHINGTON,DC,20001,Not Available,38.90285829,-77.02028939
CHIRINGUITO LLC,Hotel,333 G ST NW ,WASHINGTON,DC,20001,Not Available,38.8986247944,-77.0157152754
STARBUCKS CORPORATION,Restaurant,4820 MASSACHUSETTS AVE NW ,WASHINGTON,DC,20016,2023620809.0,38.94449833,-77.0955684
"RED RIVER GRILL, L.L.C.",Restaurant,201 MASSACHUSETTS AVE NE ,WASHINGTON,DC,20002,2025477314.0,38.89461959,-77.00288022
STARBUCKS CORPORATION,Restaurant,1730 PENNSYLVANIA AVE NW ,WASHINGTON,DC,20006,2023459400.0,38.89873736,-77.04022761
LINCOLN HOUSE RESTAURANT,Restaurant,504 506 10TH ST NW ,WASHINGTON,DC,20004,2026384008.0,38.89648682,-77.02622373
MAGIC MEALS INC,Restaurant,1120 19TH ST NW ,WASHINGTON,DC,20036,2022937714.0,38.90454833,-77.04385743
FRANDAN INC,Restaurant,3120 M ST NW ,WASHINGTON,DC,20007,2027890953.0,38.9049635,-77.06183784
AL TIRAMISU INC.,Restaurant,2014 P ST NW ,WASHINGTON,DC,20036,2024674466.0,38.90944563,-77.04557249
"CHEF GEOFF'S, LLC.",Restaurant,3201 NEW MEXICO AVE NW ,WASHINGTON,DC,20016,2022377800.0,38.93308229,-77.08484051
THE ICE CREAM STATION LLC,Restaurant,3528 12TH ST NE ,WASHINGTON,DC,20017,3017798857.0,38.93328497,-76.99124682
POTBELLY SANDWICH LLC.,Restaurant,555 12TH ST NW ,WASHINGTON,DC,20004,3129510600.0,38.89673279,-77.02758282
Unknown,Restaurant,2333 18TH ST NW ,WASHINGTON,DC,20009,2022656665.0,38.92049049,-77.04161248
STEAKS UNLIMITED INC.,Restaurant,1609 17TH ST NW ,WASHINGTON,DC,20009,9999999999.0,38.91159727,-77.03821929
WASHINGTON NATIONALS  BASEBALL CLUB LLC,Athletic Exhibition,1500 SOUTH CAPITOL ST SE ,WASHINGTON,DC,20003,2026407000.0,38.87235978,-77.00852675
MATZUY BILLIARD LLC,Billiard Parlor,1772 COLUMBIA RD NW ,WASHINGTON,DC,20009,Not Available,38.92338603,-77.04111852
REWIND BY DECADES LLC,Public Hall,1219 CONNECTICUT AVE NW ,WASHINGTON,DC,20036,Not Available,38.90653484,-77.04117856
"BARRY HALL, LLC",Public Hall,1360 OKIE ST NE ,WASHINGTON,DC,20002,Not Available,38.91469813,-76.98529495
MDM LLC,Public Hall,6914 4TH ST NW ,WASHINGTON,DC,20012,2028291999.0,38.97419211,-77.01832375
CANAL PARK INC.,Skating Rink,202 M ST SE ,WASHINGTON,DC,20003,Not Available,38.87704399,-77.00312694
SAINT SOPHIA GREEK ORTHODOX CATHEDRAL,Special Events,2815 36TH ST NW ,WASHINGTON,DC,20007,Not Available,38.9272331,-77.07042542
CAPITAL PRIDE ALLIANCE INC.,Special Events,1700 17TH ST NW ,WASHINGTON,DC,20036,Not Available,38.91284512,-77.03882311
"FIESTA DC, INC.",Special Events,300 PENNSYLVANIA AVE NW ,WASHINGTON,DC,20580,Not Available,0.0,0.0
DISTRICT BRIDGES,Special Events,1500 14TH ST NW ,WASHINGTON,DC,20010,Not Available,38.9098635455,-77.0322776396
"NEIGHBORHOOD RESTAURANT GROUP XIII, LLC",Special Events,300 PENNSYLVANIA AVE NW ,WASHINGTON,DC,20004,Not Available,0.0,0.0
THE HOWARD UNIVERSITY,Special Events,2244 10TH ST NW ,WASHINGTON,DC,20059,Not Available,38.92008964,-77.02648899
THE HOWARD UNIVERSITY,Special Events,2455 6TH ST NW ,WASHINGTON,DC,20059,Not Available,38.92452904,-77.02098138
ANACOSTIA BUSINESS IMPROVEMENT DISTRICT CORPORATION,Special Events,1234 MARION BARRY AVE SE ,WASHINGTON,DC,20020,Not Available,0.0,0.0
CCDC COMMON AREA ASSOCIATION,Special Events,825 10TH ST NW ,WASHINGTON,DC,20001,Not Available,38.90016003,-77.02572557
THE SHAKESPEARE THEATRE,Theater (Live),610 F ST NW ,WASHINGTON,DC,20004,Not Available,38.89712236,-77.02035197
814 BLADENSBURG ROAD MOBIL,Gasoline Dealer,814 BLADENSBURG RD NE ,WASHINGTON,DC,20002,Not Available,38.90112442,-76.9830541
GEORGIA BP,Gasoline Dealer,6300 GEORGIA AVE NW ,WASHINGTON,DC,20011,Not Available,38.96660358,-77.02797899
CWC WDC LLC.,Gasoline Dealer,2431 MARKET ST NE ,WASHINGTON,DC,20018,Not Available,38.91989815,-76.95186789
BLADENSBURG RD MOBIL,Gasoline Dealer,2210 BLADENSBURG RD NE ,WASHINGTON,DC,20018,Not Available,38.9200724179,-76.970793059
DUPONT BP,Gasoline Dealer,4101 ALABAMA AVE SE ,WASHINGTON,DC,20019,Not Available,38.87018041,-76.94438427
"Anacostia Realty, LLC",Gasoline Dealer,4244 WISCONSIN AVE NW ,WASHINGTON,DC,20016,Not Available,38.9442849,-77.07810324
CHO CHO INC,Gasoline Dealer,2500 PENNSYLVANIA AVE SE ,WASHINGTON,DC,20020,Not Available,38.87358228,-76.97001601
Street Concepts LLC.,Restaurant,1946 NEW HAMPSHIRE AVE NW ,WASHINGTON,DC,20009,Not Available,38.91677364,-77.03711591
"CAFE AKA WHITE HOUSE, LLC.",Restaurant,1710 H ST NW ,WASHINGTON,DC,20006,Not Available,38.899935,-77.04036501
NEIGHBOUR INC,Restaurant,250 K ST NE ,WASHINGTON,DC,20002,Not Available,38.9028027,-77.00243819
CREATIVE CONSOLIDATION LLC,Restaurant,1340 4TH ST NE ,WASHINGTON,DC,20002,Not Available,38.90966693,-76.99914046
"SQUARE 369 HOTEL TRS, LLC.",Restaurant,901 L ST NW ,WASHINGTON,DC,20001,Not Available,38.90437992,-77.0243789
9th Street Lounge LLC.,Restaurant,1920 9TH ST NW ,WASHINGTON,DC,20001,Not Available,38.9161943,-77.02423569
1801 CORPORATION,Restaurant,1801 18TH ST NW ,WASHINGTON,DC,20009,Not Available,38.91427506,-77.04148259
COMBINED FOOD SERVICES OF VIRGINIA INC,Restaurant,1805 18TH ST NW ,WASHINGTON,DC,20009,Not Available,38.91436055,-77.04148864
SANPAL LLC,Restaurant,2120 18TH ST NW ,WASHINGTON,DC,20009,Not Available,38.91854856,-77.04187806
ARTEMIS REAL ESTATE PARTNERS,Restaurant,2121 M ST NW ,WASHINGTON,DC,20037,Not Available,38.90552306,-77.0481563
"King Street Oyster Bar DC, LLC",Restaurant,22 M ST NE ,WASHINGTON,DC,20002,Not Available,38.9058811,-77.00785204
GEORGETOWN DINING INC.,Restaurant,3251 PROSPECT ST NW ,WASHINGTON,DC,20007,Not Available,38.90619362,-77.06380026
KRORAN UYGHUR RESTAURANT LLC.,Restaurant,3518 CONNECTICUT AVE NW ,WASHINGTON,DC,20008,Not Available,38.93615676,-77.05915532
AKIRA DC LLC,Restaurant,2479 18TH ST NW ,WASHINGTON,DC,20009,Not Available,38.92246187,-77.04236216
Scarlet Oak,Restaurant,909 NEW JERSEY AVE SE ,WASHINGTON,DC,20003,Not Available,38.87880576,-77.00548233
"AMS Restaurant Group LLC, dba Chick-fil-A",Restaurant,1214 18TH ST NW ,WASHINGTON,DC,20036,Not Available,38.90627782,-77.04205751
W&L restaurant corp,Restaurant,2418 18TH ST NW ,WASHINGTON,DC,20009,Not Available,38.92122201,-77.04248804
Embassy Row Hotel,Restaurant,2015 MASSACHUSETTS AVE NW ,WASHINGTON,DC,20036,Not Available,38.91072484,-77.0456901
Toastique,Restaurant,1331 4TH ST SE ,WASHINGTON,DC,20024,Not Available,38.87428995,-77.00077303
Stemless DC,Restaurant,1939 12TH ST NW ,WASHINGTON,DC,20009,Not Available,38.91662076,-77.02782159
Ironworks LLC,Restaurant,2321 18TH ST NW ,WASHINGTON,DC,20002,Not Available,38.92027525,-77.04153889
DC SHAWARMA & POUTINE LLC,Restaurant,1301 U ST NW ,WASHINGTON,DC,20009,2025292878.0,38.91728599,-77.03051814
La Famosa LLC,Restaurant,1300 4TH ST SE ,WASHINGTON,DC,20003,Not Available,38.8745966,-77.00034123
UNION ROOFTOP LLC,Restaurant,1309 5TH ST NE ,WASHINGTON,DC,20002,7036089836.0,38.90871669,-76.99765027
SHAWARMA DISTRICT HOLDING LLC.,Restaurant,818 18TH ST NW ,WASHINGTON,DC,20006,Not Available,38.9006818,-77.04204372
The Sheppard Bar,Restaurant,3165 MOUNT PLEASANT ST NW ,WASHINGTON,DC,20010,Not Available,38.93073349,-77.03790973
Razi Foods L.L.C,Restaurant,3720 GEORGIA AVE NW ,WASHINGTON,DC,20010,Not Available,38.93663332,-77.02467989
"TG Cigars, Inc.",Restaurant,1120 9TH ST NW ,WASHINGTON,DC,20001,Not Available,38.9050144,-77.02425276
Khana Express,Restaurant,2750 14TH ST NW ,WASHINGTON,DC,20009,Not Available,38.92524156,-77.03265248
CTE,Restaurant,2153 P ST NW ,WASHINGTON,DC,20037,Not Available,38.90979924,-77.0483409
"Daruwalla, LLC",Restaurant,1451 MARYLAND AVE NE ,WASHINGTON,DC,20002,Not Available,38.8996484442,-76.9838435478
"Sbarro, LLC",Restaurant,3001 CONNECTICUT AVE NW ,WASHINGTON,DC,20008,Not Available,38.93060711,-77.05437784
"Compass Group USA, Inc",Restaurant,620 MICHIGAN AVE NE ,WASHINGTON,DC,20064,Not Available,38.93282207,-76.99786192
D Light Cafe Inc.,Restaurant,2475 18TH ST NW ,WASHINGTON,DC,20009,Not Available,38.92238825,-77.04226329
RAM Foods Inc.,Restaurant,2529 Marion Barry AVE SE ,WASHINGTON,DC,20020,Not Available,38.85998183,-76.96887762
Newland Restaurant,Restaurant,327 7TH ST SE ,WASHINGTON,DC,20003,Not Available,38.88535275,-76.99644555
SALAZAR,Restaurant,1819 14TH ST NW ,WASHINGTON,DC,20009,Not Available,38.91468922,-77.03154648
Golden Cat LLC.,Restaurant,828 UPSHUR ST NW ,WASHINGTON,DC,20011,Not Available,38.94172728,-77.02453689
Roaming Rooster Skyland LLC,Restaurant,2710 Marion Barry AVE SE ,WASHINGTON,DC,20020,Not Available,38.86081087,-76.96852987
Sweetgreen,Restaurant,1044 WISCONSIN AVE NW ,WASHINGTON,DC,20007,Not Available,38.9037874,-77.06296365
MISTER ROTISSERIE CHICKEN LLC,Restaurant,3322 GEORGIA AVE NW ,WASHINGTON,DC,20010,Not Available,38.93163092,-77.02385169
Noma Deli Cafe L.L.C.,Restaurant,1300 2ND ST NE ,WASHINGTON,DC,20002,Not Available,38.90787077,-77.00365945
The Henri,Restaurant,1301 PENNSYLVANIA AVE NW ,WASHINGTON,DC,20004,Not Available,38.89637674,-77.02995334
Lautaro Group,Restaurant,1276 5TH ST NE ,WASHINGTON,DC,20002,Not Available,38.90827367,-76.99863041
CRACKED STORE 1,Restaurant,1921 8TH ST NW ,WASHINGTON,DC,20001,Not Available,38.91624111,-77.02261009
Knightsbridge Restaurant Group,Restaurant,415 7TH ST NW ,WASHINGTON,DC,20004,Not Available,38.89527712,-77.02166465
Fishcraft Poke DC LLC,Restaurant,806 H ST NW ,WASHINGTON,DC,20001,Not Available,38.89963956,-77.02329121
Le Bon Cafe,Restaurant,210 2ND ST SE ,WASHINGTON,DC,20003,Not Available,38.8870423,-77.00325958
Callister Technology and Entertainment LLC,Restaurant,2153 P ST NW ,WASHINGTON,DC,20037,Not Available,38.90979924,-77.0483409
Puttery DC LP,Restaurant,800 F ST NW ,WASHINGTON,DC,20004,Not Available,38.89697903,-77.02328389
Tropical Smoothie Cafe' DC-010,Restaurant,716 MONROE ST NE ,WASHINGTON,DC,20017,Not Available,38.93285832,-76.99515916
"Shell Returns, LLC.",Restaurant,1237 1ST ST SE ,WASHINGTON,DC,20003,Not Available,38.87582954,-77.00610972
"Tatte Holdings, LLC",Restaurant,13 RIDGE SQ NW ,WASHINGTON,DC,20016,Not Available,38.94083963,-77.07794963
"Meta Platforms, Inc.",Restaurant,575 7TH ST NW ,WASHINGTON,DC,20004,Not Available,38.89703801,-77.02150887
Hill East Burger,Restaurant,1432 PENNSYLVANIA AVE SE ,WASHINGTON,DC,20003,Not Available,38.88009902,-76.98412411
Da Hong Pao LLC,Restaurant,1409 14TH ST NW ,WASHINGTON,DC,20005,Not Available,38.9093739,-77.03168029
KABUL CASTLE KABOB HOUSE INC,Restaurant,2801 M ST NW ,WASHINGTON,DC,20007,Not Available,38.90540656,-77.05719098
Yasmine UM LLC,Restaurant,1309 5TH ST NE ,WASHINGTON,DC,20002,Not Available,38.90871669,-76.99765027
THE MADISON HOTEL WASHINGTON DC,Restaurant,1177 15TH ST NW ,WASHINGTON,DC,20005,Not Available,38.90537912,-77.0340972
Meskerem M. Abebe LLC,Restaurant,1917 9TH ST NW ,WASHINGTON,DC,20001,Not Available,38.91627125,-77.02368616
District Alley Group LLC.,Restaurant,1351 U ST NW ,WASHINGTON,DC,20009,Not Available,38.91732274,-77.03111639
"Oh Mama Grill DC, LLC",Restaurant,1829 COLUMBIA RD NW ,WASHINGTON,DC,20009,Not Available,38.9217325,-77.04375372
Mezcalero La Cosecha,Restaurant,1280 4TH ST NE ,WASHINGTON,DC,20002,Not Available,38.90885456,-76.99959174
Primo Wharf LLC.,Restaurant,705 WHARF ST SW ,WASHINGTON,DC,20024,Not Available,38.8783443,-77.02383145
E-TEA2,Restaurant,1712 I ST NW ,WASHINGTON,DC,20006,Not Available,38.90110235,-77.04022191
"Chaac Pizza Northeast, LLC",Restaurant,4205 GEORGIA AVE NW ,WASHINGTON,DC,20011,Not Available,38.94218941,-77.02533297
For Five Coffe Roasters,Restaurant,2001 PENNSYLVANIA AVE NW ,WASHINGTON,DC,20006,Not Available,38.9016733,-77.04533165
IMA Pizza Store 61 LLC.,Restaurant,2238 TOWN CENTER DR SE ,WASHINGTON,DC,20020,Not Available,38.86076932,-76.96711581
Eat Brgz 3 LLC,Restaurant,1200 NEW HAMPSHIRE AVE NW ,WASHINGTON,DC,20036,Not Available,38.90580613,-77.04764898
BCDC LLC,Restaurant,1015 HALF ST SE ,WASHINGTON,DC,20003,Not Available,38.87795235,-77.00792537
Unknown,Restaurant,353 CEDAR ST NW ,WASHINGTON,DC,20012,Not Available,38.97488711,-77.018248
Mezeh,Restaurant,2490 MARKET ST NE ,WASHINGTON,DC,20018,Not Available,38.9219258598,-76.9523705785
Maizal Latin Street Food,Restaurant,2232 TOWN CENTER DR SE ,WASHINGTON,DC,20020,Not Available,38.86101304,-76.96728081
AR Corporation,Restaurant,1400 INDEPENDENCE AVE SW ,WASHINGTON,DC,20250,Not Available,38.88677276,-77.02996809
I Egg You,Restaurant,517 8TH ST SE ,WASHINGTON,DC,20003,Not Available,38.8821644,-76.99533755
HIMALAYAN DOKO LLC,Restaurant,1108 K ST NW ,WASHINGTON,DC,20005,Not Available,38.9022352,-77.02753618
WOODLANDS VEGAN BISTRO,Restaurant,2928 GEORGIA AVE NW ,WASHINGTON,DC,20001,Not Available,38.9278176,-77.023435
Target Corporation,Restaurant,3100 14TH ST NW ,WASHINGTON,DC,,Not Available,38.92930077,-77.03298372
ENIGMA DC LLC,Restaurant,1330 U ST NW ,WASHINGTON,DC,20009,Not Available,38.91679815,-77.03087781
Park Family LLC t/a BUL Korean           Bar & Restaurant,Restaurant,2431 18TH ST NW ,WASHINGTON,DC,20009,Not Available,38.92133954,-77.04189446
BRINK BAR & GRILL,Restaurant,5420 3RD ST NW ,WASHINGTON,DC,20011,Not Available,38.95617592,-77.01630217
"EPISCOPAL CENTER FOR CHILDREN, THE",Restaurant,5901 UTAH AVE NW ,WASHINGTON,DC,20015,Not Available,38.96772366,-77.06058688
Seven Reasons,Restaurant,931 H ST NW ,WASHINGTON,DC,20001,Not Available,38.89999011,-77.02497006
PINES OF FLORENCE INC,Restaurant,1990 M ST NW ,WASHINGTON,DC,20036,Not Available,38.90546928,-77.04451573
DT Parentco LLC,Restaurant,1350 CONNECTICUT AVE NW ,WASHINGTON,DC,20036,Not Available,38.9083725993,-77.0430929483
YOLO DC INC,Restaurant,2005 14TH ST NW ,WASHINGTON,DC,20009,Not Available,38.91726678,-77.03160009
PHO VIET,Restaurant,3513 14TH ST NW ,WASHINGTON,DC,20010,Not Available,38.93509642,-77.03243254
"Taher, Inc.",Restaurant,800 INDEPENDENCE AVE SW ,WASHINGTON,DC,20591,Not Available,38.88686495,-77.02294933
LITTLE CHICKEN II LLC,Restaurant,11 PEARL ST SW ,WASHINGTON,DC,20024,Not Available,38.87895789,-77.02368783
Planta P Street LLC,Restaurant,1460 P ST NW ,WASHINGTON,DC,20005,Not Available,38.90945076,-77.0341553
Il Padrino LLC,Restaurant,1025 H ST NE ,WASHINGTON,DC,20002,Not Available,38.89997715,-76.99171527
GF INC. T/A IL CANALE,Restaurant,1063 -1065 31ST ST NW ,WASHINGTON,DC,20007,Not Available,38.90437301,-77.06096563
Unknown,Restaurant,1000 4th ST SW ,WASHINGTON,DC,20024,Not Available,38.8783927447,-77.0173142514
Pret a Manger c/o Synexus,Restaurant,1701 K ST NW ,WASHINGTON,DC,20006,Not Available,38.90280431,-77.03878375
Pret A Manger c/o Synexus,Restaurant,1800 M ST NW ,WASHINGTON,DC,20036,Not Available,38.90533023,-77.04223738
Mezcal Cantina,Restaurant,777 6TH ST NW ,WASHINGTON,DC,20001,Not Available,38.89948871,-77.01964298
HEN QUARTER LLC,Restaurant,2121 1ST ST SW ,WASHINGTON,DC,20024,5718305553.0,38.8641336,-77.01247507
GENERATING HOSPITALITY LLC,Restaurant,1636 17TH ST NW ,WASHINGTON,DC,20009,Not Available,38.9123337,-77.0387962
HMJJJ LLC,Restaurant,3903 14TH ST NW ,WASHINGTON,DC,20011,Not Available,38.93886575,-77.03245456
Rosedale,Restaurant,4465 CONNECTICUT AVE NW ,WASHINGTON,DC,20008,Not Available,38.9470777,-77.06464332
NGSC LLC dba CAFE PHILLIPS,Restaurant,50 F ST NW ,WASHINGTON,DC,20001-1530,Not Available,38.89695741,-77.01030726
"EXECUTIVE GOURMET CO., LLC",Restaurant,777 NORTH CAPITOL ST NE ,WASHINGTON,DC,20002,Not Available,38.89985662,-77.0085237
Tm Washington LLC,Restaurant,900 M ST SE ,WASHINGTON,DC,20003,Not Available,38.87669126,-76.99342543
"Ned's Club Washington, DC",Restaurant,734 15TH ST NW ,WASHINGTON,DC,20005,Not Available,38.89957829,-77.03407702
Flight Club D.C. LLC,Restaurant,641 NEW YORK AVE NW ,WASHINGTON,DC,20001,Not Available,38.90356664,-77.02067374
IDIDOS SOCIAL HOUSE INC-DC,Restaurant,201 KENNEDY ST NW ,WASHINGTON,DC,20011,Not Available,38.95681266,-77.01386805
OLD EBBITT GRILL,Restaurant,675 15TH ST NW ,WASHINGTON,DC,20005,2023474801.0,38.89805634,-77.03332883
TUNE INN INC,Restaurant,331 PENNSYLVANIA AVE SE ,WASHINGTON,DC,20003,2025432725.0,38.88636912,-77.00108967
DEAUVILLE INC,Restaurant,107 D ST NE ,WASHINGTON,DC,20002,2025464488.0,38.89457477,-77.00516182
THE WILLARD INTER CONTINENTAL,Restaurant,1401 PENNSYLVANIA AVE NW ,WASHINGTON,DC,20004,2026241700.0,38.89649258,-77.03234479
EXCHANGE INDUSTRIES INC,Restaurant,1730 PENNSYLVANIA AVE NW ,WASHINGTON,DC,20036,2027850400.0,38.89873736,-77.04022761
"SYLHET, INC.",Restaurant,5616 CONNECTICUT AVE NW ,WASHINGTON,DC,20015,2029660402.0,38.96546852,-77.07626906
JAVA GREEN COFFEE & TEA INC,Restaurant,1020 19TH ST NW ,WASHINGTON,DC,20036,2027758899.0,38.90317593,-77.04380839
POY LOUNG INC.,Restaurant,1910 18TH ST NW ,WASHINGTON,DC,20009,2025885288.0,38.91601758,-77.04189387
RED LOUNGE HOOKAH,Restaurant,2013 14TH ST NW ,WASHINGTON,DC,20009,2022340978.0,38.91748596,-77.03158439
LEOPOLD'S KAFE KONDITOREI,Restaurant,3315 CADYS ALY NW ,WASHINGTON,DC,20007,2027371000.0,38.90482014,-77.06666905
BUSBOYS AND POETS-14 & V,Restaurant,1390 V ST NW ,WASHINGTON,DC,20009,2023877638.0,38.91797231,-77.03150884
CORNERSTONE CAFE INC.,Restaurant,1501 M ST NW ,WASHINGTON,DC,20005,2024633911.0,38.90596817,-77.0349684
"FOGO DE CHAO CHURRASCARIA (WASHINGTON, D.C.) LLC",Restaurant,1101 PENNSYLVANIA AVE NW ,WASHINGTON,DC,20004,2023474668.0,38.8953354,-77.02738286
RASIKA LLC,Restaurant,633 D ST NW ,WASHINGTON,DC,20004,2023935883.0,38.89497613,-77.02128416
HYATT REGENCY WASHINGTON ,Restaurant,400 NEW JERSEY AVE NW ,WASHINGTON,DC,20001,2027371234.0,38.89521815,-77.01144269
STARBUCKS COFFEE,Restaurant,2400 M ST NW ,WASHINGTON,DC,20037,2063188705.0,38.905065,-77.05170843
MORRISON-CLARK LIMITED PARTNERSHIP I,Restaurant,1015 L ST NW ,WASHINGTON,DC,20001,2028981200.0,38.90437208,-77.02672168
"ALAMAC, INC.",Restaurant,924 25TH ST NW ,WASHINGTON,DC,20037,2023313800.0,38.90144079,-77.05368535
LA TABERNA DEL ALABARDERO INC,Restaurant,1776 I ST NW ,WASHINGTON,DC,20006,2024292200.0,38.90109076,-77.04136287
THE PUG/TOKI UNDERGROUND,Restaurant,1234 H ST NE ,WASHINGTON,DC,20002,2023888554.0,38.90041707,-76.98903513
Unknown,Restaurant,639 INDIANA AVE NW ,WASHINGTON,DC,20004,2022768885.0,38.89431049,-77.02149756
"EL'POLLO SABROSO, INC.",Restaurant,1434 PARK RD NW ,WASHINGTON,DC,20010,5712358483.0,38.93052866,-77.03403622
PARK PLACE INCORPORATED,Restaurant,920 14TH ST NW ,WASHINGTON,DC,20005,2027377275.0,38.90191943,-77.0323197
CHOP'T CREATIVE SALAD COMPANY LLC,Restaurant,730 7TH ST NW ,WASHINGTON,DC,20001,2127550443.0,38.89944277,-77.02215194
LOS CUATES RESTAURANT INC.,Restaurant,1564 WISCONSIN AVE NW ,WASHINGTON,DC,20007,3016550897.0,38.91045093,-77.06517359
AMAYA - I LLC,Restaurant,3614 14TH ST NW ,WASHINGTON,DC,20010,2027261334.0,38.93677835,-77.03309387
WEST WING CAFE,Restaurant,1111 PENNSYLVANIA AVE NW ,WASHINGTON,DC,20004,2026282233.0,38.89540859,-77.02784444
DUPONT IMP LLC,Restaurant,1629 CONNECTICUT AVE NW ,WASHINGTON,DC,20009,2022581965.0,38.91211295,-77.04446245
PRET A MANGER,Restaurant,1825 I ST NW ,WASHINGTON,DC,20006,6467280505.0,38.9016488,-77.04218079
GBP LLC,Restaurant,3245 M ST NW ,WASHINGTON,DC,20007,2023378269.0,38.90531898,-77.06432359
RIS,Restaurant,2275 L ST NW ,WASHINGTON,DC,20037,2027302500.0,38.90395618,-77.04979464
CHIPOTLE MEXICAN GRILL OF COLORADO LLC,Restaurant,3113 14TH ST NW ,WASHINGTON,DC,20010,3035954000.0,38.92968367,-77.0324799
MANDU LLC.,Restaurant,453 K ST NW ,WASHINGTON,DC,20001,2022896899.0,38.90282559,-77.01789269
Unknown,Restaurant,1629 K ST NW ,WASHINGTON,DC,20006,Not Available,38.90292279,-77.03789588
CHOP'T CREATIVE SALAD COMPANY LLC.,Restaurant,1730 PENNSYLVANIA AVE NW ,WASHINGTON,DC,20006,2125244619.0,38.89873736,-77.04022761
JOSEPH K & COMPANY,Restaurant,2100 MARTIN LUTHER KING J AVE SE ,WASHINGTON,DC,20020,2028890333.0,38.86535189,-76.98922845
DAIKAYA LLC.,Restaurant,705 6TH ST NW ,WASHINGTON,DC,20001,Not Available,38.89860688,-77.01959685
CHIPOTLE MEXICAN GRILL OF COLORADO LLC,Restaurant,2300 WASHINGTON PL NE ,WASHINGTON,DC,20018,Not Available,38.92041755,-76.99543999
BABY WALE,Restaurant,1124 9TH ST NW ,WASHINGTON,DC,20001,Not Available,38.90514966,-77.02435795
LA PIQUETTE LLC,Restaurant,3712 3714 MACOMB ST NW ,WASHINGTON,DC,20016,Not Available,38.9332957,-77.07305772
RADICI UNO LLC,Restaurant,301 305 7TH ST SE ,WASHINGTON,DC,20003,Not Available,38.88590982,-76.99635827
CAKEROOM (THE) L.L.C.,Restaurant,2006 18TH ST NW ,WASHINGTON,DC,20009,Not Available,38.91726415,-77.04187961
POTBELLY SANDWICH WORKS LLC.,Restaurant,655 MICHIGAN AVE NE ,WASHINGTON,DC,20017,Not Available,38.9326383,-76.99674675
Q ON CONN. LLC,Restaurant,3407 CONNECTICUT AVE NW ,WASHINGTON,DC,20008,Not Available,38.93476516,-77.05752974
"DEL FRISCO'S OF WASHINGTON D.C., LLC.",Restaurant,950 I ST NW ,WASHINGTON,DC,20001,Not Available,38.90069297,-77.02469582
BEN'S CHILI BOWL H ST,Restaurant,1001 H ST NE ,WASHINGTON,DC,20002,Not Available,38.89998323,-76.99245076
CALIFORNIA TORTILLA,Restaurant,1300 PENNSYLVANIA AVE NW ,WASHINGTON,DC,20004,Not Available,38.89493993,-77.03021187
CHAIA GEORGETOWNLLC,Restaurant,3207 GRACE ST NW ,WASHINGTON,DC,20007,Not Available,38.90409714,-77.06324834
LAS PLACITAS,Restaurant,1100 8TH ST SE ,WASHINGTON,DC,20003,Not Available,38.87736854,-76.99463291
TERROIR LLC,Restaurant,1015 7TH ST NW ,WASHINGTON,DC,20001,2022763329.0,38.9034225917,-77.0216791153
MARY'S PLACE,Restaurant,1509 KENILWORTH AVE NE ,WASHINGTON,DC,20019,Not Available,38.90983777,-76.93571523
"WATERGATE HOTEL LESSEE, LLC.",Restaurant,2650 VIRGINIA AVE NW ,WASHINGTON,DC,20037,Not Available,38.89933514,-77.05581934
KINGFISHER,Restaurant,1414 14TH ST NW ,WASHINGTON,DC,20005,Not Available,38.90938726,-77.03222381
"CAVA MEZZE GRILL, LLC.",Restaurant,1222 CONNECTICUT AVE NW ,WASHINGTON,DC,20036,2024002920.0,38.90665149,-77.04202799
RESTAURANT ASSOCIATES OF NEW YORK LLC.,Restaurant,1400 CONSTITUTION AVE NE ,WASHINGTON,DC,20002,Not Available,38.89220058,-76.98529936
Unknown,Restaurant,1337 14TH ST NW ,WASHINGTON,DC,20005,Not Available,38.90849043,-77.03152783
STARBUCKS COFFEE COMPANY,Restaurant,655 MICHIGAN AVE NE ,WASHINGTON,DC,20017,2063188705.0,38.9326383,-76.99674675
"SAGE Dining Services, Inc.",Restaurant,2607 MILITARY RD NW ,WASHINGTON,DC,20015-1009,Not Available,38.96239084,-77.05516696
BOULANGERIE CHRISTOPHE LLC,Restaurant,1422 WISCONSIN AVE NW ,WASHINGTON,DC,20007,Not Available,38.90829363,-77.06398753
MAYDAN L.L.C.,Restaurant,1346 FLORIDA AVE NW ,WASHINGTON,DC,20009,Not Available,38.92001946,-77.03126759
KARMA MODERN INDIAN,Restaurant,611 I ST NW ,WASHINGTON,DC,20001,Not Available,38.90106908,-77.02059473
WHARF 5 HOTEL TRS LEASEHOLDER LLC,Restaurant,725 WHARF ST SW ,WASHINGTON,DC,20024,2025541234.0,38.87850912,-77.02402651
ILC FOOD SERVICE INC,Restaurant,2201 C ST NW ,WASHINGTON,DC,20520,Not Available,38.89393696,-77.04884772
Restaurant Associates,Restaurant,25 MASSACHUSETTS AVE NW ,WASHINGTON,DC,20001,Not Available,38.89847585,-77.01035855
GEORGETOWN LLC,Restaurant,2934 M ST NW ,WASHINGTON,DC,20007,Not Available,38.9050976729,-77.0590351412
"QUINTANILLA FOODS, LLC.",Restaurant,1400 MARION BARRY AVE SE ,WASHINGTON,DC,20020,Not Available,38.86694392,-76.98493663
COMET INVESTORS LP.,Billiard Parlor,714 7TH ST NW ,WASHINGTON,DC,20001,2023375550.0,38.8990101057,-77.0222262781
476 K LLC.,Restaurant,476 K ST NW ,WASHINGTON,DC,20001,2023712223.0,38.90226551,-77.01870232
EQUITY 18 LLC,Public Hall,1210 1212 18TH ST NW ,WASHINGTON,DC,20036,Not Available,38.90615368,-77.04205271
CAPITAL PRIDE ALLIANCE INC.,Special Events,501 C ST NW ,WASHINGTON,DC,20001,Not Available,38.89384734,-77.01890541
SUSAN G. KOMEN,Special Events,1300 PENNSYLVANIA AVE NW ,WASHINGTON,DC,20004,Not Available,38.89493993,-77.03021187
AMERICAN BIKE RIDE LLC,Special Events,300 PENNSYLVANIA AVE NW ,WASHINGTON,DC,20001,Not Available,0.0,0.0
DISTRICT BRIDGES,Special Events,3300 CONNECTICUT AVE NW ,WASHINGTON,DC,20024,Not Available,0.0,0.0
SPOOKY ACTION THEATER,Theater (Live),1810 16TH ST NW ,WASHINGTON,DC,20009,Not Available,38.91434083,-77.03687919
45 FLORIDA AVE MOBIL,Gasoline Dealer,45 FLORIDA AVE NE ,WASHINGTON,DC,20002,Not Available,38.90983711,-77.00746761
CONNECTICUT AVENUE AMOCO INC.,Gasoline Dealer,5001 CONNECTICUT AVE NW ,WASHINGTON,DC,20008,Not Available,38.95512481,-77.06942813
ANACOSTIA REALTY LLC.,Gasoline Dealer,4100 HUNT PL NE ,WASHINGTON,DC,20019,Not Available,38.90089658,-76.94342007
ANACOSTIA REALTY LLC,Gasoline Dealer,3535 CONNECTICUT AVE NW ,WASHINGTON,DC,20010,7037506810.0,38.9365601,-77.05854446
ANACOSTIA REALTY LLC,Gasoline Dealer,4501 BENNING RD NE ,WASHINGTON,DC,20019,Not Available,38.89015553,-76.93810906
"Anacostia Realty, LLC.",Gasoline Dealer,4861 MASSACHUSETTS AVE NW ,WASHINGTON,DC,20016,Not Available,38.9461231,-77.09648317
SD SERVICES LLC.,Gasoline Dealer,4925 SOUTH DAKOTA AVE NE ,WASHINGTON,DC,20017,Not Available,38.94964771,-76.99243189
BP GAS STATION,Gasoline Dealer,1535 KENILWORTH AVE NE ,WASHINGTON,DC,20019-2006,Not Available,38.910561,-76.9349174
DAG PETROLEUM SUPPLIERS LLC,Gasoline Dealer,4900 WISCONSIN AVE NW ,WASHINGTON,DC,20008,2022449548.0,38.95350939,-77.0825525
EXPRESS CONVENIENCE STORE LLC.,Grocery Store,2031 BENNING RD NE ,WASHINGTON,DC,20002,Not Available,38.89831539,-76.97443718
CORNER MARKET,Grocery Store,1449 HOWARD RD SE ,WASHINGTON,DC,20020,Not Available,38.85825487,-76.98738056
NG TG INC,Grocery Store,2001 BENNING RD NE ,WASHINGTON,DC,20002,Not Available,38.89845561,-76.97538611
TOP MART INC,Grocery Store,3109 MARTIN LUTHER KING J AVE SE ,WASHINGTON,DC,20032,Not Available,38.84367231,-76.99958347
BAIR INVESTMENT LLC,Grocery Store,2101 ALABAMA AVE SE ,WASHINGTON,DC,20020,Not Available,38.85046159,-76.97506281
7 Days Market,Grocery Store,2310 RHODE ISLAND AVE NE ,WASHINGTON,DC,20018,Not Available,38.9308423,-76.97311178
BROOKLAND TG INC,Grocery Store,3736 10TH ST NE ,WASHINGTON,DC,20017,Not Available,38.93646518,-76.99390204
H & R LLC,Restaurant,2409 18TH ST NW ,WASHINGTON,DC,20009,Not Available,38.9208262,-77.04177792
KIDY LOUNGE LLC,Restaurant,5503 GEORGIA AVE NW ,WASHINGTON,DC,20011,Not Available,38.95643119,-77.02784971
DNA LOUNGE LLC,Restaurant,1102 U ST NW ,WASHINGTON,DC,20009,Not Available,38.91684795,-77.02733208
District Alley Group LLC.,Restaurant,1351 U ST NW ,WASHINGTON,DC,20009,Not Available,38.91732274,-77.03111639
POSH BAR & RESTAURANT LLC,Restaurant,1924 9TH ST NW ,WASHINGTON,DC,20001,Not Available,38.91629195,-77.02423607
KENYNUR INC,Restaurant,831 KENNEDY ST NW ,WASHINGTON,DC,20011,Not Available,38.95649728,-77.02534475
LEDROIT MARKET INC.,Delicatessen,1901 4TH ST NW ,WASHINGTON,DC,20001,3019052328.0,38.91605733,-77.01722781
"ABI, INC.",Delicatessen,1925 BLADENSBURG RD NE ,WASHINGTON,DC,20002,Not Available,38.91696523,-76.97221679
ZESTY BITES INC,Delicatessen,400 NORTH CAPITOL ST NW ,WASHINGTON,DC,20001,Not Available,38.89539746,-77.00959833
SakuSaku Flakerie,Delicatessen,1309 5TH ST NE ,WASHINGTON,DC,20002,Not Available,38.90871669,-76.99765027
ABERU INC,Food Products,4321 NANNIE HELEN BURROUG AVE NE ,WASHINGTON,DC,20019,Not Available,38.9006574179,-76.9401848395
WALGREEN CO,Food Products,1815 CONNECTICUT AVE NW ,WASHINGTON,DC,20005,2023321718.0,38.91487714,-77.04591311
SOUTH BLOCK LOGAN LLC,Food Products,1418 14TH ST NW ,WASHINGTON,DC,20005,Not Available,38.90950374,-77.03224335
Golds Gym DC Metro,Food Products,409 3RD ST SW ,WASHINGTON,DC,20024,Not Available,38.88460326,-77.01575414
PAKO LLC,Food Products,1237 MOUNT OLIVET RD NE ,WASHINGTON,DC,20002,Not Available,38.9095778,-76.98396282
Five Star Trading LLC DBA Brightwood Mart,Food Products,4034 GEORGIA AVE NW ,WASHINGTON,DC,20011,Not Available,38.94055466,-77.02552156
Big D Liquors,Food Products,4169 MINNESOTA AVE NE ,WASHINGTON,DC,20019,Not Available,38.90001376,-76.94459503
Capitol Tobacco & Grocery,Food Products,1426 NORTH CAPITOL ST NW ,WASHINGTON,DC,20002,Not Available,38.90941115,-77.00938553
A1 GROCERY STORE,Grocery Store,615 DIVISION AVE NE ,WASHINGTON,DC,20019,2405051318.0,38.89786439,-76.92552537
KENYNUR INC.,Grocery Store,831 KENNEDY ST NW ,WASHINGTON,DC,20011,Not Available,38.95649728,-77.02534475
BAIR INVESTMENT LLC,Grocery Store,2101 ALABAMA AVE SE ,WASHINGTON,DC,20020,Not Available,38.85046159,-76.97506281
DEANWOOD TG INC,Grocery Store,4748 SHERIFF RD NE ,WASHINGTON,DC,20019,Not Available,38.90307871,-76.93407963
EIGTH DAY FAITH COMMUNITY,Restaurant,1658 COLUMBIA RD NW ,WASHINGTON,DC,20009,Not Available,38.92494546,-77.03874643
DCity Smokehouse SE,Restaurant,1301 Marion Barry AVE SE ,WASHINGTON,DC,20020,Not Available,38.86685327,-76.9869747
IMA Pizza Store 61 LLC.,Restaurant,2238 TOWN CENTER DR SE ,WASHINGTON,DC,20020,Not Available,38.86076932,-76.96711581
DC Lash Bar,Beauty Shop,2629 CONNECTICUT AVE NW ,WASHINGTON,DC,20008,Not Available,38.92441663,-77.0516588
WONDER LIFESTYLE NAIL SALON SPA LLC,Beauty Shop,2855 ALABAMA AVE SE ,WASHINGTON,DC,20020,Not Available,38.85973696,-76.96566606
PJ'S CUT & STYLE SALON L.L.C.,Beauty Booth,2410 MARTIN LUTHER KING J AVE SE ,WASHINGTON,DC,20020,2026783195.0,38.8623479,-76.99253379
"Anacostia Realty, LLC",Gasoline Dealer,1020 MICHIGAN AVE NE ,WASHINGTON,DC,20017,Not Available,38.9359673,-76.99290255
PARKWAY SHELL CONVENIENCE STORE,Delicatessen,1765 NEW YORK AVE NE ,WASHINGTON,DC,20002,7036290952.0,38.91689046,-76.97917584
HYUN INC,Delicatessen,5435 MACARTHUR BLVD NW ,WASHINGTON,DC,20016,Not Available,38.92989942,-77.10644306
LEDROIT MARKET INC.,Delicatessen,1901 4TH ST NW ,WASHINGTON,DC,20001,3019052328.0,38.91605733,-77.01722781
DAILY 14 MART,Delicatessen,1135 14TH ST NW ,WASHINGTON,DC,20005,Not Available,38.90488567,-77.03169064
"E & C MID-ATLANTIC VENTURES, LLC.",Delicatessen,2830 SHERMAN AVE NW ,WASHINGTON,DC,20001,Not Available,38.92659359,-77.0263514
"7-ELEVEN, INC",Delicatessen,504 K ST NW ,WASHINGTON,DC,20001,Not Available,38.90227712,-77.01930054
"I & I Palisades, Inc.",Delicatessen,4554 MACARTHUR BLVD NW ,WASHINGTON,DC,20007,Not Available,38.90907164,-77.08753515
Calvert Woodley Inc,Delicatessen,4339 CONNECTICUT AVE NW ,WASHINGTON,DC,20008,Not Available,38.9451418,-77.06368319
CVS/PARHAMCY #1363,Food Products,2350 WASHINGTON PL NE ,WASHINGTON,DC,20018,Not Available,38.92103099,-76.99481413
6220 GEORGIA LLC.,Food Products,6220 GEORGIA AVE NW ,WASHINGTON,DC,20011,Not Available,38.96561323,-77.02791457
WALGREEN CO,Food Products,1815 CONNECTICUT AVE NW ,WASHINGTON,DC,20005,2023321718.0,38.91487714,-77.04591311
"HARAR GROCERY, LLC",Food Products,626 KENNEDY ST NW ,WASHINGTON,DC,20011,Not Available,38.95620714,-77.02204175
Towne Wine & Liquor,Food Products,1438 WISCONSIN AVE NW ,WASHINGTON,DC,20007,Not Available,38.90861315,-77.06416307
Woodridge Vet's Liquors,Food Products,1358 BRENTWOOD RD NE ,WASHINGTON,DC,20018,Not Available,38.92508148,-76.98595441
PAKO LLC,Food Products,1237 MOUNT OLIVET RD NE ,WASHINGTON,DC,20002,Not Available,38.9095778,-76.98396282
Hamilton Liquors,Food Products,5205 GEORGIA AVE NW ,WASHINGTON,DC,20011,Not Available,38.95316475,-77.02728913
S & D ONE LLC  t/a Rocket Liquors,Food Products,900 KENNEDY ST NW ,WASHINGTON,DC,20011,Not Available,38.95610705,-77.02598562
DDS/RSA RANDOLPH-SHEPPARD VENDING FACILITIES PROGRAM (RSVFP),Grocery Store,320 21ST ST NW ,WASHINGTON,DC,20451,Not Available,38.89480937,-77.04737789
EABLAD LLC.,Grocery Store,6419 GEORGIA AVE NW ,WASHINGTON,DC,20012,Not Available,38.9681158,-77.02705218
MEDINA INC,Grocery Store,2233 MINNESOTA AVE SE ,WASHINGTON,DC,20020,Not Available,38.87172609,-76.9737183
NAI Saturn Eastern LLC,Grocery Store,1701 CORCORAN ST NW ,WASHINGTON,DC,20009,Not Available,38.91205006,-77.03895354
E MARKET,Grocery Store,4202 BENNING RD NE ,WASHINGTON,DC,20019,Not Available,38.89311405,-76.9423133
Dia Corporation Inc,Delicatessen,1990 K ST NW ,WASHINGTON,DC,20006,Not Available,38.90218491,-77.04454792
"The Grove, Inc.",Delicatessen,50 MASSACHUSETTS AVE NE ,WASHINGTON,DC,20002,Not Available,38.89761945,-77.00617579
7-ELEVEN INC,Delicatessen,429 8TH ST SE ,WASHINGTON,DC,20003,Not Available,38.88287819,-76.99527411
7-ELEVEN INC,Delicatessen,3707 14TH ST NW ,WASHINGTON,DC,20010,Not Available,38.93741236,-77.03243856
GET SMART 2 INC.,Delicatessen,4510 EAST CAPITOL ST NE ,WASHINGTON,DC,20019,Not Available,38.89001852,-76.93724019
METRO PETRO INC,Delicatessen,2230 NEW YORK AVE NE ,WASHINGTON,DC,20002,Not Available,38.91769118,-76.97315767
Mac Market & Deli,Delicatessen,5185 MACARTHUR BLVD NW ,WASHINGTON,DC,20016,Not Available,38.92673614,-77.10272948
Shakespeare Theatre Company,Delicatessen,1301 W ST NE ,WASHINGTON,DC,20018,Not Available,38.91727532,-76.99036586
LIFFS MARKET L.L.C.,Delicatessen,600 ALABAMA AVE SE ,WASHINGTON,DC,20032,2026693174.0,38.84341954,-76.99758687
7-ELEVEN INC,Delicatessen,3218 PENNSYLVANIA AVE SE ,WASHINGTON,DC,20020,Not Available,38.86973056,-76.95983656
WAWA INC,Delicatessen,4530 40TH ST NW ,WASHINGTON,DC,20016,Not Available,38.94908715,-77.07918367
"STANTON SUPERMARKET, LLC",Delicatessen,1453 HOWARD RD SE ,WASHINGTON,DC,20020,Not Available,38.85810463,-76.98756423
SHABAH CORP,Delicatessen,912 NEW HAMPSHIRE AVE NW ,WASHINGTON,DC,20037,Not Available,38.9011577,-77.05173326
Sama Enterprise Inc,Delicatessen,601 MALCOLM X AVE SE ,WASHINGTON,DC,20032,Not Available,38.84489472,-76.99710175
"7-ELEVEN, INC.",Delicatessen,5210 3RD ST NE ,WASHINGTON,DC,20011,Not Available,38.9529270681,-77.0014570919
ADDIS ABABA INC,Delicatessen,4600 14TH ST NW ,WASHINGTON,DC,20011,Not Available,38.94627888,-77.03300196
THREE STAR LLC,Delicatessen,3651 GEORGIA AVE NW ,WASHINGTON,DC,20010,Not Available,38.9359301,-77.02397723
LOWE'S HOME CENTER LLC.,Food Products,2438 MARKET ST NE ,WASHINGTON,DC,20018,Not Available,38.92019766,-76.95545248
AST MARKET,Food Products,3182 BLADENSBURG RD NE ,WASHINGTON,DC,20018,2025261496.0,38.92981797,-76.95991355
WALGREEN CO,Food Products,3301 NEW MEXICO AVE NW ,WASHINGTON,DC,20016,Not Available,38.93364619,-77.08511638
Pan Mar Liquor,Food Products,1926 I ST NW ,WASHINGTON,DC,20006,Not Available,38.90115477,-77.04463789
Tenleytown Automotive,Food Products,4244 WISCONSIN AVE NW ,WASHINGTON,DC,20016,Not Available,38.9442849,-77.07810324
DAKOTA CONVENIENCE INC,Delicatessen,5585 SOUTH DAKOTA AVE NE ,WASHINGTON,DC,20011,Not Available,38.95830813,-77.00085332
"AUTOZONE PARTS, INC.",Food Products,3920 SOUTH CAPITOL ST SE ,WASHINGTON,DC,20032,2025632630.0,38.83214186,-77.00781226
Housebar,Food Products,1299 1ST ST SE ,WASHINGTON,DC,20003,Not Available,38.87486867,-77.00617659
Marshalls 1034,Food Products,3100 14TH ST NW ,WASHINGTON,DC,,Not Available,38.92930077,-77.03298372
Capitol Convenience,Food Products,1400 NORTH CAPITOL ST NW ,WASHINGTON,DC,20002,Not Available,38.90871741,-77.00940643
JS LLC,Grocery Store,936 RHODE ISLAND AVE NE ,WASHINGTON,DC,20018,Not Available,38.92260905,-76.99271556
Noble convenience LLC,Grocery Store,1305 H ST NE ,WASHINGTON,DC,20002,Not Available,38.90001027,-76.98798347
YES! ORGANIC FOODS,Grocery Store,1825 COLUMBIA RD NW ,WASHINGTON,DC,20009,Not Available,38.92181027,-77.04373716
3659 GEORGIA AVE INC,Grocery Store,3659 GEORGIA AVE NW ,WASHINGTON,DC,20010,Not Available,38.93611423,-77.02400728
ZARE LLC,Grocery Store,3715 GEORGIA AVE NW ,WASHINGTON,DC,20010,Not Available,38.93722563,-77.02421492
LUCKY CORNER STORE,Grocery Store,5415 GEORGIA AVE NW ,WASHINGTON,DC,20011,Not Available,38.9556751014,-77.0276967734
AJES LLC,Grocery Store,3101 RHODE ISLAND AVE NE ,WASHINGTON,DC,20018,Not Available,38.93440622,-76.9642434
Fuji Hibach and sushi inc,Restaurant,2714 GOOD HOPE RD SE ,WASHINGTON,DC,20020,Not Available,38.86067653,-76.9684093
Jero One LLC,Restaurant,1408 OKIE ST NE ,WASHINGTON,DC,20002,Not Available,38.91489587,-76.98396497
LAST WALTZ LLC,Restaurant,1835 I ST NW ,WASHINGTON,DC,20006,Not Available,38.90189036,-77.04255976
Harvest 99 Inc DBA Izumi,Restaurant,1832 COLUMBIA RD NW ,WASHINGTON,DC,20009,Not Available,38.92176968,-77.04309182
HAN PALACE GEORGETOWN LLC,Restaurant,1728 WISCONSIN AVE NW ,WASHINGTON,DC,20007,Not Available,38.91444595,-77.06722713
X-Golf Nationals Park,Restaurant,1500 SOUTH CAPITOL ST SE ,WASHINGTON,DC,20003,Not Available,38.87235978,-77.00852675
Tejvi Salons inc,Beauty Shop,1006 E ST NW ,WASHINGTON,DC,20004,Not Available,38.89598229,-77.02648799
Unknown,Beauty Booth,450 L'ENFANT PLZ SW ,WASHINGTON,DC,20024,Not Available,38.88375046,-77.02478988
"E & C Mid-Atlantic Ventures, LLC",Gasoline Dealer,1442 U ST NW ,WASHINGTON,DC,20009,Not Available,38.9167263698,-77.033859902
Sadr LLC,Gasoline Dealer,3426 18TH ST NE ,WASHINGTON,DC,20018,Not Available,38.9327356313,-76.9799880183
DDS/RSA RANDOLPH-SHEPPARD VENDING FACILITY ( RSVFP),Delicatessen,441 4TH ST NW ,WASHINGTON,DC,20001,Not Available,38.89544638,-77.0156446
7-ELEVEN INC,Delicatessen,429 8TH ST SE ,WASHINGTON,DC,20003,Not Available,38.88287819,-76.99527411
7-ELEVEN INC,Delicatessen,3707 14TH ST NW ,WASHINGTON,DC,20010,Not Available,38.93741236,-77.03243856
PMG MAPP,Gasoline Dealer,2643 VIRGINIA AVE NW ,WASHINGTON,DC,20037,Not Available,38.90052179,-77.05573438
FLORIDA AVE. MARATHON,Gasoline Dealer,500 FLORIDA AVE NE ,WASHINGTON,DC,20002,7033591498.0,38.90678955,-76.99899246
L & R SERVICES INC,Gasoline Dealer,4700 SOUTH CAPITOL ST SE ,WASHINGTON,DC,20032,2025620661.0,38.82192149,-77.00116077
RAM GROCERY,Grocery Store,3509 WHEELER RD SE ,WASHINGTON,DC,20032,Not Available,38.8391882,-76.9939661
ARIF L.L.C.,Grocery Store,2606 GEORGIA AVE NW ,WASHINGTON,DC,20001,Not Available,38.92443196,-77.02278913
WHITELAW MARKET,Grocery Store,1846 13TH ST NW ,WASHINGTON,DC,20009,Not Available,38.91542239,-77.02987566
COOKIE'S CORNER,Grocery Store,1970 2ND ST NW ,WASHINGTON,DC,20001,Not Available,38.91752142,-77.0147958
GAULT MARKET INC,Grocery Store,4003 GAULT PL NE ,WASHINGTON,DC,20019,Not Available,38.89890858,-76.94586316
JOHN LLC,Grocery Store,5319 EAST CAPITOL ST SE ,WASHINGTON,DC,20019,Not Available,38.88941161,-76.92530643
3659 GEORGIA AVE INC,Grocery Store,3659 GEORGIA AVE NW ,WASHINGTON,DC,20010,Not Available,38.93611423,-77.02400728
TAMZEE INCORPORATED,Grocery Store,2033 BENNING RD NE ,WASHINGTON,DC,20002,Not Available,38.89830169,-76.97437494
CENTRAL SPICE INC,Grocery Store,5579 CENTRAL AVE SE ,WASHINGTON,DC,20019,Not Available,38.88558448,-76.91903875
CENTRAL CONVENIENCE INC,Grocery Store,5575 CENTRAL AVE SE ,WASHINGTON,DC,20019,Not Available,38.8856048962,-76.9192527623
Restaurant Associates,Restaurant,25 MASSACHUSETTS AVE NW ,WASHINGTON,DC,20001,Not Available,38.89847585,-77.01035855
The Culinary District,Restaurant,1914 9TH ST NW ,WASHINGTON,DC,20001,Not Available,38.91603411,-77.02422214
Glover Park Grill,Restaurant,2505 WISCONSIN AVE NW ,WASHINGTON,DC,20007,Not Available,38.92333624,-77.07274526
1107 Safi LLC  101 Rhode Island ave,Restaurant,101 RHODE ISLAND AVE NW ,WASHINGTON,DC,20001,Not Available,38.915938339,-77.012360754
HIS&HERS RESTAURANT DC LLC,Restaurant,2214 RHODE ISLAND AVE NE ,WASHINGTON,DC,20018,Not Available,38.93064154,-76.97355553
ITALIANI K STREET LLC,Restaurant,508 K ST NW ,WASHINGTON,DC,20001,Not Available,38.9022246945,-77.0194395604
Jake's Tavern,Restaurant,1606 7TH ST NW ,WASHINGTON,DC,20001,Not Available,38.91143939,-77.02214667
MARCELLINO LLC,Restaurant,300 MORSE ST NE ,WASHINGTON,DC,20002,Not Available,38.90899572,-77.00088778
Toastique Union Market LLC.,Restaurant,325 MORSE ST NE ,WASHINGTON,DC,20002,Not Available,38.90805993,-77.00102186
JKM INCORPORATED,Restaurant,3720 14TH ST NW ,WASHINGTON,DC,20010,Not Available,38.9377756958,-77.0330593833
WALTER REED RAMEN LLC,Restaurant,1155 DAHLIA ST NW ,WASHINGTON,DC,20012,Not Available,38.97602035,-77.027561
FORTUNA RESTAURANT GROUP LLC,Restaurant,3911 GEORGIA AVE NW ,WASHINGTON,DC,20011,Not Available,38.93914536,-77.02447141
RAMEN UNION MARKET LLC,Restaurant,1259 4TH ST NE ,WASHINGTON,DC,20002,Not Available,38.90809288,-76.99947472
"Muni, LLC",Restaurant,1400 14TH ST NW ,WASHINGTON,DC,20005,Not Available,38.90897171,-77.03223181
SKYLAND NAIL SALON & SPA LLC.,Beauty Shop,2203 TOWN CENTER DR SE ,WASHINGTON,DC,20020,Not Available,38.86172865,-76.96886222
Inari Salon and Spa,Beauty Shop,1425 K ST NW ,WASHINGTON,DC,20005,Not Available,38.9029133,-77.03303781
Glosslab Union Market,Beauty Shop,1260 5TH ST NE ,WASHINGTON,DC,20002,Not Available,38.90789487,-76.99885582
Polished of Georgetown,Beauty Shop,1425 WISCONSIN AVE NW ,WASHINGTON,DC,20007,Not Available,38.90901362,-77.0639175
MACARTHUR & RESERVOIR INC.,Gasoline Dealer,4812 MACARTHUR BLVD NW ,WASHINGTON,DC,20007,Not Available,38.91630015,-77.09608652
Unknown,Bed and Breakfast,4414 DOUGLAS ST NE ,WASHINGTON,DC,20019,Not Available,38.91104714,-76.93971089
Lyndon Powell,Bed and Breakfast,1244 WYLIE ST NE ,WASHINGTON,DC,20002,Not Available,38.9008726,-76.98871076
XL West End,Bed and Breakfast,2526 L ST NW ,WASHINGTON,DC,20037,Not Available,38.90355128,-77.05438442
Lamont Street Vending,Bed and Breakfast,1114 LAMONT ST NW ,WASHINGTON,DC,20010,Not Available,38.93046871,-77.02846904
Capitol View llc,Bed and Breakfast,220 14TH ST SE ,WASHINGTON,DC,20003,Not Available,38.88708446,-76.98529845
"COALITION FOR THE HOMELESS, INC. (THE)",Boarding House,1318 PARK RD NW ,WASHINGTON,DC,20010,2023289689.0,38.93078866,-77.03048079
MJ PROPERTY LLC,Boarding House,4115 8TH ST NW ,WASHINGTON,DC,20011,Not Available,38.9414005037,-77.0230963052
Unknown,Boarding House,30 S ST NW ,WASHINGTON,DC,20001,Not Available,38.91388616,-77.01016985
DUPONT CIRCLE HOTEL OWNER LP,Hotel,1615 RHODE ISLAND AVE NW ,WASHINGTON,DC,20036,Not Available,38.90701453,-77.03807745
"SQUARE 369 HOTEL TRS, LLC.",Hotel,901 L ST NW ,WASHINGTON,DC,20001,Not Available,38.90437992,-77.0243789
1731 NH AVENUE OWNER LLC.,Hotel,1731 NEW HAMPSHIRE AVE NW ,WASHINGTON,DC,20009,Not Available,38.91333997,-77.03947104
Hyatt House Washington DC | The Wharf,Hotel,725 WHARF ST SW ,WASHINGTON,DC,20024,Not Available,38.87850912,-77.02402651
Embassy Suites Downtown,Hotel,1250 22ND ST NW ,WASHINGTON,DC,20037,Not Available,38.90688922,-77.04940873
Embassy Suites Hotel,Hotel,900 10TH ST NW ,WASHINGTON,DC,20001,Not Available,38.90197959,-77.02627337
"LHO TOM JOAD CIRCLE DC LESSEE, LLC",Hotel,1155 14TH ST NW ,WASHINGTON,DC,20005,Not Available,38.90509028,-77.03156817
ALICE RE HOLDINGS LLC.,Hotel,1011 K ST NW ,WASHINGTON,DC,20005,Not Available,38.9027884,-77.02649824
"AREPII CC Hotel, LLC",Hotel,5335 WISCONSIN AVE NW ,WASHINGTON,DC,20015,Not Available,38.9601254,-77.08484432
Patterson Owner SPE LLC,Hotel,15 DUPONT CIR NW ,WASHINGTON,DC,20036,Not Available,38.90988485,-77.04247517
"Thompson Washington DC c/o Oxford Hotels & Resorts, LLC",Hotel,221 TINGEY ST SE ,WASHINGTON,DC,20003,Not Available,38.87469056,-77.00268281
Courtyard Washington DC/Foggy Bottom,Hotel,515 20TH ST NW ,WASHINGTON,DC,20006,Not Available,38.89651445,-77.0446879
THE HENLEY PARK HOTEL,Hotel,926 MASSACHUSETTS AVE NW ,WASHINGTON,DC,20001,2026385200.0,38.9031471936,-77.0257371346
DOYLE DUPONT LLC,Hotel,1500 NEW HAMPSHIRE AVE NW ,WASHINGTON,DC,20036,2027970156.0,38.91064775,-77.04308452
CANAL COMPANY HOUSE LLC,Inn And Motel,1061 31ST ST NW ,WASHINGTON,DC,20007,2023459650.0,38.9043268,-77.06096824
LYRIC OPCO HOLDINGS LLC,Inn And Motel,1701 14TH ST NW ,WASHINGTON,DC,20009,Not Available,38.91277734,-77.03169979
2465 18th BG MAV LLC,Inn And Motel,2465 18TH ST NW ,WASHINGTON,DC,20009,Not Available,38.92213694,-77.04219348
Pars Corporation,Auto Rental,2606 BLADENSBURG RD NE ,WASHINGTON,DC,20018,Not Available,38.92382662,-76.96708939
MOMO & MANGO LLC,Auto Wash,2735 MARTIN LUTHER KING J AVE SE ,WASHINGTON,DC,20032,Not Available,38.8472651188,-76.9963802871
Washingtonians Car Wash Corp,Auto Wash,6315 GEORGIA AVE NW ,WASHINGTON,DC,20011,Not Available,38.96662179,-77.02706246
NATIONAL REHABILITATION           HOSPITAL INC.,Driving School,102 IRVING ST NW ,WASHINGTON,DC,20010,2028771531.0,38.93054285,-77.01334349
A TOW KRANE & RECOVERY SERVICE LLC,Tow Truck,3399 BENNING RD NE ,WASHINGTON,DC,20019,Not Available,38.89623133,-76.95793642
Is Wrecker Service LLC DBA I AM Towing,Tow Truck,1708 GOOD HOPE RD SE ,WASHINGTON,DC,20020,Not Available,38.8661208,-76.98017942
ADAM TOWING AND RECOVERY INC,Tow Truck,1075 KENILWORTH AVE NE ,WASHINGTON,DC,20019,Not Available,38.90396974,-76.94119787
RICKY'S TOWING INC,Tow Truck Business,916 TAYLOR ST NW ,WASHINGTON,DC,20011,2028824330.0,38.94056475,-77.02593797
ADAMS TOWING INC,Tow Truck Business,916 TAYLOR ST NW ,WASHINGTON,DC,20011,Not Available,38.94056475,-77.02593797
METRO PETRO INC,Delicatessen,2230 NEW YORK AVE NE ,WASHINGTON,DC,20002,Not Available,38.91769118,-76.97315767
AAT LLC,Delicatessen,4201 MASSACHUSETTS AVE NW ,WASHINGTON,DC,20016,Not Available,38.93583779,-77.08187114
THREE STAR LLC,Delicatessen,3651 GEORGIA AVE NW ,WASHINGTON,DC,20010,Not Available,38.9359301,-77.02397723
amarjit singh; amarjit singh,Food Products,1050 17TH ST NW ,WASHINGTON,DC,20036,Not Available,38.90336326,-77.03882636
J&JB CORPORATION,Food Products,2917 MARTIN LUTHER KING J AVE SE ,WASHINGTON,DC,20032,Not Available,38.8459688,-76.99728371
T JIYA SOHAL CORPORATION,Food Products,1625 1627 1ST ST NW ,WASHINGTON,DC,20001,Not Available,38.9118232,-77.01189077
WALGREENS #17712,Food Products,1306 U ST NW ,WASHINGTON,DC,20001,Not Available,38.91677567,-77.03005427
"Virginia Market, LLC",Food Products,1776 U ST NW ,WASHINGTON,DC,20009,Not Available,38.9167676,-77.04115552
501 Wine & Spirits LLC.,Food Products,1501 HARRY THOMAS WAY NE ,WASHINGTON,DC,20002,Not Available,38.9120116151,-77.0017809445
Barrel House Liquors,Food Products,1339 14TH ST NW ,WASHINGTON,DC,20005,Not Available,38.90854145,-77.03163196
GB License LLC,Food Products,4221 CONNECTICUT AVE NW ,WASHINGTON,DC,20008,Not Available,38.94380738,-77.06284154
Capitol Convenience,Food Products,1400 NORTH CAPITOL ST NW ,WASHINGTON,DC,20002,Not Available,38.90871741,-77.00940643
MENICKS MARKET,Grocery Store,4401 NANNIE HELEN BURROUG AVE NE ,WASHINGTON,DC,20019,Not Available,38.90030776,-76.93893074
NAI Saturn Eastern LLC,Grocery Store,490 L ST NW ,WASHINGTON,DC,20001,Not Available,38.90348935,-77.01835263
Safeway,Grocery Store,322 40TH ST NE ,WASHINGTON,DC,20003,Not Available,38.89313233,-76.94745494
WHITELAW MARKET,Grocery Store,1846 13TH ST NW ,WASHINGTON,DC,20009,Not Available,38.91542239,-77.02987566
New Neighborhood Market,Grocery Store,1611 RHODE ISLAND AVE NE ,WASHINGTON,DC,20018,Not Available,38.9262145513,-76.9812900147
JS LLC,Grocery Store,936 RHODE ISLAND AVE NE ,WASHINGTON,DC,20018,Not Available,38.92260905,-76.99271556
Noble convenience LLC,Grocery Store,1305 H ST NE ,WASHINGTON,DC,20002,Not Available,38.90001027,-76.98798347
ZARE LLC,Grocery Store,3715 GEORGIA AVE NW ,WASHINGTON,DC,20010,Not Available,38.93722563,-77.02421492
LUCKY CORNER STORE,Grocery Store,5415 GEORGIA AVE NW ,WASHINGTON,DC,20011,Not Available,38.9556751014,-77.0276967734
CLOUD RESTAURANT & LOUNGE SPORTS BAR,Restaurant,1919 9TH ST NW ,WASHINGTON,DC,20001,Not Available,38.9163408,-77.02366588
ZEMEN M. LLC.,Restaurant,1915 9TH ST NW ,WASHINGTON,DC,20001,Not Available,38.91621743,-77.02374391
TEST RECORD DO NOT PROCESS,Restaurant,1600 TAYLOR ST NE ,WASHINGTON,DC,20017,Not Available,38.94098207,-76.98220189
Lux Dc Restaurant llc,Restaurant,3001 GEORGIA AVE NW ,WASHINGTON,DC,20001,Not Available,38.92829201,-77.02285794
"AmLux Cafe, Beer Wine & Spirits",Restaurant,1255 23RD ST NW ,WASHINGTON,DC,20037,Not Available,38.90639501,-77.04978655
LIFE 1 LLC,Restaurant,1919 9TH ST NW ,WASHINGTON,DC,20001,Not Available,38.9163408,-77.02366588
KANWAL INC,Delicatessen,2210 BLADENSBURG RD NE ,WASHINGTON,DC,20018,Not Available,38.9200724179,-76.970793059
FORT DRUM MARKET,Delicatessen,4686 MARTIN LUTHER KING J AVE SW ,WASHINGTON,DC,20032,Not Available,38.82094888,-77.01066836
IM SHIN ENTERPRISES INC,Delicatessen,516 23RD ST NW ,WASHINGTON,DC,20037,Not Available,38.89652685,-77.05114142
WALGREENS #16290,Delicatessen,50 MASSACHUSETTS AVE NE ,WASHINGTON,DC,20002,Not Available,38.89761945,-77.00617579
NEW CONGRESIONAL LIQUORS,Delicatessen,404 1ST ST SE ,WASHINGTON,DC,20003,Not Available,38.88481775,-77.00556463
GET SMART 2 INC.,Delicatessen,4510 EAST CAPITOL ST NE ,WASHINGTON,DC,20019,Not Available,38.89001852,-76.93724019
AND ENTERPRISE INC,Food Products,333 HAWAII AVE NE ,WASHINGTON,DC,20011,Not Available,38.94117064,-77.00081644
H & R MART INC.,Food Products,1813 BENNING RD NE ,WASHINGTON,DC,20002,Not Available,38.89878125,-76.97722356
MAS INC,Food Products,3710 MINNESOTA AVE NE ,WASHINGTON,DC,20019,Not Available,38.8910085,-76.95269679
FAMILY DOLLAR C/O DOLLAR TREE,Food Products,1121 H ST NE ,WASHINGTON,DC,20002,Not Available,38.90000698,-76.99068361
JJ Liquors,Food Products,1211 BRENTWOOD RD NE ,WASHINGTON,DC,20018,Not Available,38.92017071,-76.98958975
Three Way Spirits LLC.,Food Products,4823 GEORGIA AVE NW ,WASHINGTON,DC,20011,Not Available,38.94924031,-77.02681879
Dixie Inc,Food Products,3429 M ST NW ,WASHINGTON,DC,20007,Not Available,38.90521384,-77.06877393
Zoo Wine & Spirits LLC,Food Products,3000 CONNECTICUT AVE NW ,WASHINGTON,DC,20008,Not Available,38.9298928,-77.05556543
MHAT & DM LLC,Grocery Store,5010 NEW HAMPSHIRE AVE NW ,WASHINGTON,DC,20011,Not Available,38.95140836,-77.01229849
AHOLD USA LICENSING DEPARTMENT,Grocery Store,300 H ST NE ,WASHINGTON,DC,20002,7172407541.0,38.90043037,-77.00164474
UPTOWN MART LLC.,Grocery Store,2701 14TH ST NW ,WASHINGTON,DC,20009,Not Available,38.92502379,-77.03205305
ECONOMY MARKET,Grocery Store,1804 D ST NE ,WASHINGTON,DC,20002,Not Available,38.8949735415,-76.9787057002
ABG MART,Grocery Store,2216 MARTIN LUTHER KING J AVE SE ,WASHINGTON,DC,20020,Not Available,38.86425442,-76.98983826
ABYO LLC,Grocery Store,1517 MARION BARRY AVE SE ,WASHINGTON,DC,20020,Not Available,38.86614159,-76.98270428
NORTH CAPITOL CONVENIENCE LLC.,Grocery Store,1503 NORTH CAPITOL ST NE ,WASHINGTON,DC,20002,Not Available,38.90984723,-77.0087262
3659 GEORGIA AVE INC,Grocery Store,3659 GEORGIA AVE NW ,WASHINGTON,DC,20010,Not Available,38.93611423,-77.02400728
AJES LLC,Grocery Store,3101 RHODE ISLAND AVE NE ,WASHINGTON,DC,20018,Not Available,38.93440622,-76.9642434
NEWDAY TOBACCO AND GROCERY LLC,Grocery Store,802 H ST NW ,WASHINGTON,DC,20001,Not Available,38.89963525,-77.02321144
"U FIRST MART, Inc.",Grocery Store,1942 1ST ST NW ,WASHINGTON,DC,20001,Not Available,38.91685797,-77.01241545
TSEDAL LLC,Restaurant,2424 PENNSYLVANIA AVE NW ,WASHINGTON,DC,20037,Not Available,38.902983,-77.05227263
727 CONCEPT LLC.,Restaurant,727 15TH ST NW ,WASHINGTON,DC,20005,Not Available,38.89960988,-77.03325439
"TG Cigars, Inc.",Restaurant,1120 9TH ST NW ,WASHINGTON,DC,20001,Not Available,38.9050144,-77.02425276
Meskerem M. Abebe LLC,Restaurant,1917 9TH ST NW ,WASHINGTON,DC,20001,Not Available,38.91627125,-77.02368616
OXYZEN O2 LOUNGE INC.,Restaurant,2839 GEORGIA AVE NW ,WASHINGTON,DC,20001,Not Available,38.92711105,-77.02269461
The Clayton CA DC LLC,Restaurant,405 8TH ST NW ,WASHINGTON,DC,20004,Not Available,38.89531953,-77.02270455
"USF S&H DC, LLC.",Health Spa,315 G ST SE ,WASHINGTON,DC,20003,Not Available,38.88099168,-77.00117902
"GBG, LLC",Health Spa,1101 CONNECTICUT AVE NW ,WASHINGTON,DC,20036,Not Available,38.90403246,-77.03973497
EQUINOX SPORTS CLUB,Massage Establishment,1170 22ND ST NW ,WASHINGTON,DC,20037,Not Available,38.90482902,-77.04910351
G&W,Massage Establishment,1629 CONNECTICUT AVE NW ,WASHINGTON,DC,20009,Not Available,38.91211295,-77.04446245
HOTEL DC TRS LLC,Massage Establishment,515 15TH ST NW ,WASHINGTON,DC,20004,Not Available,38.89695532,-77.03339079
DELUCA,Massage Establishment,2030 P ST NW ,WASHINGTON,DC,20036,Not Available,38.9094218658,-77.0462237851
GEORGETOWN CUPCAKE LLC,Bakery,3301 M ST NW ,WASHINGTON,DC,20007,Not Available,38.90524749,-77.06619192
Le Caprice DC Cafe Bakery,Bakery,3460 14TH ST NW ,WASHINGTON,DC,20010,Not Available,38.93290697,-77.03301422
SKS Holdings Coffee LLC,Bakery,601 13TH ST NW ,WASHINGTON,DC,20005,Not Available,38.89784245,-77.02914089
D Light Cafe Inc.,Restaurant,2475 18TH ST NW ,WASHINGTON,DC,20009,Not Available,38.92238825,-77.04226329
ANCHOR MENTAL HEALTH,Caterers,1001 LAWRENCE ST NE ,WASHINGTON,DC,20017,2026355900.0,38.93128746,-76.99210468
TOP SPANISH CATERING INC.,Caterers,3541 GEORGIA AVE NW ,WASHINGTON,DC,20010,2027231596.0,38.93393206,-77.02369664
Unknown,Caterers,322 MASSACHUSETTS AVE NE ,WASHINGTON,DC,20002,Not Available,38.89444828,-77.00093337
MUSEUM OF THE BIBLE INC (THE),Caterers,400 4TH ST SW ,WASHINGTON,DC,20024,Not Available,38.88483077,-77.01713774
THE CAPITAL BURGER #3200 - LICENSING,Caterers,1005 7TH ST NW ,WASHINGTON,DC,20001,Not Available,38.90331231,-77.02162109
UZU L.L.C.,Caterers,2800 10TH ST NE ,WASHINGTON,DC,20017,Not Available,38.92581574,-76.99276286
PROVOST LLC,Caterers,2129 RHODE ISLAND AVE NE ,WASHINGTON,DC,20018,Not Available,38.92984697,-76.97388625
K&A CATERING LLC,Caterers,2800 10TH ST NE ,WASHINGTON,DC,20017,Not Available,38.92581574,-76.99276286
"Made to Measure Cocktails, LLC",Caterers,2221 ADAMS PL NE ,WASHINGTON,DC,20018,Not Available,38.91925364,-76.9738869
Mozzeria DC LLC,Caterers,1300 H ST NE ,WASHINGTON,DC,20002,Not Available,38.90047403,-76.98806974
"SmokeDatt BBQ, Inc",Caterers,5830 GEORGIA AVE NW ,WASHINGTON,DC,20011,Not Available,38.96096531,-77.02827735
Best Cuts DC,Caterers,1369 NEW YORK AVE NE ,WASHINGTON,DC,20002,Not Available,38.91529142,-76.98528226
Jangueo Mobile Bar,Caterers,2800 10TH ST NE ,WASHINGTON,DC,20017,Not Available,38.92581574,-76.99276286
Triceys DC LLC,Caterers,703 EDGEWOOD ST NE ,WASHINGTON,DC,20017,Not Available,38.9250448,-76.99582567
Asem Jawa LLC,Caterers,2800 10TH ST NE ,WASHINGTON,DC,20017,Not Available,38.92581574,-76.99276286
"Chef Katrell, LLC",Caterers,703 EDGEWOOD ST NE ,WASHINGTON,DC,20017,Not Available,38.9250448,-76.99582567
THE CULINARY MIRACLE INNOVATOR,Caterers,2375 ELVANS RD SE ,WASHINGTON,DC,20020,Not Available,38.8551751573,-76.9843861126
IndyKis Desserts & Catering Limited Liability Company,Caterers,2375 ELVANS RD SE ,WASHINGTON,DC,20020,Not Available,38.8551751573,-76.9843861126
RED RABBIT LLC,Caterers,1625 ECKINGTON PL NE ,WASHINGTON,DC,20002,Not Available,38.91199724,-77.00399957
SAVVY CHOW,Caterers,1369 NEW YORK AVE NE ,WASHINGTON,DC,20002,Not Available,38.91529142,-76.98528226
Diaspora Fusion Concepts LLC,Caterers,2375 ELVANS RD SE ,WASHINGTON,DC,20020,Not Available,38.8551751573,-76.9843861126
MESS HALL,Restaurant,703 EDGEWOOD ST NE ,WASHINGTON,DC,20017,2025508780.0,38.9250448,-76.99582567
THE GREAT AMERICAN BISTRO,Restaurant,1545 NEW JERSEY AVE NW ,WASHINGTON,DC,20001,Not Available,38.91094909,-77.01638223
SRG Phase2 LLC,Restaurant,685 WHARF ST SW ,WASHINGTON,DC,20024,Not Available,38.87773421,-77.02314196
Lula Maes Gardin LLC,Restaurant,107 KENNEDY ST NW ,WASHINGTON,DC,20011,Not Available,38.95681548,-77.01206695
"B & S BUSINESS ENTERPRISES, INC.",Delicatessen,2924 MINNESOTA AVE SE ,WASHINGTON,DC,20019,2025823550.0,38.8763629947,-76.9653659126
NARDOS TOWING & RECOVERY LLC,Tow Truck Business,1229 KENILWORTH AVE NE ,WASHINGTON,DC,20019,Not Available,38.90679486,-76.9384179
ANT TOWING & STORAGE,Tow Truck Storage Lot,2205 CHANNING ST NE ,WASHINGTON,DC,20018,Not Available,38.9221009565,-76.9736306571
MURPHY'S AUTO BODY INC,Tow Truck Storage Lot,1708 GOOD HOPE RD SE ,WASHINGTON,DC,20020,Not Available,38.8661208,-76.98017942
AAE TOWING,Tow Truck Storage Lot,1710 Marion Barry AVE SE ,WASHINGTON,DC,20020,Not Available,38.86618509,-76.97982358
YOUNGS TOWING,Tow Truck Storage Lot,2132 WEST VIRGINIA AVE NE ,WASHINGTON,DC,20002,Not Available,38.9164136253,-76.9793867676
B&G TOWING RECOVERY INC,Tow Truck Storage Lot,1075 KENILWORTH AVE NE ,WASHINGTON,DC,20019,Not Available,38.90396974,-76.94119787
2501 PENN LLC.,Gasoline Dealer,2501 PENNSYLVANIA AVE SE ,WASHINGTON,DC,20020,Not Available,38.87298301,-76.97058808
Embassy Suites Hotel,Hotel,900 10TH ST NW ,WASHINGTON,DC,20001,Not Available,38.90197959,-77.02627337
BJ & M INC,Delicatessen,1629 COLUMBIA RD NW ,WASHINGTON,DC,20009,Not Available,38.92610461,-77.03784927
LIFFS MARKET L.L.C.,Delicatessen,600 ALABAMA AVE SE ,WASHINGTON,DC,20032,2026693174.0,38.84341954,-76.99758687
IM SHIN ENTERPRISES INC,Delicatessen,516 23RD ST NW ,WASHINGTON,DC,20037,Not Available,38.89652685,-77.05114142
7-ELEVEN INC,Delicatessen,3218 PENNSYLVANIA AVE SE ,WASHINGTON,DC,20020,Not Available,38.86973056,-76.95983656
STREETS MARKET,Delicatessen,3427 CONNECTICUT AVE NW ,WASHINGTON,DC,20008,Not Available,38.93523531,-77.05788456
DDS/RSA-RANDOLPH-SHEPARD VENDING FACILITY PROGRAM,Delicatessen,600 19TH ST NW ,WASHINGTON,DC,20431,Not Available,38.89786081,-77.04384017
ABIDAN LLC t/a Argyle Convenience Store,Delicatessen,3220 17TH ST NW ,WASHINGTON,DC,20010,Not Available,38.93229816,-77.03921799
"7-ELEVEN, INC.",Delicatessen,5210 3RD ST NE ,WASHINGTON,DC,20011,Not Available,38.9529270681,-77.0014570919
AST MARKET,Food Products,3182 BLADENSBURG RD NE ,WASHINGTON,DC,20018,2025261496.0,38.92981797,-76.95991355
FAMILY DOLLAR C/O DOLLAR TREE,Food Products,1121 H ST NE ,WASHINGTON,DC,20002,Not Available,38.90000698,-76.99068361
WALGREENS CO #19268,Food Products,1401 RHODE ISLAND AVE NE ,WASHINGTON,DC,20018,2027225252.0,38.92491183,-76.98370221
TOMY LIQUOR LLC,Food Products,1537 MARION BARRY AVE SE ,WASHINGTON,DC,20020,2028890723.0,38.86609097,-76.98214002
Embassy Row Shell,Food Products,2200 P ST NW ,WASHINGTON,DC,20037,Not Available,38.90930705,-77.04915963
Kusa Market,Food Products,3108 GEORGIA AVE NW ,WASHINGTON,DC,20010-2902,Not Available,38.92939756,-77.02359941
"BODEGA MARKET, LLC.",Grocery Store,1136 FLORIDA AVE NE ,WASHINGTON,DC,20002,Not Available,38.90303925,-76.99035441
ECONOMY MARKET,Grocery Store,1804 D ST NE ,WASHINGTON,DC,20002,Not Available,38.8949735415,-76.9787057002
RAM GROCERY,Grocery Store,3509 WHEELER RD SE ,WASHINGTON,DC,20032,Not Available,38.8391882,-76.9939661
ABG MART,Grocery Store,2216 MARTIN LUTHER KING J AVE SE ,WASHINGTON,DC,20020,Not Available,38.86425442,-76.98983826
WENDIM LIQUORS INC,Grocery Store,2033 BENNING RD NE ,WASHINGTON,DC,20002,Not Available,38.89830169,-76.97437494
JOHN LLC,Grocery Store,5319 EAST CAPITOL ST SE ,WASHINGTON,DC,20019,Not Available,38.88941161,-76.92530643
NAOM LLC,Grocery Store,1812 HAMLIN ST NE ,WASHINGTON,DC,20018,Not Available,38.92845685,-76.97839423
TAMZEE INCORPORATED,Grocery Store,2033 BENNING RD NE ,WASHINGTON,DC,20002,Not Available,38.89830169,-76.97437494
Unknown,Barber Shop,1232 H ST NE ,WASHINGTON,DC,20002,2023880378.0,38.90038555,-76.98908828
TWO MAC'S BARBER SHOP,Barber Shop,6307 GEORGIA AVE NW ,WASHINGTON,DC,20011,2022916422.0,38.96641427,-77.02729328
Unknown,Barber Shop,2612 GEORGIA AVE NW ,WASHINGTON,DC,20001,2022389598.0,38.9246195,-77.02281906
NATIONAL HARBOR BARBERSHOP,Barber Shop,8 ELMIRA ST SW ,WASHINGTON,DC,20032,Not Available,38.82585235,-77.00788343
"Midtown Barber Shop, Inc.",Barber Shop,120 KENNEDY ST NW ,WASHINGTON,DC,20011,Not Available,38.95639473,-77.01262482
One way barber shop and salon llc,Barber Shop,7309 GEORGIA AVE NW ,WASHINGTON,DC,20012,Not Available,38.97865356,-77.0261875
HABIBS BARBER SHOP,Barber Shop,912 H ST NE ,WASHINGTON,DC,20002,Not Available,38.90038937,-76.99318461
S&S Union Market LLC,Barber Shop,331 N ST NE ,WASHINGTON,DC,20002,Not Available,38.90708028,-77.00101412
Sharp Cuts,Barber Shop,4646 LIVINGSTON RD SE ,WASHINGTON,DC,20032,Not Available,38.82264178,-77.00160978
NGUYEN SISTER AND BROTHER LLC,Barber Shop,1406 P ST NW ,WASHINGTON,DC,20005,Not Available,38.90947308,-77.03242631
Wall's Barber Shop,Barber Shop,1660 L ST NW ,WASHINGTON,DC,20036,Not Available,38.90347188,-77.03807775
"Bravado Hair Design, LLC",Beauty Shop,655 C ST SE ,WASHINGTON,DC,20003,Not Available,38.88586695,-76.9966206
BANG SALON,Beauty Shop,1515 15TH ST NW ,WASHINGTON,DC,20005,2025885555.0,38.90997196,-77.03424698
"BLOOM, INC",Beauty Shop,1180 F ST NW ,WASHINGTON,DC,20004,2023473333.0,38.89718631,-77.02782404
One way barber shop and salon llc,Barber Shop,7309 GEORGIA AVE NW ,WASHINGTON,DC,20012,Not Available,38.97865356,-77.0261875
"WATERGATE HOTEL LESSEE, LLC.",Beauty Shop,2650 VIRGINIA AVE NW ,WASHINGTON,DC,20037,Not Available,38.89933514,-77.05581934
MARTHA'S UNISEX SALON INC,Beauty Shop,3529 14TH ST NW ,WASHINGTON,DC,20010,Not Available,38.93577937,-77.03240863
BLUEBELL SPA,Beauty Shop,3705 14TH ST NW ,WASHINGTON,DC,20010,Not Available,38.93728804,-77.03245592
GEORGETOWN BARBERSHOP CO LLC,Beauty Shop,3283 M ST NW ,WASHINGTON,DC,20007,Not Available,38.90531117,-77.06556803
"XCLUSIVE BEAUTY SALON, LLC",Beauty Shop,3121 MOUNT PLEASANT ST NW ,WASHINGTON,DC,20010,Not Available,38.92931679,-77.0372448
WATERGATE HAIRSTYLISTS INC.,Beauty Shop,2532 VIRGINIA AVE NW ,WASHINGTON,DC,20037,Not Available,38.8987139,-77.05434915
BRISTLE HAIRDRESSING LLC,Beauty Shop,1770 COLUMBIA RD NW ,WASHINGTON,DC,20009,Not Available,38.92341208,-77.04107518
Ian McCabe Studio at Union Market,Beauty Shop,1268 5TH ST NE ,WASHINGTON,DC,20002,Not Available,38.90807504,-76.99875285
"INGLESIDE PRESBYTERIAN RETIREMENT COMMUNITY, INC. (THE)",Beauty Shop,3050 MILITARY RD NW ,WASHINGTON,DC,20015,Not Available,38.96007796,-77.06116281
Jasmines Hair Gallery,Beauty Shop,2202 MARTIN LUTHER KING J AVE SE ,WASHINGTON,DC,20020,Not Available,38.8646853899,-76.9896252665
Vibrant Textures Hair Studio,Beauty Shop,3530 12TH ST NE ,WASHINGTON,DC,20017,Not Available,38.93334019,-76.99125166
Luigi Parasmo Salon and Spa,Beauty Shop,1359 WISCONSIN AVE NW ,WASHINGTON,DC,20007,Not Available,38.90812417,-77.06351836
4 SEASONS NAIL & SPA LLC,Beauty Shop,468 K ST NW ,WASHINGTON,DC,20001,Not Available,38.90225266,-77.01846725
TGR BEAUTY LLC,Beauty Shop,2201 CHANNING ST NE ,WASHINGTON,DC,20018,Not Available,38.9221509,-76.97391017
Denebian Syzygy,Beauty Shop,2401 PENNSYLVANIA AVE NW ,WASHINGTON,DC,20037,Not Available,38.90348021,-77.05184954
Inari Salon and Spa,Beauty Shop,1425 K ST NW ,WASHINGTON,DC,20005,Not Available,38.9029133,-77.03303781
FERRARI & CLOTT LLC,Beauty Shop,1125 18TH ST NW ,WASHINGTON,DC,20036,Not Available,38.90474037,-77.04146506
Tejvi Salons inc,Beauty Shop,1006 E ST NW ,WASHINGTON,DC,20004,Not Available,38.89598229,-77.02648799
COLONNADE SALON LLC,Beauty Shop,2801 NEW MEXICO AVE NW ,WASHINGTON,DC,20007,Not Available,38.92670066,-77.08045576
NGUYEN SISTER AND BROTHER LLC,Beauty Shop,1406 P ST NW ,WASHINGTON,DC,20005,Not Available,38.90947308,-77.03242631
Jacquie Ohs Hair Salon,Beauty Shop,1325 18TH ST NW ,WASHINGTON,DC,,Not Available,38.90799196,-77.04136606
"MARIAME HAIR BRAIDING, LLC.",Beauty Shop Braiding,3815 MINNESOTA AVE NE ,WASHINGTON,DC,20019,Not Available,38.89233917,-76.95082578
C Alan Systems LLC.,Beauty Shop,923 U ST NW ,WASHINGTON,DC,20001,Not Available,38.91718397,-77.02489352
"SKIN BEAUTY BAR, INC.",Beauty Shop Esthetics,749 8TH ST SE ,WASHINGTON,DC,20003,Not Available,38.8796358,-76.99525278
TOE TALLY NAILS INC,Beauty Shop,3511 CONNECTICUT AVE NW ,WASHINGTON,DC,20008,Not Available,38.93604962,-77.0581467
Unknown,Beauty Shop Nails,3320 GEORGIA AVE NW ,WASHINGTON,DC,20010,Not Available,38.93159362,-77.02385283
"NAILS & SPA, INC.",Beauty Shop Nails,5606 CONNECTICUT AVE NW ,WASHINGTON,DC,20015,Not Available,38.96513178,-77.0760115
BEST NAIL SALON,Beauty Shop Nails,3224 PENNSYLVANIA AVE SE ,WASHINGTON,DC,20020,2025750413.0,38.86966898,-76.95967631
BLUE BELL INC,Beauty Shop Nails,700 O ST NW ,WASHINGTON,DC,20001,Not Available,38.9083357,-77.02226827
AQN-WDC LLC,Beauty Shop Nails,1643 CONNECTICUT AVE NW ,WASHINGTON,DC,20009,Not Available,38.9123232878,-77.0445613985
MYE NAILS & SPA,Beauty Shop Nails,1744 COLUMBIA RD NW ,WASHINGTON,DC,20009,Not Available,38.92383145,-77.04047368
Relaxed Nails Spa,Beauty Shop Nails,5505 CONNECTICUT AVE NW ,WASHINGTON,DC,20015,Not Available,38.96326855,-77.0742679
Lavish Nail Spa,Beauty Shop Nails,3416 CONNECTICUT AVE NW ,WASHINGTON,DC,20008,Not Available,38.93468916,-77.0583735
nailsaloon Walter Reed,Beauty Shop Nails,7175 12TH ST NW ,WASHINGTON,DC,20012,Not Available,38.97691224,-77.02761513
ALOHA NAILS LOUNGE,Beauty Shop Nails,1304 5TH ST NE ,WASHINGTON,DC,20002,Not Available,38.90892569,-76.99814742
VIDA FITNESS,Health Spa,1515 15TH ST NW ,WASHINGTON,DC,20005,2029392563.0,38.90997196,-77.03424698
"GBG, LLC",Health Spa,1101 CONNECTICUT AVE NW ,WASHINGTON,DC,20036,Not Available,38.90403246,-77.03973497
7-ELEVEN LICENSING,Delicatessen,3900 MARTIN LUTHER KING J AVE SW ,WASHINGTON,DC,20032,Not Available,38.8324014452,-77.0087348195
MAGRUDERS OF DC,Delicatessen,5626 CONNECTICUT AVE NW ,WASHINGTON,DC,20015,Not Available,38.96554578,-77.07645699
AHOLD USA LICENSING DEPARTMENT,Delicatessen,300 H ST NE ,WASHINGTON,DC,20002,7172407541.0,38.90043037,-77.00164474
COMPASS GROUP USA INC.,Delicatessen,2701 MARTIN LUTHER KING J AVE SE ,WASHINGTON,DC,20032,Not Available,38.85296415,-77.0011554
HOUSE OF MACARONS (THE) L.L.C.,Delicatessen,3222 M ST NW ,WASHINGTON,DC,20007,Not Available,38.90499599,-77.06374039
ZEKE'S COFFEE OF DC,Delicatessen,2300 RHODE ISLAND AVE NE ,WASHINGTON,DC,20018,Not Available,38.93071732,-76.97334572
C & F EVANS SEAFOOD INC,Delicatessen,1100 MAINE AVE SW ,WASHINGTON,DC,20024,3015544173.0,38.88121704,-77.02805247
GOOD HOPE SEAFOOD,Delicatessen,1521 MARION BARRY AVE SE ,WASHINGTON,DC,20020,2026781253.0,38.86611536,-76.9825818
"RUFAEL, INCORPORATED",Delicatessen,5900 GEORGIA AVE NW ,WASHINGTON,DC,20011,2028338301.0,38.9615102955,-77.0284314823
FORTUNE EXPRESS INC.,Delicatessen,4726 14TH ST NW ,WASHINGTON,DC,20011,2027233278.0,38.94794162,-77.03304818
STUDENTS OF GEOREGTOWN INC,Delicatessen,3800 RESERVOIR RD NW ,WASHINGTON,DC,20057,2029442290.0,38.91201376,-77.07530401
MORUSS CRAB AND SEAFOOD DISTRIBUTORS LLC,Delicatessen,2902 MINNESOTA AVE SE ,WASHINGTON,DC,20019,2025832722.0,38.87616941,-76.96579379
ARAMARK ENTERTAINMENT LLC,Delicatessen,601 F ST NW ,WASHINGTON,DC,20004,2026615155.0,38.8980785153,-77.0209572291
ARAMARK ENTERTAINMENT LLC,Delicatessen,601 F ST NW ,WASHINGTON,DC,20004,2026615155.0,38.8980785153,-77.0209572291
S&K INC,Delicatessen,50 MASSACHUSETTS AVE NE ,WASHINGTON,DC,20002,2022897002.0,38.89761945,-77.00617579
LIFFS MARKET L.L.C.,Delicatessen,600 ALABAMA AVE SE ,WASHINGTON,DC,20032,2026693174.0,38.84341954,-76.99758687
STACHOWSKI'S MARKET,Delicatessen,1425 28TH ST NW ,WASHINGTON,DC,20007,Not Available,38.90919324,-77.05695639
SIMPLY BANH MI INC,Delicatessen,1624 WISCONSIN AVE NW ,WASHINGTON,DC,20007,Not Available,38.91145445,-77.06567398
SUNSET COFFEE LLC.,Delicatessen,2904 GEORGIA AVE NW ,WASHINGTON,DC,20001,Not Available,38.927265,-77.02326149
Unknown,Delicatessen,2001 L ST NW ,WASHINGTON,DC,20036,Not Available,38.90403954,-77.04529442
HARPER LLC,Delicatessen,5632 CONNECTICUT AVE NW ,WASHINGTON,DC,20015,Not Available,38.9658016,-77.07647561
LEDROIT MARKET INC.,Delicatessen,1901 4TH ST NW ,WASHINGTON,DC,20001,3019052328.0,38.91605733,-77.01722781
BETTESFA INCORPORATED,Delicatessen,2216 MARTIN LUTHER KING J AVE SE ,WASHINGTON,DC,20020,Not Available,38.86425442,-76.98983826
URFA TOMATO KABOB,Delicatessen,467 FLORIDA AVE NW ,WASHINGTON,DC,20001,Not Available,38.91484093,-77.01802739
JOY'S DELI,Delicatessen,2041 MARTIN LUTHER KING J AVE SE ,WASHINGTON,DC,20020,Not Available,38.86592269,-76.98982639
SHAKESPEARE THEATRE (THE),Delicatessen,610 F ST NW ,WASHINGTON,DC,20004,2025473230.0,38.89712236,-77.02035197
SUBWAY DC INC.,Delicatessen,1101 4TH ST SW ,WASHINGTON,DC,20024,Not Available,38.87766061,-77.01804992
"SWEETGREEN DUPONT, LLC.",Delicatessen,888 17TH ST NW ,WASHINGTON,DC,20006,8053048250.0,38.90109104,-77.03977057
7-ELEVEN 38027 A,Delicatessen,3433 CONNECTICUT AVE NW ,WASHINGTON,DC,20008,Not Available,38.93533119,-77.05800436
LICENSING TEAM,Delicatessen,600 H ST NE ,WASHINGTON,DC,20002,Not Available,38.90040398,-76.99738735
MLK DELI,Delicatessen,3113 MARTIN LUTHER KING J AVE SE ,WASHINGTON,DC,20032,Not Available,38.84355223,-76.99980441
WOODNER MARKET LLC,Delicatessen,3636 16TH ST NW ,WASHINGTON,DC,20010,2023282821.0,38.9364283,-77.03726282
SHAKE SHACK,Delicatessen,975 WHARF ST SW ,WASHINGTON,DC,20024,Not Available,38.88027661,-77.02631528
FIVE GUYS PROPERTIES LLC,Delicatessen,1100 NEW JERSEY AVE SE ,WASHINGTON,DC,20003,Not Available,38.8769516,-77.00394218
MERRY'S KITCHEN,Delicatessen,2929 MARTIN LUTHER KING J AVE SE ,WASHINGTON,DC,20032,2025627180.0,38.84530534,-76.99757345
"HADLEY, LLC",Delicatessen,3708 MACOMB ST NW ,WASHINGTON,DC,20016,Not Available,38.93329272,-77.07292438
"ABI, INC.",Delicatessen,1925 BLADENSBURG RD NE ,WASHINGTON,DC,20002,Not Available,38.91696523,-76.97221679
PICCANTELI LLC,Delicatessen,601 NEW JERSEY AVE NW ,WASHINGTON,DC,20001,Not Available,38.8978527,-77.01153315
ZINZIN INC,Delicatessen,1132 29TH ST NW ,WASHINGTON,DC,20007,Not Available,38.90492224,-77.05822243
ON TOAST DC LLC,Delicatessen,1309 5TH ST NE ,WASHINGTON,DC,20002,Not Available,38.90871669,-76.99765027
SWEET LEAF 8 Corp.,Delicatessen,1152 15TH ST NW ,WASHINGTON,DC,20005,Not Available,38.90493386,-77.0352364
STUDENTS OF GEORGETOWN INC.,Delicatessen,3700 O ST NW ,WASHINGTON,DC,20057,3029853717.0,38.90750247,-77.07273891
BAKERY AND CAFE LA JOLIE BLEUE LLC,Delicatessen,1560 WISCONSIN AVE NW ,WASHINGTON,DC,20007,Not Available,38.91033057,-77.06501828
L'ENFANT DC HOTEL LLC,Delicatessen,480 L'ENFANT PLZ SW ,WASHINGTON,DC,20024,Not Available,38.88390162,-77.02436545
"ARAMARK SPORTS AND ENTERTAINMENT SERVICES, LLC",Delicatessen,801 MT VERNON PL NW ,WASHINGTON,DC,20001,Not Available,38.90358717,-77.02310078
SOMTAM HOLDINGS 1 LLC,Delicatessen,1309 5TH ST NE ,WASHINGTON,DC,20002,Not Available,38.90871669,-76.99765027
THE COFFEE PROJECT LLC,Delicatessen,35 N ST NE ,WASHINGTON,DC,20002,Not Available,38.9070072469,-77.0076008231
Sweet Treats Corp/Coldstone Creamery,Delicatessen,1201 HALF ST SE ,WASHINGTON,DC,20003,Not Available,38.87558305,-77.00786184
"DNA3, LLC",Delicatessen,2490 MARKET ST NE ,WASHINGTON,DC,20018,Not Available,38.9219258598,-76.9523705785
Mosaico by Arepa Zone,Delicatessen,1280 4TH ST NE ,WASHINGTON,DC,20002,Not Available,38.90885456,-76.99959174
Harris Teeter LLC Attn: Compliance Department,Delicatessen,401 M ST SE ,WASHINGTON,DC,20003,Not Available,38.87621685,-77.00009427
Taqueria Xochi,Delicatessen,924 U ST NW ,WASHINGTON,DC,20001,Not Available,38.91683857,-77.02496605
Rice Market,Delicatessen,1608 14TH ST NW ,WASHINGTON,DC,20009,Not Available,38.91149755,-77.03235586
DC INTERNATIONAL MARKET,Delicatessen,3547 GEORGIA AVE NW ,WASHINGTON,DC,20010,Not Available,38.93406508,-77.0237164
Gregorys Coffee,Delicatessen,443 7TH ST NW ,WASHINGTON,DC,20004,Not Available,38.89596905,-77.02169437
RAM Foods Inc.,Delicatessen,7425 GEORGIA AVE NW ,WASHINGTON,DC,20012,Not Available,38.98061915,-77.02619907
Bozzelli's Deli,Delicatessen,3000 K ST NW ,WASHINGTON,DC,20007,Not Available,38.9018141,-77.05975468
PricewaterhouseCoopers LLP,Delicatessen,655 NEW YORK AVE NW ,WASHINGTON,DC,20001,Not Available,38.90346782,-77.02114443
DOLCI GELATI LLC,Delicatessen,3001 CONNECTICUT AVE NW ,WASHINGTON,DC,20008,Not Available,38.93060711,-77.05437784
"Nagaria Enterprises, LLC",Delicatessen,3001 CONNECTICUT AVE NW ,WASHINGTON,DC,20008,Not Available,38.93060711,-77.05437784
The Noodle Lady,Delicatessen,2000 5TH ST NE ,WASHINGTON,DC,20002,Not Available,38.91713131,-76.9998403
Teashi Caf? & Bubble Tea,Delicatessen,1234 19TH ST NW ,WASHINGTON,DC,20036,Not Available,38.9068701,-77.04373249
Mac Market & Deli,Delicatessen,5185 MACARTHUR BLVD NW ,WASHINGTON,DC,20016,Not Available,38.92673614,-77.10272948
The Wydown,Delicatessen,600 H ST NE ,WASHINGTON,DC,20002,Not Available,38.90040398,-76.99738735
JUNG&JUNG ONE INC,Delicatessen,5439 MACARTHUR BLVD NW ,WASHINGTON,DC,20016,Not Available,38.92995694,-77.10649077
Firehook Dupont Circle LLC,Delicatessen,1909 Q ST NW ,WASHINGTON,DC,20009,Not Available,38.91128795,-77.04381222
Masala Street Eatery,Delicatessen,3206 O ST NW ,WASHINGTON,DC,20007,Not Available,38.90770682,-77.06384554
Dolcezza Dupont LLC,Delicatessen,1704 CONNECTICUT AVE NW ,WASHINGTON,DC,20009,Not Available,38.91284722,-77.0456428
Golddwater LLC/Cool Coffee,Delicatessen,3901 12TH ST NE ,WASHINGTON,DC,20017,Not Available,38.93738547,-76.99037064
Tamarind LLC,Delicatessen,2000 5TH ST NE ,WASHINGTON,DC,20002,Not Available,38.91713131,-76.9998403
Shakers,Delicatessen,2012 9TH ST NW ,WASHINGTON,DC,20001,Not Available,38.91742988,-77.02422319
FALBRO LLC,Delicatessen,2016 9TH ST NW ,WASHINGTON,DC,20001,Not Available,38.91751688,-77.02420097
"Gtown Sushi & Poke, Inc.",Delicatessen,3050 K ST NW ,WASHINGTON,DC,20007,Not Available,38.90194421,-77.06091848
DDS/RSA RANDOLPH-SHEPPARD VENDING FACILITY PROGRAM (RSVFP),Delicatessen,1111 CONSTITUTION AVE NW ,WASHINGTON,DC,20001,Not Available,38.89275257,-77.0270696
1926 17TH ST NW LLC,Delicatessen,1926 17TH ST NW ,WASHINGTON,DC,20009,Not Available,38.91663078,-77.03875552
ARAMARK ENTERTAINMENT LLC,Delicatessen,601 F ST NW ,WASHINGTON,DC,,Not Available,38.8980785153,-77.0209572291
"ILC Brand, Inc.",Delicatessen,101 INDEPENDENCE AVE SE ,WASHINGTON,DC,20540,Not Available,38.88673957,-77.00468822
Greenheart,Delicatessen,2000 PENNSYLVANIA AVE NW ,WASHINGTON,DC,20006,Not Available,38.90035538,-77.0457758
Grassfed Griddle,Delicatessen,670 RHODE ISLAND AVE NE ,WASHINGTON,DC,20002,Not Available,38.92210939,-76.99691248
FOR FIVE BAKEHOUSE LLC,Delicatessen,901 K ST NW ,WASHINGTON,DC,20001,Not Available,38.90277626,-77.02546677
ZESTY BITES INC,Delicatessen,400 NORTH CAPITOL ST NW ,WASHINGTON,DC,20001,Not Available,38.89539746,-77.00959833
Bandoola Bowl,Delicatessen,2000 PENNSYLVANIA AVE NW ,WASHINGTON,DC,20006,Not Available,38.90035538,-77.0457758
New York Fortune INC,Delicatessen,209 NEW YORK AVE NW ,WASHINGTON,DC,20001,Not Available,38.90586691,-77.01408619
SakuSaku Flakerie,Delicatessen,1309 5TH ST NE ,WASHINGTON,DC,20002,Not Available,38.90871669,-76.99765027
Shu Lan Inc,Delicatessen,820 1ST ST NE ,WASHINGTON,DC,20002,Not Available,38.90057083,-77.00780891
"Aishwarya DC Ventures LLC dba Papa John's Pizza, 3540",Food Products,914 11TH ST SE ,WASHINGTON,DC,20003,Not Available,38.87873827,-76.9912768
"Groceryworks.com Operating Company, LLC",Grocery Store,6500 PINEY BRANCH RD NW ,WASHINGTON,DC,20012,Not Available,38.96955672,-77.02655688
MACARTHUR & RESERVOIR INC.,Gasoline Dealer,4812 MACARTHUR BLVD NW ,WASHINGTON,DC,20007,Not Available,38.91630015,-77.09608652
CAPITOL RIVER CRUISES,Food Products,3100 K ST NW ,WASHINGTON,DC,20036,3014607447.0,0.0,0.0
EUROMARKET DESIGNS INC,Food Products,4820 MASSACHUSETTS AVE NW ,WASHINGTON,DC,20001,2023646100.0,38.94449833,-77.0955684
"SUPER PHARMACY, L.L.C.",Food Products,1019 H ST NE ,WASHINGTON,DC,20002,2023880050.0,38.89998031,-76.9919275
TRAVELTRADERS HOTEL STORES INC.,Food Products,2500 CALVERT ST NW ,WASHINGTON,DC,20008,7863882500.0,38.92262375,-77.05381823
TRAVELTRADERS HOTEL STORES INC.,Food Products,1000 H ST NW ,WASHINGTON,DC,20001,7863882500.0,38.89934061,-77.02648774
DISTRICT OF COLUMBIA CVS PHARMACY LLC,Food Products,6 7 DUPONT CIR NW ,WASHINGTON,DC,20015,2027851466.0,38.90944035,-77.04448488
POUR LIQUOR & MORE,Food Products,901 M ST NW ,WASHINGTON,DC,20001,2022891414.0,38.90582623,-77.02415319
"American Best Chicken and Waffle, LLC",Delicatessen,380 EASTERN AVE NE ,WASHINGTON,DC,20019,Not Available,38.89467189,-76.9120174
"Everyday Sundae, LLC",Delicatessen,713 KENNEDY ST NW ,WASHINGTON,DC,20011,Not Available,38.95655495,-77.02292862
Blossom Bakery,Delicatessen,1823 WEST VIRGINIA AVE NE ,WASHINGTON,DC,20002,Not Available,38.91087366,-76.98467889
AND ENTERPRISE INC,Food Products,333 HAWAII AVE NE ,WASHINGTON,DC,20011,Not Available,38.94117064,-77.00081644
SERV-U-LIQUOR,Food Products,1935 9TH ST NW ,WASHINGTON,DC,20001,Not Available,38.91656004,-77.0237838
NANNIE HELEN BP,Food Products,5207 NANNIE HELEN BURROUG AVE NE ,WASHINGTON,DC,20019,Not Available,38.89799019,-76.92530886
FAMILY MARKET,Food Products,4626 14TH ST NW ,WASHINGTON,DC,20011,Not Available,38.9469173,-77.03300652
METRO CARE PHARMACY LLC.,Food Products,6323 GEORGIA AVE NW ,WASHINGTON,DC,20011,Not Available,38.96690286,-77.02711519
MOUNT OLIVET INC.,Food Products,1103 MOUNT OLIVET RD NE ,WASHINGTON,DC,20002,Not Available,38.91026292,-76.9856345
AUTOZONE #5235,Food Products,1207 H ST NE ,WASHINGTON,DC,20002,2023381203.0,38.89994612,-76.98978269
WALGREEN CO,Food Products,3301 NEW MEXICO AVE NW ,WASHINGTON,DC,20016,Not Available,38.93364619,-77.08511638
SEYMOURS LIQUORS,Food Products,5579 5581 CENTRAL AVE SE ,WASHINGTON,DC,20019,Not Available,38.88558448,-76.91903875
Piney Branch BP,Food Products,6401 GEORGIA AVE NW ,WASHINGTON,DC,20012,Not Available,38.96753185,-77.02685856
Waldorf Astoria Washington D.C.,Food Products,1100 PENNSYLVANIA AVE NW ,WASHINGTON,DC,20004,Not Available,38.89412373,-77.02757271
Noma Wine & Liquor,Food Products,22 M ST NE ,WASHINGTON,DC,20002,Not Available,38.9058811,-77.00785204
DC DARU LLC,Food Products,1513 RHODE ISLAND AVE NE ,WASHINGTON,DC,20018,Not Available,38.92577794,-76.98215194
TK DC INC.,Food Products,812 H ST NE ,WASHINGTON,DC,20002,Not Available,38.90042186,-76.99433409
"Jade Fitness, Inc",Food Products,1310 PENNSYLVANIA AVE SE ,WASHINGTON,DC,20003,Not Available,38.88156738,-76.98778892
ABS Group Inc. t/a Penn Branch Liquor,Food Products,3228 PENNSYLVANIA AVE SE ,WASHINGTON,DC,20020,Not Available,38.8696358,-76.95960004
899 Beverages LLC,Food Products,899 O ST NW ,WASHINGTON,DC,20001,Not Available,38.90874682,-77.0237179
Barnes & Noble College Booksellers LLC,Food Products,3800 RESERVOIR RD NW ,WASHINGTON,DC,20007,Not Available,38.91201376,-77.07530401
CITATIONS LLC,Food Products,1412 GOOD HOPE RD SE ,WASHINGTON,DC,20020,Not Available,38.86686701,-76.98465388
Peachtree Group,Food Products,317 K ST NW ,WASHINGTON,DC,20001,Not Available,38.90276686,-77.01599103
Renaissance Hotel Operating Company,Restaurant,1127 CONNECTICUT AVE NW ,WASHINGTON,DC,20036,Not Available,38.90444225,-77.03946658
MARCELLINO LLC,Restaurant,300 MORSE ST NE ,WASHINGTON,DC,20002,Not Available,38.90899572,-77.00088778
GUEST SERVICES (#1420),Food Vending Machine,1090 OHIO DR SW ,WASHINGTON,DC,20024,7038499324.0,38.879105,-77.03124459
GUEST SERVICES COMPANY OF VIRGINIA LLC,Food Vending Machine,555 13TH ST NW ,WASHINGTON,DC,20037,7038499300.0,38.89699703,-77.02935404
MORAZAN GROCERY CORPORATION,Grocery Store,3928 14TH ST NW ,WASHINGTON,DC,20011,2027237480.0,38.93943909,-77.03303132
"NORA, OSCAR INC.",Grocery Store,6404 GEORGIA AVE NW ,WASHINGTON,DC,20012,2027227574.0,38.96776377,-77.02779598
LEE'S MINI MARKET INC,Grocery Store,3853 ALABAMA AVE SE ,WASHINGTON,DC,20020,2025930096.0,38.86619055,-76.94986932
S&H 7 INC.,Delicatessen,1255 22ND ST NW ,WASHINGTON,DC,20037,Not Available,38.90668298,-77.04836104
CANALES HILLS CORP.,Grocery Store,225 7TH ST SE ,WASHINGTON,DC,20003,Not Available,38.88641312,-76.99646843
CONNIEBNB,Bed and Breakfast,1620 CRITTENDEN ST NE ,WASHINGTON,DC,20017,Not Available,38.94727331,-76.98226999
Carm LLC.,Bed and Breakfast,1512 UPSHUR ST NW ,WASHINGTON,DC,20011,Not Available,38.94166583,-77.03486917
Unknown,Bed and Breakfast,1114 3RD ST NE ,WASHINGTON,DC,20002,Not Available,38.904189,-77.00225389
Unknown,Bed and Breakfast,408 WOODCREST DR SE ,WASHINGTON,DC,20032,Not Available,38.8387846,-77.00006151
Aknowingspirit LLC,Bed and Breakfast,739 IRVING ST NW ,WASHINGTON,DC,20010,Not Available,38.92914513,-77.02488605
Garth Robinson,Bed and Breakfast,1255 RAUM ST NE ,WASHINGTON,DC,20002,Not Available,38.90804957,-76.98421024
City Chic Studio,Bed and Breakfast,4811 43RD PL NW ,WASHINGTON,DC,20016,Not Available,38.95256029,-77.08479286
1158 DC NOMA,Bed and Breakfast,1158 ABBEY PL NE ,WASHINGTON,DC,20002,Not Available,38.90521777,-77.00149555
Vana Residential llc,Bed and Breakfast,220 HAMILTON ST NW ,WASHINGTON,DC,20011,Not Available,38.9530173678,-77.0142882863
DOMINIC IWUH,Bed and Breakfast,645 MORTON ST NW ,WASHINGTON,DC,20010,Not Available,38.93230827,-77.02252511
"Howard Holdings, LLC",Bed and Breakfast,1167 MORSE ST NE ,WASHINGTON,DC,20002,Not Available,38.90379595,-76.99036734
Atlas NE Realty LLC,Bed and Breakfast,1004 11TH ST NE ,WASHINGTON,DC,20002,Not Available,38.90282469,-76.99177546
"MY SISTER'S PLACE, INC.",Boarding House,2357 RHODE ISLAND AVE NE ,WASHINGTON,DC,20018,2025295261.0,38.93026169,-76.97300797
HOTEL LOMBARDY INC,Hotel,2019 I ST NW ,WASHINGTON,DC,20006,2023421054.0,38.9016364,-77.04592523
TABARD CORPORATION,Hotel,1739 N ST NW ,WASHINGTON,DC,20036,2029999999.0,38.90745473,-77.03999099
MR GALLERY SQUARE LLC.,Hotel,627 H ST NW ,WASHINGTON,DC,20001,2023313800.0,38.9001145393,-77.021209834
HAMILTON HOTEL DC,Hotel,1001 14TH ST NW ,WASHINGTON,DC,20005,Not Available,38.90291989,-77.0315875
THE WESTIN WASHINGTON DC CITY CENTER,Hotel,1400 M ST NW ,WASHINGTON,DC,20005,Not Available,38.90531614,-77.0334361
HILTON WASHINGTON DC CAPITOL HILL,Hotel,525 NEW JERSEY AVE NW ,WASHINGTON,DC,20001,Not Available,38.89680957,-77.0110985
citizenM DC Noma,Hotel,1222 1ST ST NE ,WASHINGTON,DC,20002,Not Available,38.90660241,-77.00618049
Peachtree Group,Hotel,317 K ST NW ,WASHINGTON,DC,20001,Not Available,38.90276686,-77.01599103
FOUR SEASONS HOTEL,Hotel,2800 PENNSYLVANIA AVE NW ,WASHINGTON,DC,20007,3126585000.0,38.9044499714,-77.0572264103
Global Serviced Apartments LLC.,Inn And Motel,40 N ST NE ,WASHINGTON,DC,20002,Not Available,38.90753129,-77.00714708
Global Serviced Apartments LLC.,Inn And Motel,733 15TH ST NW ,WASHINGTON,DC,20005,Not Available,38.8998334,-77.033373
SQL1430NC L.L.C.,Inn And Motel,14 P ST NW ,WASHINGTON,DC,20001,Not Available,38.90948612,-77.00944988
Placemakr,Inn And Motel,4000 WISCONSIN AVE NW ,WASHINGTON,DC,20016,Not Available,38.94170237,-77.07725109
GOPAL INC,Inn And Motel,600 NEW YORK AVE NE ,WASHINGTON,DC,20002,2025469200.0,38.91232483,-76.99560642
"U-HAUL CO. OF DISTRICT OF COLUMBIA , INC.",Auto Rental,1750 BLADENSBURG RD NE ,WASHINGTON,DC,20002,2025294676.0,38.91294985,-76.97629062
MURPHY'S AUTO BODY INC.,Auto Rental,1708 Marion Barry AVE SE ,WASHINGTON,DC,20020,2026780100.0,38.86612047,-76.98017942
Prallax LLC,Auto Rental,1270 4TH ST NE ,WASHINGTON,DC,20002,Not Available,38.90861152,-76.99973966
RICKY'S TOWING INC,Tow Truck,916 TAYLOR ST NW ,WASHINGTON,DC,20011,Not Available,38.94056475,-77.02593797
RECOVERY 1 TOWING LLC,Tow Truck,3319 8TH ST NE ,WASHINGTON,DC,20017,Not Available,38.9312213852,-76.9944505506
ADC TOWING & RECOVERY INC,Tow Truck,1075 KENILWORTH AVE NE ,WASHINGTON,DC,20019,Not Available,38.90396974,-76.94119787
B&G TOWING RECOVERY INC,Tow Truck,1075 KENILWORTH AVE NE ,WASHINGTON,DC,20019,Not Available,38.90396974,-76.94119787
ABC TOWING INC.,Tow Truck Business,2214 CHANNING ST NE ,WASHINGTON,DC,20018,2023382222.0,38.92271959,-76.97308093
Always Towing & Recovery Inc.,Tow Truck Business,1859 EDWIN ST NE ,WASHINGTON,DC,20018,Not Available,38.91905296,-76.97781971
DC EXPRESS TOWING INC,Tow Truck Business,2405 22ND ST NE ,WASHINGTON,DC,20018,Not Available,38.92174383,-76.97347004
A ACCIDENT TOWING CORP,Tow Truck Business,1075 KENILWORTH AVE NE ,WASHINGTON,DC,20019,Not Available,38.90396974,-76.94119787
A CERTIFIED TOWING,Tow Truck Business,1239 KENILWORTH AVE NE ,WASHINGTON,DC,20019,Not Available,38.9068322211,-76.9376514012
NAVY YARD WRECKER SERVICE,Tow Truck Business,900 M ST SE ,WASHINGTON,DC,20003,Not Available,38.87669126,-76.99342543
All Metro Motor LLC,Tow Truck Business,NE ,WASHINGTON,DC,20019,Not Available,0.0,0.0
D C TOWING & RECOVERY INC,Tow Truck Storage Lot,1075 KENILWORTH AVE NE ,WASHINGTON,DC,20019,Not Available,38.90396974,-76.94119787
Tf Towing & Recovery LLC,Tow Truck Storage Lot,1229 KENILWORTH AVE NE ,WASHINGTON,DC,20019,Not Available,38.90679486,-76.9384179
C&B Towing & Recovery LLC,Tow Truck Storage Lot,1229 KENILWORTH AVE NE ,WASHINGTON,DC,20019,Not Available,38.90679486,-76.9384179
APE HEAVY DUTY TOWING & TRANSPORT LLC,Tow Truck Storage Lot,1075 KENILWORTH AVE NE ,WASHINGTON,DC,20019,Not Available,38.90396974,-76.94119787
Rhode Island Wreckers Services LLC.,Tow Truck Storage Lot,3010 RHODE ISLAND AVE NE ,WASHINGTON,DC,20018,Not Available,38.93464441,-76.96516044
CATHEDRAL COMMONS PARTNERS LLC,Special Events,3701 NEWARK ST NW ,WASHINGTON,DC,20016,Not Available,38.93498018,-77.07331884
"SOME, INC.",Special Events,1300 PENNSYLVANIA AVE NW ,WASHINGTON,DC,20004,Not Available,38.89493993,-77.03021187
MADISON HOUSE EXPERENTIAL,Special Events,601 F ST NW ,WASHINGTON,DC,20004,Not Available,38.8980785153,-77.0209572291
WARNER THEATRE,Public Hall,1299 PENNSYLVANIA AVE NW ,WASHINGTON,DC,20004,Not Available,38.89632366,-77.02931803
DAG PETROLEUM SUPPLIERS LLC,Gasoline Dealer,1400 MARYLAND AVE NE ,WASHINGTON,DC,20002,Not Available,38.8998193304,-76.9851845804
2501 PENN LLC.,Gasoline Dealer,2501 PENNSYLVANIA AVE SE ,WASHINGTON,DC,20020,Not Available,38.87298301,-76.97058808
MACARTHUR & RESERVOIR INC.,Gasoline Dealer,4812 MACARTHUR BLVD NW ,WASHINGTON,DC,20007,Not Available,38.91630015,-77.09608652
2708 VIRGINIA AVE VALERO,Gasoline Dealer,2708 VIRGINIA AVE NW ,WASHINGTON,DC,20037,Not Available,38.90038899,-77.05665619
DAG PETROLEUM SUPPLIERS LLC,Gasoline Dealer,4140 GEORGIA AVE NW ,WASHINGTON,DC,20011,7037506810.0,38.9413991049,-77.0259021662
8TH DAY PRODUCTIONS LLC,Motion Picture Theatre,535 8TH ST SE ,WASHINGTON,DC,20003,Not Available,38.88168092,-76.99533124
"TOPPROMO, INC.",Public Hall,911 F ST NW ,WASHINGTON,DC,20004,2023479840.0,38.89764654,-77.0246203
"NATIONAL CHERRY BLOSSOM FESTIVAL, INC.",Special Events,300 3RD ST SE ,WASHINGTON,DC,20003,Not Available,38.88591491,-77.00185152
NATIONAL ASIAN HERITAGE FOUNDATION,Special Events,555 PENNSYLVANIA AVE NW ,WASHINGTON,DC,20001,Not Available,38.8931248,-77.01935005
UPTOWN COMMUNITY INITIATIVE,Special Events,800 UPSHUR ST NW ,WASHINGTON,DC,20011,Not Available,38.94175135,-77.02352725
TENLEYTOWN GROUP,Special Events,14 RIDGE SQ NW ,WASHINGTON,DC,20016,Not Available,38.94055197,-77.07784758
"AMERICAN TURKISH ASSOCIATION, INC.",Special Events,300 PENNSYLVANIA AVE NW ,WASHINGTON,DC,20001,Not Available,0.0,0.0
PARKWAY SHELL CONVENIENCE STORE,Delicatessen,1765 NEW YORK AVE NE ,WASHINGTON,DC,20002,7036290952.0,38.91689046,-76.97917584
DDS/RSA RANDOLPH-SHEPPARD VENDING FACILITIES PROGRAM (RSVFP),Delicatessen,1900 E ST NW ,WASHINGTON,DC,20415,Not Available,38.89470266,-77.04413898
7-ELEVEN,Delicatessen,908 17TH ST NW ,WASHINGTON,DC,20006,Not Available,38.9018428,-77.03974297
HARRIS TEETER #231,Delicatessen,1631 KALORAMA RD NW ,WASHINGTON,DC,20009,Not Available,38.92196671,-77.03846171
LEDROIT MARKET INC.,Delicatessen,1901 4TH ST NW ,WASHINGTON,DC,20001,3019052328.0,38.91605733,-77.01722781
SONYA'S MARKET,Delicatessen,2833 11TH ST NW ,WASHINGTON,DC,20001,Not Available,38.92665256,-77.02679888
DAILY 14 MART,Delicatessen,1135 14TH ST NW ,WASHINGTON,DC,20005,Not Available,38.90488567,-77.03169064
"ABI, INC.",Delicatessen,1925 BLADENSBURG RD NE ,WASHINGTON,DC,20002,Not Available,38.91696523,-76.97221679
HAYAT INC,Delicatessen,6217 DIX ST NE ,WASHINGTON,DC,20019,Not Available,38.8941550028,-76.9115208626
Chesapeake Big Market,Delicatessen,601 CHESAPEAKE ST SE ,WASHINGTON,DC,20032,Not Available,38.82899807,-76.99829023
METRO PETRO INC,Delicatessen,2230 NEW YORK AVE NE ,WASHINGTON,DC,20002,Not Available,38.91769118,-76.97315767
HOPE CONVENIENCE INC,Delicatessen,1736 GOOD HOPE RD SE ,WASHINGTON,DC,20020,Not Available,38.86607196,-76.97955018
7 HOUSE CORPORATION,Food Products,4200 NANNIE HELEN BURROUG AVE NE ,WASHINGTON,DC,20019,Not Available,38.90202286,-76.94192704
SYLVIA LIQUORS,Food Products,1818 BENNING RD NE ,WASHINGTON,DC,20002,2023880188.0,38.8992314,-76.97677613
"DOLLAR STAR, INC.",Food Products,3129 MOUNT PLEASANT ST NW ,WASHINGTON,DC,20010,Not Available,38.92955907,-77.03736233
Glover Park Market,Food Products,2411 37TH ST NW ,WASHINGTON,DC,20007,Not Available,38.9214820581,-77.0728864764
A-1 Wine & Liquor,Food Products,1420 K ST NW ,WASHINGTON,DC,20005,Not Available,38.90214213,-77.03281115
LRBM LLC t/a Spar Liquors,Food Products,3916 SOUTH CAPITOL ST SE ,WASHINGTON,DC,20032,Not Available,38.83233296,-77.00782069
PCP Investments 1428 Inc. t/a Capital Wine & Spirits,Food Products,1428 9TH ST NW ,WASHINGTON,DC,20001,Not Available,38.90949073,-77.02418602
E MARKET,Grocery Store,4202 BENNING RD NE ,WASHINGTON,DC,20019,Not Available,38.89311405,-76.9423133
Elharia Inc,Grocery Store,1327 W ST SE ,WASHINGTON,DC,20020,Not Available,38.86420519,-76.98674865
"Splash Liquor, WIne and Groceries",Grocery Store,213 UPSHUR ST NW ,WASHINGTON,DC,20011,Not Available,38.94245477,-77.01433808
New Neighborhood Market,Grocery Store,1611 RHODE ISLAND AVE NE ,WASHINGTON,DC,20018,Not Available,38.9262145513,-76.9812900147
BAIR INVESTMENT LLC,Grocery Store,2101 ALABAMA AVE SE ,WASHINGTON,DC,20020,Not Available,38.85046159,-76.97506281
DEANWOOD TG INC,Grocery Store,4748 SHERIFF RD NE ,WASHINGTON,DC,20019,Not Available,38.90307871,-76.93407963
TEST RECORD DO NOT PROCESS,Restaurant,1600 TAYLOR ST NE ,WASHINGTON,DC,20017,Not Available,38.94098207,-76.98220189
EDGES BY KG,Barber Shop,1352 U ST NW ,WASHINGTON,DC,20009,2023860085.0,38.91683235,-77.03146556
SPOTTS BARBER SHOP,Barber Shop,809 FLORIDA AVE NW ,WASHINGTON,DC,20001,2029865841.0,38.91700386,-77.02330046
CUT'N EDGE BARBERSHOP L.L.C.,Barber Shop,4481 A CONNECTICUT AVE NW ,WASHINGTON,DC,20008,Not Available,38.94761754,-77.06513028
Tommy's Barbershop,Barber Shop,927 SHERIDEN ST NW ,WASHINGTON,DC,20011,Not Available,38.96627637,-77.02722953
M Barber & Stylist,Barber Shop,810 POTOMAC AVE SE ,WASHINGTON,DC,20003,Not Available,38.8769537,-76.99446618
Cuts by Hugo LLC,Barber Shop,529 14TH ST NW ,WASHINGTON,DC,20045,Not Available,38.89701925,-77.03154662
Pro Cut Family Barbershop,Barber Shop,2912 MARTIN LUTHER KING J AVE SE ,WASHINGTON,DC,20032,Not Available,38.84563487,-76.99663103
NGUYEN SISTER AND BROTHER LLC,Beauty Shop,1924 I ST NW ,WASHINGTON,DC,20006,Not Available,38.90115687,-77.0445648
Saon GT,Beauty Shop,2613 P ST NW ,WASHINGTON,DC,20007,Not Available,38.90949334,-77.05521091
Unknown,Beauty Shop,515 H ST NE ,WASHINGTON,DC,20002,2025472006.0,38.90000869,-76.99886978
URBAN SALONS INC,Beauty Shop,1612 U ST NW ,WASHINGTON,DC,20009,2029392565.0,38.91673546,-77.0376357
UNITY HAIR SALON,Beauty Shop,1102 BLADENSBURG RD NE ,WASHINGTON,DC,20002,2023996131.0,38.90423588,-76.98100444
Unknown,Beauty Shop,1916 18TH ST NW ,WASHINGTON,DC,20009,2024832647.0,38.9161018,-77.04190879
Bearded Goat barber,Barber Shop,301 TINGEY ST SE ,WASHINGTON,DC,20003,Not Available,38.87469992,-77.00158226
EUROPEAN WAX CENTER,Beauty Shop,1739 CONNECTICUT AVE NW ,WASHINGTON,DC,20009,Not Available,38.91370463,-77.04541424
SHOP AT SHAW LLC  (THE),Beauty Shop,1924 8TH ST NW ,WASHINGTON,DC,20001,Not Available,38.91653968,-77.02321325
VALENTINE LLC,Beauty Shop,3111 GEORGIA AVE NW ,WASHINGTON,DC,20010,Not Available,38.9294036,-77.02301054
TAYLOR & YORK SALON LLC,Beauty Shop,1604 7TH ST NW ,WASHINGTON,DC,20001,Not Available,38.91138712,-77.02215784
Violet Salon & Spa,Beauty Shop,1513 WISCONSIN AVE NW ,WASHINGTON,DC,20007,Not Available,38.90963902,-77.06421864
Saint Germain DC,Beauty Shop,1301 PENNSYLVANIA AVE NW ,WASHINGTON,DC,20004,Not Available,38.89637674,-77.02995334
VL NAVY YARD LLC,Beauty Shop,300 TINGEY ST SE ,WASHINGTON,DC,20003,Not Available,38.87521736,-77.00127262
VT NAILS & SPA,Beauty Shop,407 RHODE ISLAND AVE NE ,WASHINGTON,DC,20002,Not Available,38.91966211,-77.00011923
Silver Mirror Penn Quarter LLC,Beauty Shop,920 H ST NW ,WASHINGTON,DC,20001,Not Available,38.89965067,-77.02457072
Unknown,Beauty Shop,1422 NORTH CAPITOL ST NW ,WASHINGTON,DC,20002,Not Available,38.9093126,-77.00939417
"OULEY HAIR GALLERY , LLC.",Beauty Shop Braiding,1815 WEST VIRGINIA AVE NE ,WASHINGTON,DC,20002,2026353037.0,38.9107199,-76.98482154
European Wax Center,Beauty Shop Esthetics,717 D ST SE ,WASHINGTON,DC,20003,Not Available,38.8835986,-76.99541963
Bespoke Aesthetics LLC,Beauty Shop Esthetics,3233 P ST NW ,WASHINGTON,DC,20007,Not Available,38.90896623,-77.06442834
NAIL WORKS BAR,Beauty Shop Nails,2300 WASHINGTON PL NE ,WASHINGTON,DC,20018,Not Available,38.92041755,-76.99543999
Laveda Lash & Brow Boutique,Beauty Shop,1063 WISCONSIN AVE NW ,WASHINGTON,DC,20007,Not Available,38.9043907,-77.06245403
ENCHANTED NAILS & SPA,Beauty Shop Nails,2324 18TH ST NW ,WASHINGTON,DC,,Not Available,38.92038942,-77.042113
1402 REVO NAILS INC,Beauty Shop Nails,1402 OGDEN ST NW ,WASHINGTON,DC,20010,Not Available,38.93390829,-77.03315517
PERFECT NAILS,Beauty Shop Nails,1559 ALABAMA AVE SE ,WASHINGTON,DC,20032,Not Available,38.84633821,-76.98071332
DC NAILS,Beauty Shop Nails,1905 MICHIGAN AVE NE ,WASHINGTON,DC,20018,Not Available,38.94555221,-76.97815603
LE NAILS SPA LLC,Beauty Shop Nails,3025 NAYLOR RD SE ,WASHINGTON,DC,20020,Not Available,38.8534593,-76.96520122
Unknown,Beauty Shop Nails,1123 7TH ST NW ,WASHINGTON,DC,20001,Not Available,38.90534809,-77.02172974
4425 NAIL & SPA CORPORATION,Beauty Shop Nails,4425 WISCONSIN AVE NW ,WASHINGTON,DC,20016,Not Available,38.9472622,-77.07895219
EABLAD LLC.,Gasoline Dealer,6350 GEORGIA AVE NW ,WASHINGTON,DC,20011,Not Available,38.96683986,-77.0278877
Courtyard By Marriott Washington DC Foggy Bottom/GWU,Hotel,515 20TH ST NW ,WASHINGTON,DC,20006,Not Available,38.89651445,-77.0446879
KENILWORTH MARKET,Delicatessen,1612 KENILWORTH AVE NE ,WASHINGTON,DC,20019,Not Available,38.91193933,-76.93491153
LAVEDA LASH & BROW BOUTIQUE,Beauty Shop Nails,2200 14TH ST NW ,WASHINGTON,DC,20009,Not Available,38.91932408,-77.03225944
Blue Bell Spa Inc,Beauty Shop Nails,4826 MACARTHUR BLVD NW ,WASHINGTON,DC,20007,Not Available,38.91678261,-77.09647818
CHARMING NAILS DC LLC,Beauty Shop Nails,1428 WISCONSIN AVE NW ,WASHINGTON,DC,20007,Not Available,38.90843035,-77.06404807
District Nails Spa LLC,Beauty Shop Nails,401 H ST NE ,WASHINGTON,DC,20002,Not Available,38.90002455,-77.00039034
"Balance Gym Foggy Bottom, LLC",Health Spa,2401 M ST NW ,WASHINGTON,DC,20037,Not Available,38.9055498,-77.05177415
Holt Holdings LLC.,Health Spa,1720 WISCONSIN AVE NW ,WASHINGTON,DC,20007,Not Available,38.91424437,-77.06719489
Salamander Washington DC,Health Spa,1330 MARYLAND AVE SW ,WASHINGTON,DC,20024,Not Available,38.88360211,-77.03044887
"Urban Adventures at City Vista,           LLC",Massage Establishment,445 K ST NW ,WASHINGTON,DC,20001,Not Available,38.90282779,-77.01767354
PENDRY WASHINGTON DC - THE WHARF,Massage Establishment,655 WATER ST SW ,WASHINGTON,DC,20024,Not Available,38.87749027,-77.02219157
"Levain Bakery Cookie Company, LLC",Bakery,3131 M ST NW ,WASHINGTON,DC,20007,Not Available,38.90545105,-77.06203173
Milzels 2 LLC,Bakery,429 L'ENFANT PLZ SW ,WASHINGTON,DC,20024,Not Available,38.88384037,-77.0251698
"SAKU SAKU FLAKERIE, LLC",Bakery,3415 CONNECTICUT AVE NW ,WASHINGTON,DC,20008,Not Available,38.93492186,-77.05767624
"MSD RCOF DC Hotel OpCo, LLC",Bakery,1100 PENNSYLVANIA AVE NW ,WASHINGTON,DC,20004,Not Available,38.89412373,-77.02757271
maman foggy bottom llc,Restaurant,2000 PENNSYLVANIA AVE NW ,WASHINGTON,DC,20006,Not Available,38.90035538,-77.0457758
EVENTS BY B AND B LLC,Caterers,610 RHODE ISLAND AVE NE ,WASHINGTON,DC,20002,Not Available,38.92121233,-76.99784313
MARACAS ICE POPS,Caterers,3251 PROSPECT ST NW ,WASHINGTON,DC,20007,Not Available,38.90619362,-77.06380026
TRYST TRADING CO.,Caterers,2001 FAIRVIEW AVE NE ,WASHINGTON,DC,20002,Not Available,38.91383829,-76.98852053
Girardot's Crumbs LLC.,Caterers,1228 MOUNT OLIVET RD NE ,WASHINGTON,DC,20002-7801,Not Available,38.91017382,-76.98419709
JDHM INC. DBA Palette Dome Cuisine,Caterers,2410 T ST NE ,WASHINGTON,DC,20002,Not Available,38.91573164,-76.97154514
TPK experience LLC,Caterers,703 EDGEWOOD ST NE ,WASHINGTON,DC,20017,Not Available,38.9250448,-76.99582567
DC Cutting Board LLC,Caterers,1369 NEW YORK AVE NE ,WASHINGTON,DC,20002,Not Available,38.91529142,-76.98528226
House of Quince,Caterers,2800 10TH ST NE ,WASHINGTON,DC,20017,Not Available,38.92581574,-76.99276286
UNIVERSITY OF THE DC T/A (CAUSES),Caterers,5171 SOUTH DAKOTA AVE NE ,WASHINGTON,DC,20017,Not Available,38.95334086,-76.99726739
"Tatte Holdings, LLC",Caterers,1407 NEW YORK AVE NE ,WASHINGTON,DC,20002,Not Available,38.91565456,-76.98444528
SDQ - Side Dish Queen,Caterers,2375 ELVANS RD SE ,WASHINGTON,DC,20020,Not Available,38.8551751573,-76.9843861126
Emma's Torch,Caterers,2212 RHODE ISLAND AVE NE ,WASHINGTON,DC,20018,Not Available,38.93059522,-76.97359753
Cheesemonster LLC,Caterers,703 EDGEWOOD ST NE ,WASHINGTON,DC,20017,Not Available,38.9250448,-76.99582567
"Taste Gourmet, LLC",Caterers,2410 T ST NE ,WASHINGTON,DC,20002,Not Available,38.91573164,-76.97154514
Coneacopia,Caterers,2800 10TH ST NE ,WASHINGTON,DC,20017,Not Available,38.92581574,-76.99276286
FLAVORTURE,Caterers,2625 EVARTS ST NE ,WASHINGTON,DC,20018,Not Available,38.92422547,-76.96859945
Phowheelsdc LLC,Caterers,703 EDGEWOOD ST NE ,WASHINGTON,DC,20017,Not Available,38.9250448,-76.99582567
Black Whisk LLC,Caterers,2800 10TH ST NE ,WASHINGTON,DC,20017,Not Available,38.92581574,-76.99276286
Sodexo,Restaurant,2400 6TH ST NW ,WASHINGTON,DC,20059,Not Available,38.92312843,-77.02161949
"Metz Culinary Management, LLC",Restaurant,1775 MASSACHUSETTS AVE NW ,WASHINGTON,DC,20036,Not Available,38.90912465,-77.04090761
T/A HOGS ON THE HILL,Delicatessen,2003 BLADENSBURG RD NE ,WASHINGTON,DC,20018,2025262027.0,38.91793673,-76.97163905
1807 CORPORATION,Delicatessen,1807 18TH ST NW ,WASHINGTON,DC,20009,2022320262.0,38.91444811,-77.041488
HONG KONG CARRY OUT,Delicatessen,1506 EAST CAPITOL ST NE ,WASHINGTON,DC,20003,2026380815.0,38.8900856,-76.98326858
Flat Out Burger Truck 1 LLC,Caterers,703 EDGEWOOD ST NE ,WASHINGTON,DC,20017,Not Available,38.9250448,-76.99582567
Mama Tee's Kitchen LLC,Caterers,2375 ELVANS RD SE ,WASHINGTON,DC,20020,Not Available,38.8551751573,-76.9843861126
"Sweet Almond, LLC",Caterers,1625 ECKINGTON PL NE ,WASHINGTON,DC,20002,Not Available,38.91199724,-77.00399957
"Made to Measure Cocktails, LLC",Caterers,2400 T ST NE ,WASHINGTON,DC,20002,Not Available,38.91572957,-76.9721655
Yoli's Kitchen Cuisine,Caterers,2000 5TH ST NE ,WASHINGTON,DC,20002,Not Available,38.91713131,-76.9998403
"The Sable Administration, LLC",Caterers,1369 NEW YORK AVE NE ,WASHINGTON,DC,20002,Not Available,38.91529142,-76.98528226
Les Recettes D'Augustin,Caterers,1625 ECKINGTON PL NE ,WASHINGTON,DC,20002,Not Available,38.91199724,-77.00399957
Others Coffee,Caterers,703 EDGEWOOD ST NE ,WASHINGTON,DC,20017,Not Available,38.9250448,-76.99582567
Christian Brothers For Life LLC,Caterers,2800 10TH ST NE ,WASHINGTON,DC,20017,Not Available,38.92581574,-76.99276286
"Chatori Kvassery, LLC",Caterers,1625 ECKINGTON PL NE ,WASHINGTON,DC,20002,Not Available,38.91199724,-77.00399957
Headstrong Kitchen,Caterers,703 EDGEWOOD ST NE ,WASHINGTON,DC,20017,Not Available,38.9250448,-76.99582567
Khushi Flavor,Caterers,703 EDGEWOOD ST NE ,WASHINGTON,DC,20017,Not Available,38.9250448,-76.99582567
Lost Sock Roasters,Caterers,2207 CHANNING ST NE ,WASHINGTON,DC,20018,Not Available,38.92202911,-76.97342669
"TAJ OF DUPONT CIRCLE, LLC.",Delicatessen,1300 CONNECTICUT AVE NW ,WASHINGTON,DC,20036,Not Available,38.90753308,-77.04270056
TEST RECORD DO NOT PROCESS,Restaurant,1600 TAYLOR ST NE ,WASHINGTON,DC,20017,Not Available,38.94098207,-76.98220189
Paste & Rind LLC,Restaurant,904 H ST NE ,WASHINGTON,DC,20002,Not Available,38.90041308,-76.99343811
RUN VEGGIE LLC,Restaurant,2154 24TH PL NE ,WASHINGTON,DC,20018,Not Available,38.9210436537,-76.9724765048
Jerk at Nite,Restaurant,1100 H ST NE ,WASHINGTON,DC,20002,Not Available,38.90041673,-76.9913455
STAN EVANS SEAFOOD INC.,Delicatessen,1100 MAINE AVE SW ,WASHINGTON,DC,20024,3015544173.0,38.88121704,-77.02805247
CHINA HOUSE,Delicatessen,1601 BENNING RD NE ,WASHINGTON,DC,20002,2023969041.0,38.89949771,-76.98143893
KING CITY CARRY OUT,Delicatessen,2403 MARTIN LUTHER KING J AVE SE ,WASHINGTON,DC,20020,2028896337.0,38.86283643,-76.99259526
"3207 O STREET, LLC",Delicatessen,3207 O ST NW ,WASHINGTON,DC,20007,3014388280.0,38.9079696,-77.0639922
PANAM INTERNATIONAL SUPERMARKET,Delicatessen,3552 14TH ST NW ,WASHINGTON,DC,20009,2026679473.0,38.93588852,-77.03308042
J.J. SUN CORPORATION,Delicatessen,600 MARYLAND AVE SW ,WASHINGTON,DC,20024,2025542900.0,38.88604518,-77.0206984
KHARTOUM GROCERY,Delicatessen,2116 18TH ST NW ,WASHINGTON,DC,20009,2022657100.0,38.91843712,-77.04191224
"C AND W SERVICES, INC.",Delicatessen,2801 ALABAMA AVE SE ,WASHINGTON,DC,20020,2025831100.0,38.85973045,-76.96770459
A LITTERI INC.,Delicatessen,517 519 MORSE ST NE ,WASHINGTON,DC,20002,2025440183.0,38.90693197,-76.99850638
"ARAMARK ENTERTAINMENT, LLC",Delicatessen,601 F ST NW ,WASHINGTON,DC,20004,2026615155.0,38.8980785153,-77.0209572291
AMC THEATRES,Delicatessen,3111 K ST NW ,WASHINGTON,DC,20007,2023426033.0,38.90276067,-77.06170958
7-ELEVEN 28633B,Delicatessen,25 PEABODY ST NW ,WASHINGTON,DC,20011,2027222891.0,38.96298509,-77.01069054
PATRON CONVENIENCE STORE,Delicatessen,3235 PENNSYLVANIA AVE SE ,WASHINGTON,DC,20020,2025750167.0,38.8684577432,-76.9594351228
ISLAND HOSPITALITY MANAGEMENT III INC.,Delicatessen,801 NEW HAMPSHIRE AVE NW ,WASHINGTON,DC,20037,5616559001.0,38.89986607,-77.05222135
550 Penn Kitchen; James Michael Babin,Delicatessen,550 PENN ST NE ,WASHINGTON,DC,20002,Not Available,38.91012864,-76.99611122
VARIETY MOBILE FOOD INC.,Delicatessen,1701 14TH ST SE ,WASHINGTON,DC,20009,5712252718.0,38.86963506,-76.98536911
SEBRINA INC,Delicatessen,1121 7TH ST NW ,WASHINGTON,DC,20001,Not Available,38.90528539,-77.02172972
HONG KONG DELITE,Delicatessen,3123 MARTIN LUTHER KING J AVE SE ,WASHINGTON,DC,20032,Not Available,38.84340593,-77.00011991
S & H INC,Delicatessen,2400 14TH ST NW ,WASHINGTON,DC,20009,Not Available,38.92075465,-77.03208307
JIMMY JOHN'S GOURMET SANDWICHES,Delicatessen,1208 G ST NW ,WASHINGTON,DC,20005,Not Available,38.89816947,-77.02860383
7-ELEVEN,Delicatessen,908 17TH ST NW ,WASHINGTON,DC,20006,Not Available,38.9018428,-77.03974297
CHINA SEA CARRYOUT,Delicatessen,6450 GEORGIA AVE NW ,WASHINGTON,DC,20012,Not Available,38.9687337,-77.02772377
MANNY AND OLGAS PIZZA H ST NE INC,Delicatessen,1409 H ST NE ,WASHINGTON,DC,20002,Not Available,38.90001021,-76.9851088
SONYA'S MARKET,Delicatessen,2833 11TH ST NW ,WASHINGTON,DC,20001,Not Available,38.92665256,-77.02679888
MOTIOG INC.,Delicatessen,3213 GEORGIA AVE NW ,WASHINGTON,DC,20010,Not Available,38.93046762,-77.02322885
fish king; so young shin,Delicatessen,403 RHODE ISLAND AVE NE ,WASHINGTON,DC,20002,Not Available,38.91960563,-77.00027848
CLAUDIA'S CAFE LLC,Delicatessen,1400 INDEPENDENCE AVE SW ,WASHINGTON,DC,20252,Not Available,38.88677276,-77.02996809
COMPASS COFFEE LLC.,Delicatessen,650 F ST NW ,WASHINGTON,DC,20004,Not Available,38.89713657,-77.02097713
THOMAS AND SONS MARKET,Delicatessen,3425 BENNING RD NE ,WASHINGTON,DC,20019,Not Available,38.89599742,-76.95662357
"CENTRAL UNION MISSION, THE",Delicatessen,65 MASSACHUSETTS AVE NW ,WASHINGTON,DC,20001,Not Available,38.89869091,-77.01102917
STARBUCKS CORPORATION,Delicatessen,1401 NEW YORK AVE NW ,WASHINGTON,DC,20001,2063188705.0,38.8998094992,-77.0322984523
Dunkin Donuts 550,Delicatessen,850 QUINCY ST NW ,WASHINGTON,DC,20011,Not Available,38.93742728,-77.02485364
DUNKIN DONUTS 1700,Delicatessen,1700 K ST NW ,WASHINGTON,DC,20006,Not Available,38.90217607,-77.0398332
METZ CULINARY MANAGEMENT INC.,Delicatessen,125 MICHIGAN AVE NE ,WASHINGTON,DC,20017,Not Available,38.92747864,-77.00428276
Unknown,Delicatessen,2017 11TH ST NW ,WASHINGTON,DC,20001,Not Available,38.91754167,-77.02674218
SUBWAY#23678,Delicatessen,2029 K ST NW ,WASHINGTON,DC,20006,2023471119.0,38.90284973,-77.04616569
ARAMARK EDUCATIONAL SERVICES LLC,Delicatessen,3700 O ST NW ,WASHINGTON,DC,20057,Not Available,38.90750247,-77.07273891
JMDC HOLDING L.L.C.,Delicatessen,2440 MARKET ST NE ,WASHINGTON,DC,20018,Not Available,38.92057435,-76.95268295
TOMCAM LLC.,Delicatessen,391 MORSE ST NE ,WASHINGTON,DC,20002,Not Available,38.90790202,-77.00052228
"HK901, INC",Delicatessen,901 D ST NW ,WASHINGTON,DC,20001,Not Available,0.0,0.0
LEVY @ DC UNITED - UPPER 90 PIZZA 2,Delicatessen,100 POTOMAC AVE SW ,WASHINGTON,DC,20024,Not Available,38.86906896,-77.01238121
LEVY @ DC UNITED - EAGLE BANK CLUB,Delicatessen,100 POTOMAC AVE SW ,WASHINGTON,DC,20024,Not Available,38.86906896,-77.01238121
1933 9th St LLC,Delicatessen,1933 9TH ST NW ,WASHINGTON,DC,20001,Not Available,38.91654103,-77.0237838
WHOLE FOODS MARKET GROUP INC,Delicatessen,101 H ST SE ,WASHINGTON,DC,20003,Not Available,38.88027759,-77.00471073
AFRICA KITCHEN LLC,Delicatessen,1243 Marion Barry AVE SE ,WASHINGTON,DC,20020,Not Available,38.86696933,-76.98730147
Federal Election Commission,Bed and Breakfast,1928 CALVERT ST NW ,WASHINGTON,DC,20009-1560,Not Available,38.92296847,-77.04579862
Unknown,Bed and Breakfast,1307 WEST VIRGINIA AVE NE ,WASHINGTON,DC,20002,Not Available,38.90573108,-76.99083008
SEVENTEEN STREET LLC,Bed and Breakfast,4408 GEORGIA AVE NW ,WASHINGTON,DC,20011,Not Available,38.9444879,-77.02643588
The Guest House,Bed and Breakfast,1946 2ND ST NW ,WASHINGTON,DC,20001,Not Available,38.91692717,-77.01478346
NF Retreats,Bed and Breakfast,1652 AVON PL NW ,WASHINGTON,DC,20007,Not Available,38.91197538,-77.06111291
DRAW Global LLC,Bed and Breakfast,327 EAST CAPITOL ST SE ,WASHINGTON,DC,20003,Not Available,38.88952584,-77.00082564
JOSEPH'S HOUSE INC.,Boarding House,1730 LANIER PL NW ,WASHINGTON,DC,20012,2022657174.0,38.92493411,-77.04112091
International Student House,Boarding House,1825 R ST NW ,WASHINGTON,DC,20009,Not Available,38.91279502,-77.04239712
Tisco Inc,Boarding House,4447 B ST SE ,WASHINGTON,DC,20019,Not Available,38.88739073,-76.9385634
RELIGIOUS OF MARY IMMACULATE               (CENTRO MARIA),Boarding House,650 JACKSON ST NE ,WASHINGTON,DC,20017,2026351697.0,38.92963679,-76.99672994
R.I. ASSOCIATES LLC,Hotel,1501 RHODE ISLAND AVE NW ,WASHINGTON,DC,20005,2024832000.0,38.90811603,-77.03497083
FAIRFIELD INN & SUITES WASHINGTON DC DOWNTOWN,Hotel,500 H ST NW ,WASHINGTON,DC,20001,3012807777.0,38.89965642,-77.01925072
"NOMA HOSPITALITY, LLC.",Hotel,501 NEW YORK AVE NE ,WASHINGTON,DC,20002,Not Available,38.91129479,-76.99691238
CARR-WHARF 3B HOTEL LESSEE LLC,Hotel,801 WHARF ST SW ,WASHINGTON,DC,20024,Not Available,38.87941163,-77.02504722
WASHINGTON CAPITOL HILL OPERATIONS LLC,Hotel,550 SCHOOL ST SW ,WASHINGTON,DC,20024,Not Available,38.88373986,-77.0195688
140 L ST SE,Hotel,140 L ST SE ,WASHINGTON,DC,20003,Not Available,38.87773742,-77.00418838
411 New York Ave Holdings LLC,Hotel,411 NEW YORK AVE NE ,WASHINGTON,DC,20002,Not Available,38.91102165,-76.99749615
Generator Washington DC,Hotel,1900 CONNECTICUT AVE NW ,WASHINGTON,DC,20009,Not Available,38.9159863588,-77.046836173
CHIRINGUITO LLC,Hotel,333 G ST NW ,WASHINGTON,DC,20001,Not Available,38.8986247944,-77.0157152754
"Beacon Hotel & Corporate Quarters/TWC DC, LLC",Hotel,1615 RHODE ISLAND AVE NW ,WASHINGTON,DC,20036,Not Available,38.90701453,-77.03807745
"ALAMAC, INC.",Hotel,924 25TH ST NW ,WASHINGTON,DC,20037,2023313800.0,38.90144079,-77.05368535
Sonder Hospitality USA Inc.,Inn And Motel,1111 30TH ST NW ,WASHINGTON,DC,20007,Not Available,38.90436171,-77.05894576
"Coda on Half, a Placemakr Experience",Inn And Motel,41 L ST SE ,WASHINGTON,DC,20003,Not Available,38.8772994,-77.00786825
GEORGETOWN INN WEST END,Inn And Motel,1121 NEW HAMPSHIRE AVE NW ,WASHINGTON,DC,20037,2024570565.0,38.90430332,-77.04795176
SEASONS CULINARY SERVICE INC.,Delicatessen,1301 PENNSYLVANIA AVE NW ,WASHINGTON,DC,20004,Not Available,38.89637674,-77.02995334
"FELICIA & FAMILY FOOD, INC",Delicatessen,1803 RHODE ISLAND AVE NE ,WASHINGTON,DC,20018,Not Available,38.92790447,-76.9779369
HIRAK LLC.,Delicatessen,2300 WISCONSIN AVE NW ,WASHINGTON,DC,20007,Not Available,38.92013346,-77.07176297
COMPASS GROUP USA INC,Delicatessen,4400 MASSACHUSETTS AVE NW ,WASHINGTON,DC,20016,Not Available,38.93908176,-77.08841482
"RESTAURANT ASSOCIATES, INC.",Delicatessen,1050 INDEPENDENCE AVE SW ,WASHINGTON,DC,20004,Not Available,38.88795359,-77.02644398
Seasons Culinary Service,Delicatessen,1001 PENNSYLVANIA AVE NW ,WASHINGTON,DC,20004,Not Available,38.89504695,-77.02650516
"UNION MARKET LB, LLC.",Delicatessen,1309 5 AVE NE ,WASHINGTON,DC,20002,Not Available,38.90871669,-76.99765027
"7-ELEVEN, INC",Delicatessen,504 K ST NW ,WASHINGTON,DC,20001,Not Available,38.90227712,-77.01930054
Mason's Famous Lobster Rolls,Delicatessen,1330 CONNECTICUT AVE NW ,WASHINGTON,DC,20036,Not Available,38.90788673,-77.04291902
Pearl's Kitchen LLC,Delicatessen,1017 7TH ST NW ,WASHINGTON,DC,20001,Not Available,38.90356392,-77.02158382
"I & I Palisades, Inc.",Delicatessen,4554 MACARTHUR BLVD NW ,WASHINGTON,DC,20007,Not Available,38.90907164,-77.08753515
YCO Inc,Delicatessen,628 KENNEDY ST NW ,WASHINGTON,DC,20011,Not Available,38.95620487,-77.0221134
Compass Coffee,Delicatessen,1351 WISCONSIN AVE NW ,WASHINGTON,DC,20007,Not Available,38.9079681,-77.0632821
Team Washington Inc,Delicatessen,2701 14TH ST NW ,WASHINGTON,DC,20009,Not Available,38.92502379,-77.03205305
"Aishwarya DC Ventures LLC dba Papa John's Pizza, 3538",Delicatessen,1417 OTIS PL NW ,WASHINGTON,DC,20010,Not Available,38.93526082,-77.03337413
Aramark Entertainment LLC,Delicatessen,601 F ST NW ,WASHINGTON,DC,,Not Available,38.8980785153,-77.0209572291
Los Hermanos Inc.,Delicatessen,1426 PARK RD NW ,WASHINGTON,DC,20010,Not Available,38.93045739,-77.03379053
"Skene Law Firm, P.C.",Delicatessen,732 7TH ST NW ,WASHINGTON,DC,20001,Not Available,38.89950889,-77.02215046
Greenberry's Coffee Co.,Delicatessen,1805 E ST NW ,WASHINGTON,DC,20006,Not Available,38.89619526,-77.04210805
Scared Mountain LLC,Delicatessen,720 C ST SE ,WASHINGTON,DC,20003,Not Available,38.88617611,-76.99571073
Flora Pizzeria,Delicatessen,1835 I ST NW ,WASHINGTON,DC,20006,Not Available,38.90189036,-77.04255976
Foxtrot,Delicatessen,1341 14TH ST NW ,WASHINGTON,DC,20005,Not Available,38.90860822,-77.03156673
JSM BC Northeast LLC,Delicatessen,2000 5TH ST NE ,WASHINGTON,DC,20002,Not Available,38.91713131,-76.9998403
Uppercrust Inc.,Delicatessen,3928 12TH ST NE ,WASHINGTON,DC,20017,Not Available,38.93802571,-76.99060632
Herndon Donuts LLC,Delicatessen,500 INDIANA AVE NW ,WASHINGTON,DC,20001,Not Available,38.89408489,-77.01890467
Kush projects LLC,Delicatessen,1643 34TH ST NW ,WASHINGTON,DC,20007,Not Available,38.91161401,-77.06767667
Prego Again,Delicatessen,1617 17TH ST NW ,WASHINGTON,DC,20009,Not Available,38.9117836,-77.03821051
ADDIS ABABA INC,Delicatessen,4600 14TH ST NW ,WASHINGTON,DC,20011,Not Available,38.94627888,-77.03300196
GCGT LLC,Delicatessen,3279 M ST NW ,WASHINGTON,DC,20007,Not Available,38.9052729,-77.06538134
Blossom Bakery,Delicatessen,1823 WEST VIRGINIA AVE NE ,WASHINGTON,DC,20002,Not Available,38.91087366,-76.98467889
NEW DODGE MARKET,Delicatessen,3620 14TH ST NW ,WASHINGTON,DC,20010,Not Available,38.93700628,-77.033028
7-ELEVEN 37102A,Delicatessen,3700 12TH ST NE ,WASHINGTON,DC,20017,Not Available,38.93487444,-76.99150891
Studio Theatre,Delicatessen,1501 14TH ST NW ,WASHINGTON,DC,20005,Not Available,38.91003169,-77.03166041
HOPE CONVENIENCE INC,Delicatessen,1736 GOOD HOPE RD SE ,WASHINGTON,DC,20020,Not Available,38.86607196,-76.97955018
WLK COFFE ENTERPRISES,Delicatessen,1600 K ST NW ,WASHINGTON,DC,20006,Not Available,38.90223279,-77.03694636
CITY CAFE DC INC,Delicatessen,499 SOUTH CAPITOL ST SW ,WASHINGTON,DC,20003,Not Available,38.88341539,-77.01000899
H & R MART INC.,Food Products,1813 BENNING RD NE ,WASHINGTON,DC,20002,Not Available,38.89878125,-76.97722356
AIRPORT MANAGEMENT SERVICES LLC,Food Products,50 MASSACHUSETTS AVE NE ,WASHINGTON,DC,20002,Not Available,38.89761945,-77.00617579
NASHIM LLC.,Food Products,3701 12TH ST NE ,WASHINGTON,DC,20017,Not Available,38.93479194,-76.99087191
Anacostia RLS L.L.C,Auto Rental,1708 Marion Barry AVE SE ,WASHINGTON,DC,20020,Not Available,38.86612047,-76.98017942
"Sneacos Mobile Car Wash and Detail, LLC",Auto Wash,1735 CONNECTICUT AVE NW ,WASHINGTON,DC,20009,Not Available,38.91359776,-77.04534027
"DMH and Company, LLC",Delicatessen,1250 NEW YORK AVE NW ,WASHINGTON,DC,20005,Not Available,38.90005887,-77.02914249
Compliments Only,Delicatessen,526 8TH ST SE ,WASHINGTON,DC,20003,Not Available,38.8817379998,-76.9946427216
Logan Partnership LLC,Delicatessen,1341 14TH ST NW ,WASHINGTON,DC,20005,Not Available,38.90860822,-77.03156673
AEB AUTHENTIC CUISINE LLC,Delicatessen,6120 KANSAS AVE NW ,WASHINGTON,DC,20011,Not Available,38.96440633,-77.00963128
"Simra & Ayusha Foods, LLC",Delicatessen,2000 5TH ST NE ,WASHINGTON,DC,20002,Not Available,38.91713131,-76.9998403
RPGK 2 LLC,Delicatessen,2000 5TH ST NE ,WASHINGTON,DC,20002,Not Available,38.91713131,-76.9998403
Best Buffalo Wings and Seafood,Delicatessen,1916 MARTIN LUTHER KING J AVE SE ,WASHINGTON,DC,20020,Not Available,38.86704403,-76.98861506
"MHK, LLC",Delicatessen,415 RHODE ISLAND AVE NE ,WASHINGTON,DC,20002,Not Available,38.91964202,-76.99989034
NAI Saturn Eastern LLC.,Grocery Store,2845 ALABAMA AVE SE ,WASHINGTON,DC,20020,Not Available,38.85902477,-76.96667096
NAI Saturn Eastern LLC,Grocery Store,415 14TH ST SE ,WASHINGTON,DC,20003,Not Available,38.88389774,-76.98580554
Broad Branch Market,Grocery Store,5608 BROAD BRANCH RD NW ,WASHINGTON,DC,,Not Available,38.9655973,-77.06866547
Embassy Suites Hotel,Hotel,900 10TH ST NW ,WASHINGTON,DC,20001,Not Available,38.90197959,-77.02627337
NORTHWEST LIQUORS INC.,Food Products,300 KENNEDY ST NW ,WASHINGTON,DC,20011,2028823411.0,38.95634077,-77.01628998
CONGRESSIONAL EXXON,Food Products,200 MASSACHUSETTS AVE NE ,WASHINGTON,DC,20002,2025439456.0,38.89546988,-77.00308463
W & R INC.,Food Products,1618 17TH ST NW ,WASHINGTON,DC,20009,2022651604.0,38.91177606,-77.03885516
SHEFFIELD WINE LIQUOURS,Food Products,5025 CONNECTICUT AVE NW ,WASHINGTON,DC,20008,2023385000.0,38.95569552,-77.06982753
CARISAM-SAMUEL MEISEL (MD) INC.,Food Products,1818 N ST NW ,WASHINGTON,DC,20036,3014668524.0,38.9069822221,-77.0429267778
SPORTMAN'S WINE & LIQUORS,Food Products,3249 MOUNT PLEASANT ST NW ,WASHINGTON,DC,20009,2026452420.0,38.93219947,-77.03854047
TRAVELTRADERS HOTEL STORES INC.,Food Products,1000 H ST NW ,WASHINGTON,DC,20001,7863882500.0,38.89934061,-77.02648774
TRAVELTRADERS HOTEL STORES INC.,Food Products,1001 16TH ST NW ,WASHINGTON,DC,20036,7863882500.0,38.90317045,-77.0359284
FOUR SEASONS HOTEL,Food Products,2800 PENNSYLVANIA AVE NW ,WASHINGTON,DC,20007,3126585000.0,38.9044499714,-77.0572264103
SBC FOOD CORPORATION ,Food Products,1240 W ST NE ,WASHINGTON,DC,20018,2025296660.0,38.91934142,-76.98793639
EASTERN AVENUE SHELL CONVENIENCE STORE,Food Products,6201 NEW HAMPSHIRE AVE NE ,WASHINGTON,DC,20011,2025295466.0,38.96522933,-77.0023996
"VENTURA, LLC.",Food Products,328 KENTUCKY AVE SE ,WASHINGTON,DC,20003,2025436380.0,38.88469065,-76.98570926
DISTRICT OF COLUMBIA CVS PHARMACY LLC,Food Products,661 PENNSYLVANIA AVE SE ,WASHINGTON,DC,20020,2025479325.0,38.8844695,-76.99647867
DISTRICT OF COLUMBIA CVS PHARMACY LLC.,Food Products,1275 PENNSYLVANIA AVE NW ,WASHINGTON,DC,20004,2026384583.0,38.89565727,-77.02925239
721 Shop & Run Inc,Delicatessen,721 H ST NE ,WASHINGTON,DC,20002,Not Available,38.9000402519,-76.995360015
Mac Market & Deli,Delicatessen,5185 MACARTHUR BLVD NW ,WASHINGTON,DC,20016,Not Available,38.92673614,-77.10272948
"Aishwarya DC Ventures LLC dba Papa John's Pizza, 3539",Delicatessen,924 5TH ST NW ,WASHINGTON,DC,20001,Not Available,38.90207156,-77.01921218
SUDANMMA INC,Delicatessen,1730 CONNECTICUT AVE NW ,WASHINGTON,DC,20009,Not Available,38.91356636,-77.04608718
CVS/PARHAMCY #1363,Food Products,2350 WASHINGTON PL NE ,WASHINGTON,DC,20018,Not Available,38.92103099,-76.99481413
World Wine and Spirits,Food Products,1453 PENNSYLVANIA AVE SE ,WASHINGTON,DC,20003,Not Available,38.87931949,-76.98385852
PARKI INC,Food Products,1033 CONNECTICUT AVE NW ,WASHINGTON,DC,20036,Not Available,38.90346266,-77.03953244
MORRIS MILLER WINE AND SPIRITS,Food Products,7804 ALASKA AVE NW ,WASHINGTON,DC,20012,Not Available,38.98410848,-77.0270227
HILTON GARDEN INN WASHINGTON DC,Food Products,815 14TH ST NW ,WASHINGTON,DC,20005,Not Available,38.90066695,-77.03173384
HOME DEPOT USA INC,Food Products,901 RHODE ISLAND AVE NE ,WASHINGTON,DC,20018,Not Available,38.9208488,-76.99085812
GERALD'S GIFT SHOP LLC.,Food Products,4601 MARTIN LUTHER KING J AVE SW ,WASHINGTON,DC,20032,Not Available,38.82485127,-77.01322551
ALICE RE HOLDINGS LLC.,Food Products,1011 K ST NW ,WASHINGTON,DC,20005,Not Available,38.9027884,-77.02649824
"Aishwarya DC Ventures LLC dba Papa John's Pizza, 3540",Food Products,914 11TH ST SE ,WASHINGTON,DC,20003,Not Available,38.87873827,-76.9912768
CIRCLE XON LLC T/A CIRCLE EXXON,Food Products,5521 CONNECTICUT AVE NW ,WASHINGTON,DC,20015,Not Available,38.9637957,-77.07429164
LEE YYD Inc. t/a Fairfax Liquors,Food Products,3851 PENNSYLVANIA AVE SE ,WASHINGTON,DC,20020,Not Available,38.86489055,-76.95088168
MD NORTH LLC,Food Products,470 L'ENFANT PLZ SW ,WASHINGTON,DC,20024,Not Available,38.88413801,-77.02434075
GB License LLC,Food Products,327 S ST NE ,WASHINGTON,DC,20002,Not Available,38.91387029,-77.00085602
"Compass Group USA, Inc.",Food Products,2121 H ST NW ,WASHINGTON,DC,20052,Not Available,38.90000598,-77.04778967
Marshalls 1034,Food Products,3100 14TH ST NW ,WASHINGTON,DC,,Not Available,38.92930077,-77.03298372
H Street Liquors,Food Products,1431 H ST NE ,WASHINGTON,DC,20002,Not Available,38.90004648,-76.98439946
Burlington Coat Factory #1526,Food Products,3100 14TH ST NW ,WASHINGTON,DC,20010,Not Available,38.92930077,-77.03298372
Capitol Tobacco & Grocery,Food Products,1426 NORTH CAPITOL ST NW ,WASHINGTON,DC,20002,Not Available,38.90941115,-77.00938553
GW Peachtree LLC t/a McReynold's Liquors,Food Products,1776 G ST NW ,WASHINGTON,DC,20006,Not Available,38.89809879,-77.04117576
Reach for the sky inc dba Georgetown smoke Shop,Food Products,1015 31ST ST NW ,WASHINGTON,DC,20007,Not Available,38.9031211,-77.06082922
Wagshals,Food Products,3201 NEW MEXICO AVE NW ,WASHINGTON,DC,20016,Not Available,38.93308229,-77.08484051
"Compass Group USA, Inc.",Food Products,2100 FOXHALL RD NW ,WASHINGTON,DC,20007,Not Available,38.91827537,-77.09014234
DC KAIJIKEN LLC,Restaurant,716 7TH ST NW ,WASHINGTON,DC,20001,Not Available,38.89906413,-77.02220831
Mezeh-Dakota Crossing LLC,Restaurant,2490 MARKET ST NE ,WASHINGTON,DC,20018,Not Available,38.9219258598,-76.9523705785
ISLAND HOSPITALITY MANAGEMENT III INC.,Food Vending Machine,801 NEW HAMPSHIRE AVE NW ,WASHINGTON,DC,20037,5616559001.0,38.89986607,-77.05222135
UPREDDY INC.,Food Vending Machine,1818 NEW YORK AVE NE ,WASHINGTON,DC,20002,Not Available,38.91769826,-76.97676135
FREEDOM MARKET INC,Grocery Store,1901 NEW HAMPSHIRE AVE NW ,WASHINGTON,DC,20009,2024835526.0,38.91574888,-77.03738369
"AMKO INTERNATIONAL, INC.",Grocery Store,1231 11TH ST NW ,WASHINGTON,DC,20001,9999999999.0,38.90676492,-77.02668384
Unknown,Grocery Store,1309 5TH ST NE ,WASHINGTON,DC,20002,2025462290.0,38.90871669,-76.99765027
SANTOS T RAMOS,Grocery Store,3158 MOUNT PLEASANT ST NW ,WASHINGTON,DC,20010,2024621151.0,38.93019792,-77.03827032
AHOLD USA LICENSING DEPARTMENT,Grocery Store,300 H ST NE ,WASHINGTON,DC,20002,7172407541.0,38.90043037,-77.00164474
TRADER JOE'S EAST INC,Grocery Store,1914 14TH ST NW ,WASHINGTON,DC,20009,Not Available,38.91609343,-77.03224333
EABLAD LLC.,Grocery Store,6419 GEORGIA AVE NW ,WASHINGTON,DC,20012,Not Available,38.9681158,-77.02705218
HARRIS TEETER #383,Grocery Store,401 M ST SE ,WASHINGTON,DC,20003,Not Available,38.87621685,-77.00009427
MOMs Organic Market Inc,Grocery Store,1501 NEW YORK AVE NE ,WASHINGTON,DC,20002,Not Available,38.91594388,-76.98359091
SALUMERIA 2703 LLC.,Grocery Store,2703 12TH ST NE ,WASHINGTON,DC,20018,Not Available,38.92461963,-76.99015694
NAI Saturn Eastern LLC,Grocery Store,1601 MARYLAND AVE NE ,WASHINGTON,DC,20002,Not Available,38.90056763,-76.97977005
NAI Saturn Eastern LLC.,Grocery Store,1855 WISCONSIN AVE NW ,WASHINGTON,DC,20007,Not Available,38.91618015,-77.06727374
S&H 6 INC,Grocery Store,51 M ST NE ,WASHINGTON,DC,20002,Not Available,38.90545477,-77.00726885
Sav On Liquor,Grocery Store,1414 14TH ST NW ,WASHINGTON,DC,20005,Not Available,38.90938726,-77.03222381
MID-ATLANTIC DISTRIBUTOR INC,Grocery Store,3320 BROWN ST NW ,WASHINGTON,DC,20010,Not Available,38.93374481,-77.03809714
RIHANA INC,Grocery Store,1412 PENNSYLVANIA AVE SE ,WASHINGTON,DC,20003,Not Available,38.88026222,-76.98456779
Union Spirits LLC,Grocery Store,1261 4TH ST NE ,WASHINGTON,DC,20002,Not Available,38.9081425444,-76.9994418565
T&U LLC,Grocery Store,3008 Q ST NW ,WASHINGTON,DC,20007,Not Available,38.91035468,-77.0596779
NAOM LLC,Grocery Store,1812 HAMLIN ST NE ,WASHINGTON,DC,20018,Not Available,38.92845685,-76.97839423
AKSE LLC,Grocery Store,1515 WISCONSIN AVE NW ,WASHINGTON,DC,20007,Not Available,38.90969195,-77.06424025
Multifarious Publica UXR,Grocery Store,3501 GEORGIA AVE NW ,WASHINGTON,DC,20010,Not Available,38.93300257,-77.02358999
WHEELER LIQUOR & GROCERY INC,Grocery Store,4137 WHEELER RD SE ,WASHINGTON,DC,20032,Not Available,38.83341297,-76.99003603
BROOKLAND TG INC,Grocery Store,3736 10TH ST NE ,WASHINGTON,DC,20017,Not Available,38.93646518,-76.99390204
1107 Safi LLC  101 Rhode Island ave,Restaurant,101 RHODE ISLAND AVE NW ,WASHINGTON,DC,20001,Not Available,38.915938339,-77.012360754
DOLCEZZA GELATO PINTS LLC.,Ice Cream Manufacture,550 PENN ST NE ,WASHINGTON,DC,20002,Not Available,38.91012864,-76.99611122
HARRIS TEETER #352,Restaurant,1201 1ST ST NE ,WASHINGTON,DC,20002,Not Available,38.90593275,-77.00560766
CENTER CITY PUBLIC CHARTER SCHOOLS,Restaurant,6008 GEORGIA AVE NW ,WASHINGTON,DC,20011,2027233322.0,38.96318765,-77.02837042
BSREP III DC Hotel TRS LLC.,Hotel,806 15TH ST NW ,WASHINGTON,DC,20005,Not Available,38.90049959,-77.03404172
Courtyard By Marriott Washington DC Foggy Bottom/GWU,Hotel,515 20TH ST NW ,WASHINGTON,DC,20006,Not Available,38.89651445,-77.0446879
Arlo Washington DC,Hotel,333 G ST NW ,WASHINGTON,DC,20001,Not Available,38.8986247944,-77.0157152754
WING FU CORPORATION,Restaurant,3287 M ST NW ,WASHINGTON,DC,20007,2023383881.0,38.90531059,-77.06565103
Gopuff,Food Products,6250 CHILLUM PL NW ,WASHINGTON,DC,20011,Not Available,38.9663224,-77.01145711
"GoBrands, Inc.",Food Products,4221 CONNECTICUT AVE NW ,WASHINGTON,DC,20008,Not Available,38.94380738,-77.06284154
Noma Wine & Liquor,Food Products,22 M ST NE ,WASHINGTON,DC,20002,Not Available,38.9058811,-77.00785204
Hamilton Liquors,Food Products,5205 GEORGIA AVE NW ,WASHINGTON,DC,20011,Not Available,38.95316475,-77.02728913
Sai Liquors LLC t/a Sammys Liquors,Food Products,2725 BLADENSBURG RD NE ,WASHINGTON,DC,20018,Not Available,38.92484834,-76.96520917
DDS/RSA RANDOLPH-SHEPPARD VENDING FACILITIES PROGRAM (RSVFP),Grocery Store,320 21ST ST NW ,WASHINGTON,DC,20451,Not Available,38.89480937,-77.04737789
METRO SUPERMARKET,Grocery Store,2130 P ST NW ,WASHINGTON,DC,20037,Not Available,38.90948268,-77.04836317
DAE AH LLC,Grocery Store,501 4TH ST SE ,WASHINGTON,DC,20003,Not Available,38.8830826,-77.00082488
CORNER MARKET,Grocery Store,1449 HOWARD RD SE ,WASHINGTON,DC,20020,Not Available,38.85825487,-76.98738056
NAI Saturn Eastern LLC,Grocery Store,415 14TH ST SE ,WASHINGTON,DC,20003,Not Available,38.88389774,-76.98580554
ELLE YAME LLC,Grocery Store,1245 5TH ST NW ,WASHINGTON,DC,20001,Not Available,38.90710516,-77.01868191
MEG&AN LLC,Grocery Store,3306 GEORGIA AVE NW ,WASHINGTON,DC,20010,Not Available,38.93128176,-77.02380993
ABUKEY LLC,Grocery Store,902 KENNEDY ST NW ,WASHINGTON,DC,20011,Not Available,38.95610099,-77.02612256
KIF MARKET LLC.,Grocery Store,2713 MARTIN LUTHER KING J AVE SE ,WASHINGTON,DC,20032,Not Available,38.84788766,-76.99626333
Unknown,Barber Shop,6122 GEORGIA AVE NW ,WASHINGTON,DC,20011,2402716858.0,38.96466967,-77.02794408
J. SCOTT & FAMILY LLC,Barber Shop,1242 PENNSYLVANIA AVE SE ,WASHINGTON,DC,20003,Not Available,38.88196872,-76.98882578
HAIR SHOPPE (THE),Barber Shop,1625 K ST NW ,WASHINGTON,DC,20006,Not Available,38.90292322,-77.0374096
Hollingsworth Holdings LLC,Barber Shop,2704 Marion Barry AVE SE ,WASHINGTON,DC,20020,Not Available,38.86107397,-76.96872356
DIANE BARBER SHOP LLC,Barber Shop,3921 WINDOM PL NW ,WASHINGTON,DC,20016,Not Available,38.94568404,-77.07801226
Wilsons Barbershop,Barber Shop,2010 18TH ST NW ,WASHINGTON,DC,20009,Not Available,38.9173609,-77.04187944
SIMPLY GREATA HAIR SALON,Beauty Shop,6424 GEORGIA AVE NW ,WASHINGTON,DC,20012,2026743526.0,38.96817926,-77.02764313
BLONDIE'S SPA/ HAIR SALON,Beauty Shop,1910 18TH ST NW ,WASHINGTON,DC,20009,2022328338.0,38.91601758,-77.04189387
T SALON,Beauty Shop,4701 WISCONSIN AVE NW ,WASHINGTON,DC,20016,2022430124.0,38.95109184,-77.08052228
MICHAEL ANTHONY SALON,Beauty Shop,661 C ST SE ,WASHINGTON,DC,20003,2025063609.0,38.88586019,-76.99643665
EIVIND & HANS OF GEORGETOWN INC,Beauty Shop,2233 WISCONSIN AVE NW ,WASHINGTON,DC,20007,2029652100.0,38.91994196,-77.07073994
LOGAN 14 LLC,Beauty Shop,1314 14TH ST NW ,WASHINGTON,DC,20005,2025066868.0,38.90776401,-77.03235913
NATIONAL HARBOR BARBERSHOP,Barber Shop,8 ELMIRA ST SW ,WASHINGTON,DC,20032,Not Available,38.82585235,-77.00788343
DIANE BARBER SHOP LLC,Barber Shop,3921 WINDOM PL NW ,WASHINGTON,DC,20016,Not Available,38.94568404,-77.07801226
SARAI & ISAAC LLC,Beauty Shop,1322 PARK RD NW ,WASHINGTON,DC,20010,Not Available,38.93074574,-77.03061294
EVOLVE HAIR CARE LLC.,Beauty Shop,944 FLORIDA AVE NW ,WASHINGTON,DC,20001,2022321008.0,38.91931402,-77.02517943
LUMEN SALON LLC,Beauty Shop,1502 WISCONSIN AVE NW ,WASHINGTON,DC,20007,Not Available,38.90900151,-77.06431757
ESTILO LLC,Beauty Shop,1228 11TH ST NW ,WASHINGTON,DC,20001,Not Available,38.90657007,-77.02733852
RAMIREZ & HERNANDEZ LLC.,Beauty Shop,655 C ST SE ,WASHINGTON,DC,20003,Not Available,38.88586695,-76.9966206
La Veronique Salon,Beauty Shop,1208 31ST ST NW ,WASHINGTON,DC,20007,Not Available,38.90552553,-77.06133313
DC BARBER AND SPA,Beauty Shop,201 MASSACHUSETTS AVE NE ,WASHINGTON,DC,20002,Not Available,38.89461959,-77.00288022
European Wax Center,Beauty Shop,1075 5TH ST NW ,WASHINGTON,DC,20001,Not Available,38.90330318,-77.0186981
Salon Familia DC,Beauty Shop,3817 LIVINGSTON ST NW ,WASHINGTON,DC,20015,Not Available,38.96329505,-77.07537631
Jacquie Ohs Hair Salon,Beauty Shop,1325 18TH ST NW ,WASHINGTON,DC,,Not Available,38.90799196,-77.04136606
Friebele LLC,Beauty Shop,615 PENNSYLVANIA AVE SE ,WASHINGTON,DC,20003,Not Available,38.885021,-76.99784618
IVEY NAILS AND SPA,Beauty Shop,3819 14TH ST NW ,WASHINGTON,DC,20011,Not Available,38.93802916,-77.0324348
DC Lash Bar,Beauty Shop,2629 CONNECTICUT AVE NW ,WASHINGTON,DC,20008,Not Available,38.92441663,-77.0516588
QN nails spa LLC,Beauty Shop,5012 CONNECTICUT AVE NW ,WASHINGTON,DC,20008,Not Available,38.95512459,-77.07024715
Dupont Lash and Brow Bar,Beauty Shop,1730 CONNECTICUT AVE NW ,WASHINGTON,DC,20009,Not Available,38.91356636,-77.04608718
D-Monet Studio,Beauty Shop,3130 MARTIN LUTHER KING J AVE SE ,WASHINGTON,DC,20032,Not Available,38.84278714,-77.00025584
LDTA L.L.C.,Beauty Shop,1030 15TH ST NW ,WASHINGTON,DC,20005,Not Available,38.90341131,-77.03510157
"GEORGE OZTURK, INC",Beauty Shop,2828 PENNSYLVANIA AVE NW ,WASHINGTON,DC,20007,Not Available,38.9049892,-77.05792285
Methodist Home of DC,Beauty Shop,4901 CONNECTICUT AVE NW ,WASHINGTON,DC,20008,Not Available,38.95397214,-77.06846864
MORTON'S OF CHICAGO/WASHINGTO SQUARE INC,Restaurant,1050 CONNECTICUT AVE NW ,WASHINGTON,DC,20036,2029555997.0,38.90350778,-77.04035008
Unknown,Restaurant,3050 K ST NW ,WASHINGTON,DC,20007,7032375858.0,38.90194421,-77.06091848
H H LEONARDS ASSOCIATES,Restaurant,2020 O ST NW ,WASHINGTON,DC,20036,2024962020.0,38.9083642524,-77.0458519636
HOWARD UNIVERSITY (THE),Restaurant,2400 6TH ST NW ,WASHINGTON,DC,20001,2028067400.0,38.92312843,-77.02161949
CHI-CHA LOUNGE,Restaurant,1624 U ST NW ,WASHINGTON,DC,20009,2022348400.0,38.91675636,-77.03789665
HARD ROCK CAFE,Restaurant,999 E ST NW ,WASHINGTON,DC,20004,2027891000.0,38.89642737,-77.02550197
"JEM & ASSOC., INC.",Restaurant,2616 CONNECTICUT AVE NW ,WASHINGTON,DC,20008,3015982115.0,38.92413521,-77.05227614
GUEST SERVICES INC,Restaurant,760 CONSTITUTION AVE NW ,WASHINGTON,DC,20656,7038499324.0,0.0,0.0
AMERICAN UNIVERSITY,Restaurant,4400 MASSACHUSETTS AVE NW ,WASHINGTON,DC,20016,2028851603.0,38.93908176,-77.08841482
ROMAIN'S TABLE INC,Restaurant,2453 18TH ST NW ,WASHINGTON,DC,20009,2022328800.0,38.9218507,-77.0420667
PERRYS,Restaurant,1811 COLUMBIA RD NW ,WASHINGTON,DC,20009,2026675333.0,38.92211949,-77.04353969
INDIA PALACE LLC.,Restaurant,2807 2809 M ST NW ,WASHINGTON,DC,20037,2029654266.0,38.9054481254,-77.0573518404
CAFE DIVAN,Restaurant,1834 WISCONSIN AVE NW ,WASHINGTON,DC,20007,7036255019.0,38.91552491,-77.06780273
TONY & JOES SEAFOOD PLACE,Restaurant,3020 K ST NW ,WASHINGTON,DC,20007,2025291550.0,0.0,0.0
RAVEN GILL C/O MERID ADMASSU,Restaurant,3125 MOUNT PLEASANT ST NW ,WASHINGTON,DC,20010,2023878411.0,38.92940307,-77.03729582
PARTHENON INC,Restaurant,5510 5512 CONNECTICUT AVE NW ,WASHINGTON,DC,20015,2029667600.0,38.96342856,-77.07508014
STARBUCKS CORPORATION,Restaurant,1801 COLUMBIA RD NW ,WASHINGTON,DC,20009,2025189649.0,38.92272893,-77.04296693
S & A INC,Restaurant,1500 BENNING RD NE ,WASHINGTON,DC,20002,2023880421.0,38.90020141,-76.98180823
UNITED BROTHERS OF D.C. INC.,Restaurant,1129 18TH ST NW ,WASHINGTON,DC,20036,2028629840.0,38.9048636,-77.04145464
DC9,Restaurant,1940 9TH ST NW ,WASHINGTON,DC,20001,2024835000.0,38.91671153,-77.02422422
EUROCHEF LLC,Restaurant,514 8TH ST SE ,WASHINGTON,DC,20003,2025440100.0,38.88220479,-76.99460373
TRUSTY'S FULL SERVE,Restaurant,1420 PENNSYLVANIA AVE SE ,WASHINGTON,DC,20003,2025471010.0,38.88021427,-76.98436116
DUMBARTON OAKS TRUSTEES FOR HARVARD,Restaurant,1703 32ND ST NW ,WASHINGTON,DC,20007,2023396493.0,38.9141329,-77.06404673
Unknown,Restaurant,1000 JEFFERSON DR SW ,WASHINGTON,DC,20012,2127898100.0,38.88877169,-77.02595579
POTBELLY SANDWICH WORKS LLC.,Restaurant,637 INDIANA AVE NW ,WASHINGTON,DC,20004,3129510600.0,38.89432618,-77.02142413
WOK AND ROLL RESTAURANT,Restaurant,604 H ST NW ,WASHINGTON,DC,20001,2023474556.0,38.89963199,-77.02039869
POTBELLY SANDWICH WORKS LLC.,Restaurant,409 3RD ST SW ,WASHINGTON,DC,20024,3129510600.0,38.88460326,-77.01575414
"POPAL GROUP, LLC (THE)",Restaurant,1847 COLUMBIA RD NW ,WASHINGTON,DC,20009,2026672400.0,38.92129463,-77.04392146
SUBWAY 116,Restaurant,1712 L ST NW ,WASHINGTON,DC,20036,2027857825.0,38.90358628,-77.03946068
EDDIE'S CARRYOUT,Restaurant,1251 BLADENSBURG RD NE ,WASHINGTON,DC,20002,2023991725.0,38.90697604,-76.97852768
JVLHC LLC,Restaurant,1103 BLADENSBURG RD NE ,WASHINGTON,DC,20002,2024380394.0,38.90391392,-76.98060056
RED DERBY LLC,Restaurant,3718 14TH ST NW ,WASHINGTON,DC,20010,2022772485.0,38.9377239882,-77.0330593594
"L'AZIATIQUE, INC. T/A AOI JAPANESE RESTAURANT",Restaurant,1100 NEW YORK AVE NW ,WASHINGTON,DC,20005,2024083377.0,38.9006693,-77.0274437
CHIPOTLE MEXICAN GRILL,Restaurant,3255 M ST NW ,WASHINGTON,DC,20007,2023338377.0,38.90538763,-77.06453106
CAPITOL CITY BREWING COMPANY L.L.C.,Restaurant,1100 NEW YORK AVE NW ,WASHINGTON,DC,20005,2022326629.0,38.9006693,-77.0274437
SUNNYSIDE GROUP LLC,Restaurant,303 PENNSYLVANIA AVE SE ,WASHINGTON,DC,20003,2025438222.0,38.88666999,-77.00180544
MOMIJI REST. CORP.,Restaurant,505 H ST NW ,WASHINGTON,DC,20001,2024088110.0,38.89998965,-77.01918164
OLIVER FOOD DC INC,Restaurant,1551 ALABAMA AVE SE ,WASHINGTON,DC,20032,2023208332.0,38.84625106,-76.98102391
ARAMARK ENTERTAINMENT LLC,Restaurant,601 F ST NW ,WASHINGTON,DC,20004,2026615155.0,38.8980785153,-77.0209572291
TOP SPANISH CAFE & CATERING,Restaurant,3541 GEORGIA AVE NW ,WASHINGTON,DC,20010,2027231596.0,38.93393206,-77.02369664
"PEET'S COFFEE, INC.",Food Products,1701 PENNSYLVANIA AVE NW ,WASHINGTON,DC,20006,8453568390.0,38.89933664,-77.03982446
ASEEL INC.,Restaurant,1314 9TH ST NW ,WASHINGTON,DC,20001,Not Available,38.90776628,-77.0242387
ROTI MEDITERRANEAN GRILL,Restaurant,2221 I ST NW ,WASHINGTON,DC,20037,Not Available,38.90097485,-77.04962044
"CHIPOTLE MEXICAN GRILL OF COLORADO, LLC.",Restaurant,1045 5TH ST NW ,WASHINGTON,DC,20001,3035954000.0,38.90306085,-77.01870426
AAE TOWING,Tow Truck,1710 Marion Barry AVE SE ,WASHINGTON,DC,20020,Not Available,38.86618509,-76.97982358
DC TOWING & RECOVERY INC.,Tow Truck,1075 KENILWORTH AVE NE ,WASHINGTON,DC,20019,Not Available,38.90396974,-76.94119787
"T13 TOWING, LLC",Tow Truck,1239 KENILWORTH AVE NE ,WASHINGTON,DC,20019,Not Available,38.9068322211,-76.9376514012
C&B Towing & Recovery LLC,Tow Truck,1229 KENILWORTH AVE NE ,WASHINGTON,DC,20019,Not Available,38.90679486,-76.9384179
ABC Towing Inc.,Tow Truck,2214 CHANNING ST NE ,WASHINGTON,DC,,Not Available,38.92271959,-76.97308093
Rhode Island Wrecker Services LLC.,Tow Truck,3010 RHODE ISLAND AVE NE ,WASHINGTON,DC,20018,Not Available,38.93464441,-76.96516044
ABC Towing Inc.,Tow Truck,2214 CHANNING ST NE ,WASHINGTON,DC,,Not Available,38.92271959,-76.97308093
TOWING GROUP INC.,Tow Truck Business,2307 BLADENSBURG RD NE ,WASHINGTON,DC,20018,Not Available,38.92053558,-76.96931003
D C TOWING & RECOVERY INC,Tow Truck Business,1075 KENILWORTH AVE NE ,WASHINGTON,DC,20019,Not Available,38.90396974,-76.94119787
APE HEAVY DUTY TOWING & TRANSPORT LLC,Tow Truck Business,1075 KENILWORTH AVE NE ,WASHINGTON,DC,20019,Not Available,38.90396974,-76.94119787
METRO MOTOR TOWING INC,Tow Truck Storage Lot,1329 KENILWORTH AVE NE ,WASHINGTON,DC,20019,Not Available,38.90818104,-76.93697125
"Atlantic Towing & Recovery, Inc.",Tow Truck Storage Lot,2521 BLADENSBURG RD NE ,WASHINGTON,DC,20018,Not Available,38.9228946563,-76.9674612613
ON CALL REMOVAL SERVICE LLC,Tow Truck Storage Lot,1239 KENILWORTH AVE NE ,WASHINGTON,DC,20019,Not Available,38.9068322211,-76.9376514012
ACCIDENT TOWING CORP,Tow Truck Storage Lot,1075 KENILWORTH AVE NE ,WASHINGTON,DC,20019,Not Available,38.90396974,-76.94119787
Unknown,Gasoline Dealer,1248 PENNSYLVANIA AVE SE ,WASHINGTON,DC,20003,Not Available,38.88208232,-76.98866037
SEBRINA INC,Delicatessen,1121 7TH ST NW ,WASHINGTON,DC,20001,Not Available,38.90528539,-77.02172972
DOLLAR PLUS FOOD,Delicatessen,4522 BENNING RD SE ,WASHINGTON,DC,20019,Not Available,38.8891005,-76.93665764
"7-ELEVEN, INC",Delicatessen,504 K ST NW ,WASHINGTON,DC,20001,Not Available,38.90227712,-77.01930054
"I & I Palisades, Inc.",Delicatessen,4554 MACARTHUR BLVD NW ,WASHINGTON,DC,20007,Not Available,38.90907164,-77.08753515
FAMILY MARKET,Food Products,4626 14TH ST NW ,WASHINGTON,DC,20011,Not Available,38.9469173,-77.03300652
LORI'S GIFTS INC,Food Products,900 23RD ST NW ,WASHINGTON,DC,20037,Not Available,38.9013080732,-77.0507134528
DAVID'S HAIR STUDIO INC.,Beauty Shop,1926 I ST NW ,WASHINGTON,DC,20006,Not Available,38.90115477,-77.04463789
African hair braiding LLC,Beauty Shop Braiding,3933 GEORGIA AVE NW ,WASHINGTON,DC,20011,Not Available,38.93956444,-77.02469267
Glowbar,Beauty Shop Esthetics,1533 WISCONSIN AVE NW ,WASHINGTON,DC,20007,Not Available,38.9100582,-77.06451361
L.A. NAIL,Beauty Shop Nails,3119 GEORGIA AVE NW ,WASHINGTON,DC,20010,2025458844.0,38.92971923,-77.02313358
D&A NAILS & SPA LLC,Beauty Shop Nails,1575 I ST NW ,WASHINGTON,DC,20005,Not Available,38.90166304,-77.03548046
LT NAIL DESIGN,Beauty Shop Nails,1205 TUCKERMAN ST NW ,WASHINGTON,DC,20011,2027220023.0,38.96760114,-77.02790784
Varnish Lane,Beauty Shop Nails,400 K ST NW ,WASHINGTON,DC,20001,Not Available,38.90219765,-77.01644467
NAIL WORKS BAR,Beauty Shop Nails,2300 WASHINGTON PL NE ,WASHINGTON,DC,20018,Not Available,38.92041755,-76.99543999
THE NAIL BAR DC LLC,Beauty Shop Nails,945 FLORIDA AVE NW ,WASHINGTON,DC,20001,Not Available,38.91924174,-77.02460757
KIBANA NAIL BAR LLC,Beauty Shop Nails,655 MICHIGAN AVE NE ,WASHINGTON,DC,20017,Not Available,38.9326383,-76.99674675
SWEAT DC,Health Spa,3325 GEORGIA AVE NW ,WASHINGTON,DC,20010,Not Available,38.93172996,-77.02318798
ETALON DAY SPA,Massage Establishment,400 7TH ST NW ,WASHINGTON,DC,20004,Not Available,38.89495211,-77.02209706
Arch Amenities Group,Massage Establishment,1100 PENNSYLVANIA AVE NW ,WASHINGTON,DC,20004,Not Available,38.89412373,-77.02757271
CLAUDIAMORIM WELLBEING LLC.,Massage Establishment,1341 CONNECTICUT AVE NW ,WASHINGTON,DC,20036,Not Available,38.90837737,-77.04228773
476 K LLC.,Restaurant,476 K ST NW ,WASHINGTON,DC,20001,2023712223.0,38.90226551,-77.01870232
SEBRINA INC,Delicatessen,1121 7TH ST NW ,WASHINGTON,DC,20001,Not Available,38.90528539,-77.02172972
SHAW HOWARD DELI,Delicatessen,1911 7TH ST NW ,WASHINGTON,DC,20001,2023401257.0,38.9159446337,-77.0217064445
"7-ELEVEN, INC.",Delicatessen,5210 3RD ST NE ,WASHINGTON,DC,20011,Not Available,38.9529270681,-77.0014570919
"St. Gabriel, LLC.",Food Products,2350 SOUTH DAKOTA AVE NE ,WASHINGTON,DC,20018,Not Available,38.92161602,-76.96054641
FAMILY MARKET,Food Products,4626 14TH ST NW ,WASHINGTON,DC,20011,Not Available,38.9469173,-77.03300652
BILEN LLC.,Food Products,2237 MINNESOTA AVE SE ,WASHINGTON,DC,20020,Not Available,38.8718802724,-76.973413786
"R&P Enterprises, LLC",Food Products,4525 WISCONSIN AVE NW ,WASHINGTON,DC,20016,Not Available,38.94868598,-77.07975195
"GoBrands, Inc.",Food Products,4221 CONNECTICUT AVE NW ,WASHINGTON,DC,20008,Not Available,38.94380738,-77.06284154
ANGEL'S SHARE LLC,Food Products,1748 7TH ST NW ,WASHINGTON,DC,20001,Not Available,38.91393207,-77.02212669
Sip Wine & Spirits,Food Products,1212 NEW YORK AVE NW ,WASHINGTON,DC,20005,Not Available,38.90011139,-77.02875816
Big D Liquors,Food Products,4169 MINNESOTA AVE NE ,WASHINGTON,DC,20019,Not Available,38.90001376,-76.94459503
Sai Liquors LLC t/a Sammys Liquors,Food Products,2725 BLADENSBURG RD NE ,WASHINGTON,DC,20018,Not Available,38.92484834,-76.96520917
AREKAY LLC,Food Products,1500 U ST NW ,WASHINGTON,DC,20009,Not Available,38.91685632,-77.03482706
RAM GROCERY,Grocery Store,3509 WHEELER RD SE ,WASHINGTON,DC,20032,Not Available,38.8391882,-76.9939661
METRO SUPERMARKET,Grocery Store,2130 P ST NW ,WASHINGTON,DC,20037,Not Available,38.90948268,-77.04836317
FIYAMETA L.L.C.,Grocery Store,104 KENNEDY ST NW ,WASHINGTON,DC,20011,Not Available,38.95639308,-77.01209203
ARIF L.L.C.,Grocery Store,2606 GEORGIA AVE NW ,WASHINGTON,DC,20001,Not Available,38.92443196,-77.02278913
ABUKEY LLC,Grocery Store,902 KENNEDY ST NW ,WASHINGTON,DC,20011,Not Available,38.95610099,-77.02612256
GEBREMARIAM LLC,Grocery Store,434 SHEPHERD ST NW ,WASHINGTON,DC,20011,Not Available,38.93977156,-77.01878033
WENDIM LIQUORS INC,Grocery Store,2033 BENNING RD NE ,WASHINGTON,DC,20002,Not Available,38.89830169,-76.97437494
DAMOTE INC.,Grocery Store,5421 GEORGIA AVE NW ,WASHINGTON,DC,20011,Not Available,38.95581712,-77.02774702
WENDIM VENI INC,Grocery Store,725 8TH ST SE ,WASHINGTON,DC,20003,Not Available,38.88038704,-76.99531416
Root Retail LLC t/a 7 River Mart,Grocery Store,250 11TH ST NE ,WASHINGTON,DC,20002,Not Available,38.89344284,-76.99179591
H2MZ LLC,Grocery Store,7712 GEORGIA AVE NW ,WASHINGTON,DC,20012,Not Available,38.9831895,-77.02684738
Unknown,Restaurant,1356 OKIE ST NE ,WASHINGTON,DC,20002,Not Available,38.91463421,-76.98555198
FAMOUS FISH AND CHICKEN DC INC.,Restaurant,932 RHODE ISLAND AVE NE ,WASHINGTON,DC,20018,Not Available,38.92258041,-76.99281912
ACE OF SPADES LOUNGE LLC,Restaurant,1817 7TH ST NW ,WASHINGTON,DC,20001,Not Available,38.91472749,-77.02171795
Queens Cafe,Restaurant,2405 18TH ST NW ,WASHINGTON,DC,20009,Not Available,38.92074305,-77.04170499
Best One Liquor LLC,Food Products,322 FLORIDA AVE NW ,WASHINGTON,DC,20001,Not Available,38.91357886,-77.01597627
TK DC INC.,Food Products,1718 14TH ST NW ,WASHINGTON,DC,20009,Not Available,38.91326687,-77.03226338
S & D ONE LLC  t/a Rocket Liquors,Food Products,900 KENNEDY ST NW ,WASHINGTON,DC,20011,Not Available,38.95610705,-77.02598562
S&H 6 INC,Grocery Store,51 M ST NE ,WASHINGTON,DC,20002,Not Available,38.90545477,-77.00726885
EXPRESS CONVENIENCE STORE LLC.,Grocery Store,2031 BENNING RD NE ,WASHINGTON,DC,20002,Not Available,38.89831539,-76.97443718
WONDER MART CONVENIENCE INC,Grocery Store,2743 MARTIN LUTHER KING J AVE SE ,WASHINGTON,DC,20032,Not Available,38.84693331,-76.9964129
NAOM LLC,Grocery Store,1812 HAMLIN ST NE ,WASHINGTON,DC,20018,Not Available,38.92845685,-76.97839423
NAJIYAH ABRAR INCORPORATED,Grocery Store,1535 U ST SE ,WASHINGTON,DC,20020,Not Available,38.86518725,-76.98235687
AJES LLC,Grocery Store,3101 RHODE ISLAND AVE NE ,WASHINGTON,DC,20018,Not Available,38.93440622,-76.9642434
WHEELER LIQUOR & GROCERY INC,Grocery Store,4137 WHEELER RD SE ,WASHINGTON,DC,20032,Not Available,38.83341297,-76.99003603
BROOKLAND TG INC,Grocery Store,3736 10TH ST NE ,WASHINGTON,DC,20017,Not Available,38.93646518,-76.99390204
NEW BEGINNING VOCATIONAL                      PROGRAM LLC,Restaurant,2060 WEST VIRGINIA AVE NE ,WASHINGTON,DC,20002,Not Available,38.9153013474,-76.9808637063
"TG Cigars, Inc.",Restaurant,1120 9TH ST NW ,WASHINGTON,DC,20001,Not Available,38.9050144,-77.02425276
CTE,Restaurant,2153 P ST NW ,WASHINGTON,DC,20037,Not Available,38.90979924,-77.0483409
"COLUMBIA ROAD CHICKEN, LLC",Restaurant,1742 COLUMBIA RD NW ,WASHINGTON,DC,20009,Not Available,38.92392145,-77.04045562
Unido Shaw LLC,Restaurant,901 W ST NW ,WASHINGTON,DC,20001,Not Available,38.9192077564,-77.0242741893
"Chaac Pizza Northeast, LLC",Restaurant,4205 GEORGIA AVE NW ,WASHINGTON,DC,20011,Not Available,38.94218941,-77.02533297
AR Corporation,Restaurant,1400 INDEPENDENCE AVE SW ,WASHINGTON,DC,20250,Not Available,38.88677276,-77.02996809
Tm Washington LLC,Restaurant,900 M ST SE ,WASHINGTON,DC,20003,Not Available,38.87669126,-76.99342543
"Ned's Club Washington, DC",Restaurant,734 15TH ST NW ,WASHINGTON,DC,20005,Not Available,38.89957829,-77.03407702
Wax Union Market LLC.,Beauty Shop,300 MORSE ST NE ,WASHINGTON,DC,20002,Not Available,38.90899572,-77.00088778
L5 Skincare Shops Virginia LLC,Beauty Shop,1829 14TH ST NW ,WASHINGTON,DC,20009,Not Available,38.91498757,-77.03155803
2501 PENN LLC.,Gasoline Dealer,2501 PENNSYLVANIA AVE SE ,WASHINGTON,DC,20020,Not Available,38.87298301,-76.97058808
"Anacostia Realty, LLC.",Gasoline Dealer,4861 MASSACHUSETTS AVE NW ,WASHINGTON,DC,20016,Not Available,38.9461231,-77.09648317
ENGLISH STANDARD LLC,Restaurant,2001 18TH ST NW ,WASHINGTON,DC,20009,Not Available,38.91717008,-77.0414634
COMPASS GROUP USA INC,Restaurant,1000 CONSTITUTION AVE NW ,WASHINGTON,DC,,Not Available,0.0,0.0
SALT AND PEPPER GRILL INDIAN AND PAKISTANI CUISINE INC.,Restaurant,2632 GEORGIA AVE NW ,WASHINGTON,DC,20001,Not Available,38.92499865,-77.02290532
ORGANIZED CHAOS LLC,Restaurant,2606 CONNECTICUT AVE NW ,WASHINGTON,DC,20008,Not Available,38.9238898,-77.05212235
LHCW HOTEL OPERATING COMPANY (2002) LLC,Bakery,2401 M ST NW ,WASHINGTON,DC,20037,2028575604.0,38.9055498,-77.05177415
"RICO BAKERY, INC.",Bakery,1235 KENILWORTH AVE NE ,WASHINGTON,DC,20019,2023974400.0,38.90680514,-76.93804838
WAL-MART #3035,Bakery,310 RIGGS RD NE ,WASHINGTON,DC,20011,Not Available,38.95809375,-77.00207019
DISTRICT PRALINE LLC.,Bakery,925 7TH ST SW ,WAS,DC,20024,Not Available,38.8786401,-77.02314456
Waldorf Astoria Washington D.C.,Bakery,1100 PENNSYLVANIA AVE NW ,WASHINGTON,DC,20004,Not Available,38.89412373,-77.02757271
Belleva LLC dba Wine and organic,Bakery,5714 CONNECTICUT AVE NW ,WASHINGTON,DC,20015,Not Available,38.96626904,-77.0767482
GREAT AMERICAN CORPORATION,Caterers,2625 EVARTS ST NE ,WASHINGTON,DC,20018,2022558733.0,38.92422547,-76.96859945
"CENTRONIA, INC.",Caterers,1420 COLUMBIA RD NW ,WASHINGTON,DC,20009,2023324200.0,38.92718019,-77.03347011
BARBARA CHAMBERS CHILDREN'S CENTER,Caterers,1470 IRVING ST NW ,WASHINGTON,DC,20010,Not Available,38.92844345,-77.03544269
"RICE BAR 2ND STREET, INC",Caterers,1300 2ND ST NE ,WASHINGTON,DC,20002,Not Available,38.90787077,-77.00365945
Rose's At Home,Caterers,721 8TH ST SE ,WASHINGTON,DC,20003,Not Available,38.88052619,-76.99532936
"Klean Plate Catering, LLC",Caterers,2800 10TH ST NE ,WASHINGTON,DC,20017,Not Available,38.92581574,-76.99276286
"METRO CATERING & CONCESSIONS, Inc.",Caterers,801 MT VERNON PL NW ,WASHINGTON,DC,20001,Not Available,38.90358717,-77.02310078
Primrose Thai Cuisine,Caterers,2000 5TH ST NE ,WASHINGTON,DC,20002,Not Available,38.91713131,-76.9998403
Fritters and Roast LLC,Caterers,1369 NEW YORK AVE NE ,WASHINGTON,DC,20002,Not Available,38.91529142,-76.98528226
"DC KABOB, INC.",Restaurant,1025 VERMONT AVE NW ,WASHINGTON,DC,20005,Not Available,38.90330715,-77.03293527
RASIKA WEST END LLC,Restaurant,1177 22ND ST NW ,WASHINGTON,DC,20037,Not Available,38.90465853,-77.04857837
JW MARRIOTT HOTEL,Restaurant,1331 PENNSYLVANIA AVE NW ,WASHINGTON,DC,20004,Not Available,38.89636772,-77.0313718
UMI JAPENSES CUISINE,Restaurant,2625 CONNECTICUT AVE NW ,WASHINGTON,DC,20008,Not Available,38.92430618,-77.0514922
GRAND HYATT WASHINGTON,Restaurant,1000 H ST NW ,WASHINGTON,DC,20001,Not Available,38.89934061,-77.02648774
GRAND HYATT WASHINGTON,Restaurant,1000 H ST NW ,WASHINGTON,DC,20001,Not Available,38.89934061,-77.02648774
COFFEE NATURE,Restaurant,4224 FESSENDEN ST NW ,WASHINGTON,DC,20016,Not Available,38.95447296,-77.08311489
WONDER CHICKEN,Restaurant,6200 GEORGIA AVE NW ,WASHINGTON,DC,20011,Not Available,38.96507261,-77.0279447
BALKAN CONCEPTS LLC,Restaurant,523 8TH ST SE ,WASHINGTON,DC,20003,Not Available,38.8820263,-76.99532511
DISTRICT TACO LLC,Restaurant,1309 F ST NW ,WASHINGTON,DC,20004,Not Available,38.89758591,-77.03015362
Cafe Berlin,Restaurant,322 MASSACHUSETTS AVE NE ,WASHINGTON,DC,20002,Not Available,38.89444828,-77.00093337
"POLLO CAMPERO OF MARYLAND, LLC.",Restaurant,3229 14TH ST NW ,WASHINGTON,DC,20010,Not Available,38.93008283,-77.032174
District Taco,Restaurant,656 PENNSYLVANIA AVE SE ,WASHINGTON,DC,20003,Not Available,38.8852656697,-76.9967084586
M CAFE,Restaurant,1634 14TH ST NW ,WASHINGTON,DC,20009,Not Available,38.91241135,-77.03228894
CHOP'T CREATIVE SALAD COMPANY LLC,Restaurant,801 PENNSYLVANIA AVE NW ,WASHINGTON,DC,20004,Not Available,38.89442863,-77.02350611
AHOLD USA LICENSING DEPARTMENT,Restaurant,1400 7TH ST NW ,WASHINGTON,DC,20001,7172407541.0,38.90892551,-77.02222406
POTBELLY SANDWICH WORKS LLC,Restaurant,1050 K ST NW ,WASHINGTON,DC,20001,3129510600.0,38.90228557,-77.02669784
MARRIOTT MARQUIS,Restaurant,901 MASSACHUSETTS AVE NW ,WASHINGTON,DC,20001,Not Available,38.90367009,-77.02467863
M STREET MANAGEMENT GROUP LLC,Restaurant,1819 M ST NW ,WASHINGTON,DC,20036,Not Available,38.90590403,-77.04257115
DC Pizza,Restaurant,1899 L ST NW ,WASHINGTON,DC,20036,Not Available,38.90394526,-77.04303874
TIMGAD CAF'E L.L.C.,Restaurant,1300 PENNSYLVANIA AVE NW ,WASHINGTON,DC,20004,Not Available,38.89493993,-77.03021187
TSEDAL LLC,Restaurant,2424 PENNSYLVANIA AVE NW ,WASHINGTON,DC,20037,Not Available,38.902983,-77.05227263
SOUNDCHECK LLC,Restaurant,1420 K ST NW ,WASHINGTON,DC,20005,Not Available,38.90214213,-77.03281115
OLIVER FOOD 6 INC,Restaurant,2861 ALABAMA AVE SE ,WASHINGTON,DC,20020,Not Available,38.86010851,-76.96522528
AND PIZZA,Restaurant,1375 KENYON ST NW ,WASHINGTON,DC,20010,Not Available,38.92985077,-77.03185097
CITY TAP 901 DC LLC.,Restaurant,901 9TH ST NW ,WASHINGTON,DC,20001,Not Available,38.90112237,-77.0235731
GRIFFIN GOURP LLC,Restaurant,1904 14TH ST NW ,WASHINGTON,DC,20009,Not Available,38.91576313,-77.03217942
"TEEMNOW, LLC",Restaurant,1610 U ST NW ,WASHINGTON,DC,20009,Not Available,38.91678718,-77.03731528
TIMBER PIZZA COMPANY LLC.,Restaurant,809 UPSHUR ST NW ,WASHINGTON,DC,20011,Not Available,38.94210451,-77.02382947
DMM LLC,Restaurant,1900 Q ST NW ,WASHINGTON,DC,20009,Not Available,38.91099236,-77.04363978
HAIKAN,Restaurant,805 V ST NW ,WASHINGTON,DC,20001,Not Available,38.91792664,-77.02317092
SENBEB CAFE AND WELLNESS COMPLEX INC.,Restaurant,6224 3RD ST NW ,WASHINGTON,DC,20011,Not Available,38.96571988,-77.01643036
THE SMITH,Restaurant,901 F ST NW ,WASHINGTON,DC,20004,Not Available,38.89754896,-77.02430993
DHH FOOD INC,Restaurant,90 K ST NE ,WASHINGTON,DC,20002,Not Available,38.9028841,-77.00658771
INDIA GET RESTAURANT INC.,Restaurant,2020 P ST NW ,WASHINGTON,DC,20036,Not Available,38.90940063,-77.0458652
"FOREVER ENTERPRISE, LLC",Restaurant,1380 H ST NE ,WASHINGTON,DC,20002,Not Available,38.90037356,-76.98570762
IL PIATTO,Restaurant,900 16TH ST NW ,WASHINGTON,DC,20006,Not Available,38.90171734,-77.03698518
"HBGT, LLC",Restaurant,1039 31ST ST NW ,WASHINGTON,DC,20007,Not Available,38.9036549452,-77.0608684076
OKI & GEORGETOWN,Restaurant,1608 WISCONSIN AVE NW ,WASHINGTON,DC,20007,Not Available,38.91106343,-77.06550367
NPB GROUP LLC.,Restaurant,3287 M ST NW ,WASHINGTON,DC,20007,Not Available,38.90531059,-77.06565103
"WALMAY GLOBAL RESOURCE, LLC.",Restaurant,2700 NEW YORK AVE NE ,WASHINGTON,DC,20002,Not Available,38.91797719,-76.9705995
ALLEY CATS HOSPITALITY LLC,Restaurant,50 BLAGDEN ALY NW ,WASHINGTON,DC,20001,Not Available,38.90620925,-77.02518495
VINEGAR HILL HOSPITALITY LLC,Restaurant,5501 14TH ST NW ,WASHINGTON,DC,20011,Not Available,38.95669905,-77.03321953
BINDAAS 2000 PENN L.L.C.,Restaurant,2000 PENNSYLVANIA AVE NW ,WASHINGTON,DC,20006,Not Available,38.90035538,-77.0457758
UNION TRUST 740 15TH LLC,Restaurant,740 15TH ST NW ,WASHINGTON,DC,20005,Not Available,38.89991909,-77.03392905
Hill Restaurant Group,Restaurant,711 8TH ST SE ,WASHINGTON,DC,20003,Not Available,38.8808298,-76.99527748
RICE BAR 12th St INC.,Restaurant,1206 G ST NW ,WASHINGTON,DC,20005,Not Available,38.89817057,-77.02855034
A.H.Z L.L.C.,Restaurant,1823 L ST NW ,WASHINGTON,DC,20036,Not Available,38.90399423,-77.04270409
AMML LLC,Restaurant,4814 MACARTHUR BLVD NW ,WASHINGTON,DC,20007,Not Available,38.91658158,-77.09618364
Horizon LLC,Restaurant,1916 M ST NW ,WASHINGTON,DC,20036,Not Available,38.90539975,-77.0442451
"FIVE GUYS PROPERTIES, LLC.",Restaurant,799 9TH ST NW ,WASHINGTON,DC,20001,Not Available,38.89952718,-77.02351148
RAZI FOODS L.L.C.,Restaurant,2301 GEORGIA AVE NW ,WASHINGTON,DC,20001,Not Available,38.92057871,-77.02164697
ARAMARK SPORTS AND ENTERTAINMENT SERVICES LLC,Restaurant,801 MOUNT VERNON PL NW ,WASHINGTON,DC,20001,Not Available,38.90358717,-77.02310078
SMOKED & STACKED LLC.,Restaurant,1239 9TH ST NW ,WASHINGTON,DC,20001,Not Available,38.9068675,-77.02372615
"COMPASS GROUP USA, INC",Restaurant,3500 NEBRASKA AVE NW ,WASHINGTON,DC,20016,Not Available,38.93920476,-77.0869547
Unknown,Delicatessen,225 7TH ST SE ,WASHINGTON,DC,20003,2025439729.0,38.88641312,-76.99646843
G.H. SUBWAY INC.,Delicatessen,1300 PENNSYLVANIA AVE NW ,WASHINGTON,DC,20004,2023471119.0,38.89493993,-77.03021187
UNION MEAT CO LLC,Delicatessen,225 7TH ST SE ,WASHINGTON,DC,20003,2025472626.0,38.88641312,-76.99646843
"AHOLD USA, LICENSING DEPARTMENT",Delicatessen,4303 CONNECTICUT AVE NW ,WASHINGTON,DC,20008,3016184995.0,38.94449932,-77.06317022
3445 14TH STREET INCORPORATED,Delicatessen,3445 14TH ST NW ,WASHINGTON,DC,20010,2026671761.0,38.93330019,-77.03243103
GRAND CHINA CARRYOUT,Delicatessen,1201 SOUTH CAPITOL ST SW ,WASHINGTON,DC,20003,2025548231.0,38.87589938,-77.00944313
ANDRENE FINN,Delicatessen,308 KENNEDY ST NW ,WASHINGTON,DC,20011,2022917007.0,38.95634136,-77.01655223
Unknown,Delicatessen,1130 CONNECTICUT AVE NW ,WASHINGTON,DC,20036,2024662190.0,38.9046413,-77.04112904
RHODE ISLAND PIZZA LLC.,Delicatessen,1348 BRENTWOOD RD NE ,WASHINGTON,DC,20018,2028327272.0,38.92479921,-76.98638993
URBAN ADVENTURES AT GALLERY PLACE LLC,Delicatessen,601 F ST NW ,WASHINGTON,DC,20004,2029392563.0,38.8980785153,-77.0209572291
BALLY'S CARRY-OUT LLC,Delicatessen,5577 CENTRAL AVE SE ,WASHINGTON,DC,20019,2024383829.0,38.88558996,-76.91915135
VALENCIA INVESTMENTS LLC.,Delicatessen,3204 PENNSYLVANIA AVE SE ,WASHINGTON,DC,20020,Not Available,38.86986362,-76.96011731
WW901 INC.,Delicatessen,901 K ST NW ,WASHINGTON,DC,20001,Not Available,38.90277626,-77.02546677
STARBUCKS  CORPORATION,Delicatessen,232 CARROLL ST NW ,WASHINGTON,DC,20012,Not Available,38.97475937,-77.01533323
"CAVA MEZZE GRILL, LLC.",Delicatessen,50 MASSACHUSETTS AVE NE ,WASHINGTON,DC,20002,Not Available,38.89761945,-77.00617579
JO & YU INC.,Delicatessen,601 PENNSYLVANIA AVE NW ,WASHINGTON,DC,20004,2025254957.0,38.89329945,-77.02050143
SAKINA LLC.,Delicatessen,3618 14TH ST NW ,WASHINGTON,DC,20010,Not Available,38.93694515,-77.03300156
Nino's Bakery,Delicatessen,1310 L ST NW ,WASHINGTON,DC,20005,Not Available,38.90342658,-77.03046783
PENTHOUSE POOL & LOUNGE,Delicatessen,1612 U ST NW ,WASHINGTON,DC,20009,Not Available,38.91673546,-77.0376357
STREETS MARKET,Delicatessen,3427 CONNECTICUT AVE NW ,WASHINGTON,DC,20008,Not Available,38.93523531,-77.05788456
PHO VIET USA INC,Delicatessen,2628 11TH ST NW ,WASHINGTON,DC,20001,Not Available,38.92456117,-77.02724854
JJK INC,Delicatessen,519 H ST NW ,WASHINGTON,DC,20001,Not Available,38.89998273,-77.01963435
LEVY @ DC UNITED - LA PEPA 2,Delicatessen,100 POTOMAC AVE SW ,WASHINGTON,DC,20024,Not Available,38.86906896,-77.01238121
LEVY @ DC UNITED - CITIZEN SMOKE,Delicatessen,100 POTOMAC AVE SW ,WASHINGTON,DC,20024,Not Available,38.86906896,-77.01238121
KRIS MARIE LLC,Delicatessen,4505 WISCONSIN AVE NW ,WASHINGTON,DC,20016,Not Available,38.94828645,-77.07947118
SOL MEXICAN GRILL THREE LLC.,Delicatessen,655 K ST NW ,WASHINGTON,DC,20001,Not Available,38.90280385,-77.02077923
DD UNION MARKET LLC,Delicatessen,1309 5TH ST NE ,WASHINGTON,DC,20002,2027501955.0,38.90871669,-76.99765027
UZU LLC,Delicatessen,1309 5TH ST NE ,WASHINGTON,DC,20002,Not Available,38.90871669,-76.99765027
STUDENTS OF GEORGETOWN INC,Delicatessen,3700 O ST NW ,WASHINGTON,DC,20057,Not Available,38.90750247,-77.07273891
STUDENTS OF GEORGETOWN INC,Delicatessen,3700 O ST NW ,WASHINGTON,DC,20057,Not Available,38.90750247,-77.07273891
Urban Scoop LLC,Delicatessen,2824 GEORGIA AVE NW ,WASHINGTON,DC,20001,Not Available,38.92682458,-77.02316551
M AND SAM LLC,Delicatessen,2608 GEORGIA AVE NW ,WASHINGTON,DC,20001,Not Available,38.92447781,-77.02278234
CAFE U L.L.C.,Delicatessen,1017 U ST NW ,WASHINGTON,DC,20001,Not Available,38.91719623,-77.02650901
CAPITOL GROUNDS CAFE INC,Delicatessen,1010 17TH ST NW ,WASHINGTON,DC,20036,Not Available,38.90296826,-77.03878384
LINXI INC.,Delicatessen,3847 MINNESOTA AVE NE ,WASHINGTON,DC,20019,Not Available,38.89303234,-76.95035891
DEE ZEE GROUP LLC,Delicatessen,701 8TH ST SE ,WASHINGTON,DC,20003,Not Available,38.88110723,-76.99524311
Comunitario Coffee LLC dba La Coop Coffee Co.,Delicatessen,500 KENNEDY ST NW ,WASHINGTON,DC,20011,Not Available,38.9562147,-77.0200788
"Discount Drugs Wisconsin, Inc",Delicatessen,5100 WISCONSIN AVE NW ,WASHINGTON,DC,20016,Not Available,38.95629519,-77.08385851
"DDC 8-406, LLC",Delicatessen,406 8TH ST SE ,WASHINGTON,DC,20003,Not Available,38.88351542,-76.99465757
THE GROVE INC.,Delicatessen,50 MASSACHUSETTS AVE NE ,WASHINGTON,DC,20002,Not Available,38.89761945,-77.00617579
Compass Coffee,Delicatessen,655 NEW YORK AVE NW ,WASHINGTON,DC,20001,Not Available,38.90346782,-77.02114443
ACK CHOCOLATE INDUSTRIES LLC,Delicatessen,1280 4TH ST NE ,WASHINGTON,DC,20002,Not Available,38.90885456,-76.99959174
Compass Coffee,Delicatessen,1301 K ST NW ,WASHINGTON,DC,20005,Not Available,38.90292621,-77.03052064
Franklin Grill,Delicatessen,400 NORTH CAPITOL ST NW ,WASHINGTON,DC,20001,Not Available,38.89539746,-77.00959833
Yerevan,Delicatessen,2204 18TH ST NW ,WASHINGTON,DC,20009,Not Available,38.91904782,-77.04182773
6Co Eatery,Delicatessen,1916 MARTIN LUTHER KING J AVE SE ,WASHINGTON,DC,20020,Not Available,38.86704403,-76.98861506
Son of a Fish LLC,Delicatessen,1309 5TH ST NE ,WASHINGTON,DC,20002,Not Available,38.90871669,-76.99765027
Gueny Cafe & Market LLC.,Delicatessen,5320 GEORGIA AVE NW ,WASHINGTON,DC,20011,Not Available,38.95477803,-77.02808269
"Compass Group USA, Inc",Delicatessen,600 22ND ST NW ,WASHINGTON,DC,20052,Not Available,38.89784158,-77.04935324
Grazie Grazie,Delicatessen,85 DISTRICT SQ SW ,WASHINGTON,DC,20024,Not Available,38.87961401,-77.02525981
REED ZOO LLC,Delicatessen,3001 CONNECTICUT AVE NW ,WASHINGTON,DC,20008,Not Available,38.93060711,-77.05437784
"Compass Group USA, Inc.",Delicatessen,2121 H ST NW ,WASHINGTON,DC,20052,Not Available,38.90000598,-77.04778967
"Compass Group USA, Inc.",Delicatessen,2121 H ST NW ,WASHINGTON,DC,20052,Not Available,38.90000598,-77.04778967
Cassava LLC dba Spot of Tea,Delicatessen,1309 5TH ST NE ,WASHINGTON,DC,20002,Not Available,38.90871669,-76.99765027
DC TASTY CORNER,Delicatessen,3147 DUMBARTON ST NW ,WASHINGTON,DC,20007,Not Available,38.90776051,-77.06300889
Panera Bread #7021,Delicatessen,1528 CONNECTICUT AVE NW ,WASHINGTON,DC,20036,Not Available,38.91074577,-77.04443704
Bread Furst Bakery,Delicatessen,1600 21ST ST NW ,WASHINGTON,DC,20009,Not Available,38.91150234,-77.04685225
Los Cinco Tacos,Delicatessen,711 FLORIDA AVE NW ,WASHINGTON,DC,20001,Not Available,38.91669756,-77.02248512
"ServiceSource, Inc",Delicatessen,3207 M ST NW ,WASHINGTON,DC,20007,Not Available,38.90534772,-77.06316771
Cassava LLC,Delicatessen,2101 P ST NW ,WASHINGTON,DC,20037,Not Available,38.90978516,-77.04687661
Doki Doki BBQ,Delicatessen,670 RHODE ISLAND AVE NE ,WASHINGTON,DC,20002,Not Available,38.92210939,-76.99691248
Khushi Flavor,Delicatessen,2000 5TH ST NE ,WASHINGTON,DC,20002,Not Available,38.91713131,-76.9998403
"Reddington Partners, LLC",Delicatessen,429 L'ENFANT PLZ SW ,WASHINGTON,DC,20024,Not Available,38.88384037,-77.0251698
Paste & Rind Cheese Co.,Delicatessen,1309 5TH ST NE ,WASHINGTON,DC,20002,Not Available,38.90871669,-76.99765027
Flik International Corp.,Delicatessen,701 13TH ST NW ,WASHINGTON,DC,20005,Not Available,38.8989472,-77.02930642
ARAMARK ENTERTAINMENT LLC,Delicatessen,601 F ST NW ,WASHINGTON,DC,20004,Not Available,38.8980785153,-77.0209572291
PHOWHEELSDC LLC,Delicatessen,1309 5TH ST NE ,WASHINGTON,DC,20002,Not Available,38.90871669,-76.99765027
Wali Georgetown LLC DBA Paisano's Georgetown,Delicatessen,1815 WISCONSIN AVE NW ,WASHINGTON,DC,20007,Not Available,38.91520811,-77.06713861
"c/o Flaherty & OHara, P.C.",Delicatessen,3700 O ST NW ,WASHINGTON,DC,20057,Not Available,38.90750247,-77.07273891
"Compass Coffee, LLC",Delicatessen,1924 14TH ST NW ,WASHINGTON,DC,20009,Not Available,38.91638764,-77.03222271
Juneberry Garage,Delicatessen,6810 CAMERON DR NW ,WASHINGTON,DC,20012,Not Available,38.97287707,-77.02920862
Peyker LLC,Delicatessen,1510 H ST NW ,WASHINGTON,DC,20005,Not Available,38.89993252,-77.03430464
1099 Pizza Systems LLC,Delicatessen,4321 WISCONSIN AVE NW ,WASHINGTON,DC,20016,Not Available,38.94568811,-77.07811804
NAI Saturn Eastern LLC,Grocery Store,1601 MARYLAND AVE NE ,WASHINGTON,DC,20002,Not Available,38.90056763,-76.97977005
NAI Saturn Eastern LLC.,Grocery Store,1855 WISCONSIN AVE NW ,WASHINGTON,DC,20007,Not Available,38.91618015,-77.06727374
TCHOUGOUE INVESTMENT LLC,Restaurant,107 KENNEDY ST NW ,WASHINGTON,DC,20011,Not Available,38.95681548,-77.01206695
7-ELEVEN,Delicatessen,4443 BENNING RD NE ,WASHINGTON,DC,20019,Not Available,38.89077975,-76.93886236
"DOLCI GELATI CAFE, LLC.",Delicatessen,1420 8TH ST NW ,WASHINGTON,DC,20001,Not Available,38.90904962,-77.02313483
NEW DODGE MARKET,Delicatessen,3620 14TH ST NW ,WASHINGTON,DC,20010,Not Available,38.93700628,-77.033028
STAND 112-ARAMARK ENTERTAINMENT,Delicatessen,601 F ST NW ,WASHINGTON,DC,20004,Not Available,38.8980785153,-77.0209572291
THE COFFEE BAR,Delicatessen,1200 17TH ST NW ,WASHINGTON,DC,20036,Not Available,38.90602047,-77.03886747
K & C INC.,Delicatessen,3000 CONNECTICUT AVE NW ,WASHINGTON,DC,20008,Not Available,38.9298928,-77.05556543
Unknown,Delicatessen,4055 MINNESOTA AVE NE ,WASHINGTON,DC,20019,Not Available,38.89622562,-76.94745543
LARRY'S COOKIES,Delicatessen,1300 PENNSYLVANIA AVE NW ,WASHINGTON,DC,20004,Not Available,38.89493993,-77.03021187
WALGREENS #16290,Delicatessen,50 MASSACHUSETTS AVE NE ,WASHINGTON,DC,20002,Not Available,38.89761945,-77.00617579
BUTTERCREAM BAKESHOP LLC,Delicatessen,1250 9TH ST NW ,WASHINGTON,DC,20001,Not Available,38.90693659,-77.02418977
ARAMARK ENTERTAINMENT LLC,Delicatessen,601 F ST NW ,WASHINGTON,DC,20004,2026615155.0,38.8980785153,-77.0209572291
LELE COFFEE SHOPE,Delicatessen,101 INDEPENDENCE AVE SE ,WASHINGTON,DC,20003,2024122226.0,38.88673957,-77.00468822
ANA'S WHOLESALE INC,Caterers,1361 NEW YORK AVE NE ,WASHINGTON,DC,20002,Not Available,38.91515406,-76.98541051
BJ & M INC,Delicatessen,1629 COLUMBIA RD NW ,WASHINGTON,DC,20009,Not Available,38.92610461,-77.03784927
KANWAL INC,Delicatessen,2210 BLADENSBURG RD NE ,WASHINGTON,DC,20018,Not Available,38.9200724179,-76.970793059
YUAN JIANG II INC.,Delicatessen,1300 PENNSYLVANIA AVE NW ,WASHINGTON,DC,20004,Not Available,38.89493993,-77.03021187
DDS/RSA RANDOLPH-SHEPPARD VENDING FACILITIES PROGRAM (RSVFP),Delicatessen,1200 PENNSYLVANIA AVE NW ,WASHINGTON,DC,20004,Not Available,38.89481882,-77.028946
SINA FOOD & BEVERAGES LLC,Delicatessen,470 L'ENFANT PLZ SW ,WASHINGTON,DC,20024,Not Available,38.88413801,-77.02434075
COMPASS GROUP USA INC,Delicatessen,2700 MARTIN LUTHER KING J AVE SE ,WASHINGTON,DC,20032,Not Available,38.8495299731,-76.995089006
ITALIAN GOURMET MARKET DELI Inc.,Delicatessen,1707 L ST NW ,WASHINGTON,DC,20036,Not Available,38.90404434,-77.03922436
BROWN BAG LENFANT,Delicatessen,470 L'ENFANT PLZ SW ,WASHINGTON,DC,20024,Not Available,38.88413801,-77.02434075
IM SHIN ENTERPRISES INC,Delicatessen,516 23RD ST NW ,WASHINGTON,DC,20037,Not Available,38.89652685,-77.05114142
CHINA TASTE,Delicatessen,6215 GEORGIA AVE NW ,WASHINGTON,DC,20011,Not Available,38.96558377,-77.02743742
7-ELEVEN 37102A,Delicatessen,3700 12TH ST NE ,WASHINGTON,DC,20017,Not Available,38.93487444,-76.99150891
LA COLOMBE TORREFACTION INC,Delicatessen,900 6TH ST NW ,WASHINGTON,DC,20001,Not Available,38.90104897,-77.02009301
NEW CONGRESIONAL LIQUORS,Delicatessen,404 1ST ST SE ,WASHINGTON,DC,20003,Not Available,38.88481775,-77.00556463
SANG H. KANG & ASSOCIATES,Delicatessen,3073 CANAL ST NW ,WASHINGTON,DC,20007,Not Available,38.90433789,-77.06077768
"QATEGNA, INC.",Delicatessen,1207 TUCKERMAN ST NW ,WASHINGTON,DC,20011,Not Available,38.96760537,-77.02794512
VALENCIA INVESTMENTS LLC,Delicatessen,1127 7TH ST NW ,WASHINGTON,DC,20001,Not Available,38.90547736,-77.02172931
FRESH BLENDS GW LLC.,Delicatessen,3210 GRACE ST NW ,WASHINGTON,DC,20007,Not Available,38.90378891,-77.06350954
Dunkin Donuts 2350,Delicatessen,2350 WASHINGTON PL NE ,WASHINGTON,DC,20018,Not Available,38.92103099,-76.99481413
LEE CAFE K STREET LLC,Delicatessen,2020 K ST NW ,WASHINGTON,DC,20006,Not Available,38.90214191,-77.04602654
YOUNG'S DELI & MARKET,Delicatessen,4000 MASSACHUSETTS AVE NW ,WASHINGTON,DC,20016,Not Available,38.93136927,-77.07878386
IT'S MY VENUE LLC,Delicatessen,901 WHARF ST SW ,WASHINGTON,DC,20024,2026867600.0,38.87997699,-77.02590442
PHO VIET USA INC,Delicatessen,3713 NEW HAMPSHIRE AVE NW ,WASHINGTON,DC,20010,Not Available,38.93680695,-77.02361674
ARAMARK EDUCATIONAL SERVICES LLC,Delicatessen,3700 O ST NW ,WASHINGTON,DC,20057,Not Available,38.90750247,-77.07273891
CORNERSTONE FOOD SERVICES INC,Delicatessen,1300 I ST NW ,WASHINGTON,DC,20005,Not Available,38.90101435,-77.03033676
"DDC E - 2025, LLC",Delicatessen,2025 E ST NW ,WASHINGTON,DC,20006,Not Available,38.89644451,-77.04580061
MOOS LLC,Delicatessen,5010 BENNING RD SE ,WASHINGTON,DC,20019,Not Available,38.87815847,-76.93091378
ANVE DC LLC,Delicatessen,1740 M ST NW ,WASHINGTON,DC,20036,Not Available,38.90545051,-77.04039257
"FLAVOR US MARKET, LLC.",Delicatessen,1731 7TH ST NW ,WASHINGTON,DC,20001,Not Available,38.9137494,-77.02166138
LEVY @ DC UNITED - UPPER 90 PIZZA,Delicatessen,100 POTOMAC AVE SW ,WASHINGTON,DC,20024,Not Available,38.86906896,-77.01238121
LEVY @ DC UNITED - AREPA ZONE,Delicatessen,100 POTOMAC AVE SW ,WASHINGTON,DC,20024,Not Available,38.86906896,-77.01238121
FRESH BAGUETTE WISCONSIN LLC.,Delicatessen,1737 WISCONSIN AVE NW ,WASHINGTON,DC,20007,Not Available,38.914616,-77.06696278
Ice Cream Jubilee,Delicatessen,301 WATER ST SE ,WASHINGTON,DC,20003,Not Available,38.87346417,-77.00154144
LOAF COFFEE ENTERPRISES LLC,Delicatessen,101 15TH ST NE ,WASHINGTON,DC,20002,Not Available,38.89107988,-76.98347133
ERODRIGUEZ LLC,Delicatessen,3801 14TH ST NW ,WASHINGTON,DC,20011,Not Available,38.93781384,-77.03250333
ARAMARK SPORTS AND ENTERTAINMENT SERVICES LLC,Delicatessen,801 MT VERNON PL NW ,WASHINGTON,DC,20001,Not Available,38.90358717,-77.02310078
CHINA WOK LLC,Delicatessen,1508 BENNING RD NE ,WASHINGTON,DC,20002,Not Available,38.90019163,-76.98145547
"OFFICINA CAFE, LLC.",Delicatessen,1615 L ST NW ,WASHINGTON,DC,20036,Not Available,38.90432106,-77.03744376
Taim Dupont Circle,Delicatessen,1514 CONNECTICUT AVE NW ,WASHINGTON,DC,20036,Not Available,38.91048118,-77.04424375
7-ELEVEN INC,Delicatessen,3029 NAYLOR RD SE ,WASHINGTON,DC,20020,Not Available,38.85337612,-76.96509262
Lost Sock Roasters LLC,Delicatessen,6833 4TH ST NW ,WASHINGTON,DC,20012,Not Available,38.97339619,-77.01759964
"Jet Services, Inc.",Delicatessen,3001 CONNECTICUT AVE NW ,WASHINGTON,DC,20008,Not Available,38.93060711,-77.05437784
Rice Bar,Delicatessen,801 PENNSYLVANIA AVE NW ,WASHINGTON,DC,20004,Not Available,38.89442863,-77.02350611
Studio Theatre,Delicatessen,1501 14TH ST NW ,WASHINGTON,DC,20005,Not Available,38.91003169,-77.03166041
Union HFV LLC/ Jamba,Delicatessen,50 MASSACHUSETTS AVE NE ,WASHINGTON,DC,20002,Not Available,38.89761945,-77.00617579
Sama Enterprise Inc,Delicatessen,601 MALCOLM X AVE SE ,WASHINGTON,DC,20032,Not Available,38.84489472,-76.99710175
MFC GOOD HOPE INC,Delicatessen,1350 MARION BARRY AVE SE ,WASHINGTON,DC,20020,Not Available,38.86707145,-76.98540075
Sushi Do LLC,Delicatessen,616 23RD ST NW ,WASHINGTON,DC,20037,Not Available,38.89793869,-77.05040372
Julia's Empanadas,Delicatessen,2452 18TH ST NW ,WASHINGTON,DC,20009,Not Available,38.92196961,-77.04274645
S&M Cafe LLC t/a Cafe Alice,Delicatessen,440 1ST ST NW ,WASHINGTON,DC,20001,Not Available,38.89544728,-77.01247478
"SMOOTHIE KING CO., INC.",Delicatessen,3122 M ST NW ,WASHINGTON,DC,20007,Not Available,38.90496293,-77.06190563
Buna Talk Cafe,Delicatessen,1110 OAK DR SE ,WASHINGTON,DC,20032,Not Available,38.84618735,-76.99020255
WLK COFFE ENTERPRISES,Delicatessen,1600 K ST NW ,WASHINGTON,DC,20006,Not Available,38.90223279,-77.03694636
QARGO COFFEE,Delicatessen,1001 CONNECTICUT AVE NW ,WASHINGTON,DC,20036,Not Available,38.9027901606,-77.038881851
ARAMARK ENTERTAINMENT LLC,Delicatessen,601 F ST NW ,WASHINGTON,DC,20004,Not Available,38.8980785153,-77.0209572291
ARAMARK ENTERTAINMENT LLC,Delicatessen,601 F ST NW ,WASHINGTON,DC,20004,Not Available,38.8980785153,-77.0209572291
ARAMARK ENTERTAINMENT LLC,Delicatessen,601 F ST NW ,WASHINGTON,DC,,Not Available,38.8980785153,-77.0209572291
Pure Green Dupont Circle,Delicatessen,1630 CONNECTICUT AVE NW ,WASHINGTON,DC,20009,Not Available,38.91205437,-77.04524647
SWEET SWEET KITCHEN 2 L.L.C.,Delicatessen,2427 MINNESOTA AVE SE ,WASHINGTON,DC,20020,Not Available,38.87303098,-76.97115515
ILC BRAND INC,Delicatessen,101 INDEPENDENCE AVE SE ,WASHINGTON,DC,20540,Not Available,38.88673957,-77.00468822
VILLAGE FOODS INC,Caterers,703 EDGEWOOD ST NE ,WASHINGTON,DC,20017,Not Available,38.9250448,-76.99582567
Charlie Palmer Steak,Restaurant,101 CONSTITUTION AVE NW ,WASHINGTON,DC,20001-2133,Not Available,38.89281977,-77.01307385
DOMINIO'S PIZZA #4336,Delicatessen,1300 L ST NW ,WASHINGTON,DC,20005,2026398700.0,38.90351396,-77.02998977
LETEKIDAN T HABTIMICAEL,Delicatessen,233 FLORIDA AVE NW ,WASHINGTON,DC,20001,2024623299.0,38.913635,-77.01515313
LISZ INC,Delicatessen,2534 VIRGINIA AVE NW ,WASHINGTON,DC,20037,2023421777.0,38.89876364,-77.05436394
Unknown,Delicatessen,1900 WYOMING AVE NW ,WASHINGTON,DC,20009,7039689730.0,38.91846632,-77.04477776
Unknown,Delicatessen,1725 MONTELLO AVE NE ,WASHINGTON,DC,20002,2023888522.0,38.90968757,-76.98503507
Unknown,Delicatessen,2801 12TH ST NE ,WASHINGTON,DC,20017,2028323188.0,38.92566791,-76.99025898
HAAGEN-DAZS,Delicatessen,703 7TH ST NW ,WASHINGTON,DC,20007,2023333443.0,38.89888199,-77.02118975
E.B. INCORPORATED,Delicatessen,514 19TH ST NW ,WASHINGTON,DC,20006,2022964339.0,38.89657284,-77.04372203
BCS CORPORATION,Delicatessen,1401 COLUMBIA RD NW ,WASHINGTON,DC,20009,2024837877.0,38.92791367,-77.0329908
LEVY PREMIUM FOODSERVICE LIMITED PARTNERSHIP,Delicatessen,1500 SOUTH CAPITOL ST SE ,WASHINGTON,DC,20003,2026407939.0,38.87235978,-77.00852675
MOMs Organic Market Inc,Grocery Store,1501 NEW YORK AVE NE ,WASHINGTON,DC,20002,Not Available,38.91594388,-76.98359091
SALUMERIA 2703 LLC.,Grocery Store,2703 12TH ST NE ,WASHINGTON,DC,20018,Not Available,38.92461963,-76.99015694
NAI Saturn Eastern LLC,Grocery Store,1701 CORCORAN ST NW ,WASHINGTON,DC,20009,Not Available,38.91205006,-77.03895354
MID-ATLANTIC DISTRIBUTOR INC,Grocery Store,3320 BROWN ST NW ,WASHINGTON,DC,20010,Not Available,38.93374481,-77.03809714
Amazon Retail LLC,Grocery Store,1733 14TH ST NW ,WASHINGTON,DC,20009,Not Available,38.91320191,-77.03173953
Multifarious Publica UXR,Grocery Store,3501 GEORGIA AVE NW ,WASHINGTON,DC,20010,Not Available,38.93300257,-77.02358999
Sadr LLC,Gasoline Dealer,3426 18TH ST NE ,WASHINGTON,DC,20018,Not Available,38.9327356313,-76.9799880183
RIVERSIDE LIQUORS,Food Products,2123 E ST NW ,WASHINGTON,DC,20037,3013408281.0,38.89630337,-77.04769324
Unknown,Food Products,2318 4TH ST NE ,WASHINGTON,DC,20002,9999999999.0,38.92086409,-77.00080825
TEAISM,Food Products,400 8TH ST NW ,WASHINGTON,DC,20004,2026387740.0,38.89503361,-77.02329328
JUMBO LIQUORS INC,Food Products,1122 H ST NE ,WASHINGTON,DC,20002,2023974050.0,38.9003901,-76.99065831
TRAVELTRADERS HOTEL STORES INC.,Food Products,999 9TH ST NW ,WASHINGTON,DC,20001,7863882500.0,38.90182806,-77.02368828
DISTRICT OF COLUMBIA CVS PHARMACY LLC,Food Products,5227 GEORGIA AVE NW ,WASHINGTON,DC,20011,2022910258.0,38.95373029,-77.02726465
DISTRICT OF COLUMBIA CVS PHARMACY LLC,Food Products,4859 MACARTHUR BLVD NW ,WASHINGTON,DC,20007,2029656548.0,38.91675964,-77.0954549
DISTRICT OF COLUMBIA CVS PHARMACY LLC,Food Products,2226 WISCONSIN AVE NW ,WASHINGTON,DC,20007,2023374388.0,38.91982919,-77.07157136
LIN'S SPIRIT INC,Food Products,3914 14TH ST NW ,WASHINGTON,DC,20011,2028298600.0,38.93906099,-77.03301696
"G G LIQUOR AND WINE, LLC",Food Products,3515 14TH ST NW ,WASHINGTON,DC,20010,2023873335.0,38.93515633,-77.03239174
Taqueria Xochi,Delicatessen,924 U ST NW ,WASHINGTON,DC,20001,Not Available,38.91683857,-77.02496605
VAN LEEUWEN GEORGETOWN DC LLC,Delicatessen,3245 PROSPECT ST NW ,WASHINGTON,DC,20007,Not Available,38.90613275,-77.06329707
Malai,Delicatessen,1407 T ST NW ,WASHINGTON,DC,20009,Not Available,38.91577684,-77.03244428
ROSS DRESS FOR LESS INC,Food Products,1600 BENNING RD NE ,WASHINGTON,DC,20002,Not Available,38.90026217,-76.97984346
CAPITOL FINE WINE & SPIRITS INC.,Food Products,415 H ST NE ,WASHINGTON,DC,20002,2025444401.0,38.90000023,-76.9999668
amarjit singh; amarjit singh,Food Products,1050 17TH ST NW ,WASHINGTON,DC,20036,Not Available,38.90336326,-77.03882636
UTL INC,Food Products,2131 O ST NW ,WASHINGTON,DC,20037,2027402884.0,38.9088499,-77.04801235
"DUCHARME, MCMILLEN & ASSOC",Food Products,50 MASSACHUSETTS AVE NE ,WASHINGTON,DC,20002,Not Available,38.89761945,-77.00617579
T JIYA SOHAL CORPORATION,Food Products,1625 1627 1ST ST NW ,WASHINGTON,DC,20001,Not Available,38.9118232,-77.01189077
SYLVIA LIQUORS,Food Products,1818 BENNING RD NE ,WASHINGTON,DC,20002,2023880188.0,38.8992314,-76.97677613
"AUTOZONE PARTS, INC.",Food Products,3920 SOUTH CAPITOL ST SE ,WASHINGTON,DC,20032,2025632630.0,38.83214186,-77.00781226
RJ9699 INC.,Food Products,3712 14TH ST NW ,WASHINGTON,DC,20010,Not Available,38.93759733,-77.03307337
"DOLLAR STAR, INC.",Food Products,3129 MOUNT PLEASANT ST NW ,WASHINGTON,DC,20010,Not Available,38.92955907,-77.03736233
WALGREENS CO #19268,Food Products,1401 RHODE ISLAND AVE NE ,WASHINGTON,DC,20018,2027225252.0,38.92491183,-76.98370221
JJ Liquors,Food Products,1211 BRENTWOOD RD NE ,WASHINGTON,DC,20018,Not Available,38.92017071,-76.98958975
501 Wine & Spirits LLC.,Food Products,1501 HARRY THOMAS WAY NE ,WASHINGTON,DC,20002,Not Available,38.9120116151,-77.0017809445
R.I. Associates LLC,Food Products,1501 RHODE ISLAND AVE NW ,WASHINGTON,DC,20005,Not Available,38.90811603,-77.03497083
SMOKE SHOP INC,Food Products,1603 U ST NW ,WASHINGTON,DC,20009,Not Available,38.91728943,-77.03718697
GB License LLC,Food Products,4221 CONNECTICUT AVE NW ,WASHINGTON,DC,20008,Not Available,38.94380738,-77.06284154
Saint Augustine Catholic School,Food Products,1421 V ST NW ,WASHINGTON,DC,,Not Available,38.91841406,-77.03331828
High Spirits LLC,Food Products,301 H ST NE ,WASHINGTON,DC,20002,Not Available,38.90000517,-77.00175171
Universal Wine and Liquors L.L.C.,Food Products,2018 FLORIDA AVE NW ,WASHINGTON,DC,20009,Not Available,38.91454281,-77.04553942
"GT VAPES & MORE, L.L.C.",Food Products,1408 WISCONSIN AVE NW ,WASHINGTON,DC,20007,Not Available,38.90809004,-77.06387747
Logan  Hardware,Food Products,1734 14TH ST NW ,WASHINGTON,DC,20009,Not Available,38.9137171923,-77.0323893838
DC Bouldering Project,Food Products,1611 ECKINGTON PL NE ,WASHINGTON,DC,20002,Not Available,38.91163943,-77.00388725
1107 SAFI LLC,Grocery Store,1107 BLADENSBURG RD NE ,WASHINGTON,DC,20002,Not Available,38.90395788,-76.98058256
Eleven zero seven 3,Grocery Store,207 NEW YORK AVE NW ,WASHINGTON,DC,20001,Not Available,38.90588304,-77.0140267
BMT ENTERPRISE LLC,Grocery Store,2815 7TH ST NE ,WASHINGTON,DC,20017,Not Available,38.92612334,-76.9958684
"GATSBY BALLPARK, LLC.",Restaurant,1201 HALF ST SE ,WASHINGTON,DC,20003,Not Available,38.87558305,-77.00786184
TEST RECORD DO NOT PROCESS,Restaurant,1600 TAYLOR ST NE ,WASHINGTON,DC,20017,Not Available,38.94098207,-76.98220189
ZHANG HOUSE LLC,Restaurant,1200 19TH ST NW ,WASHINGTON,DC,20036,Not Available,38.90610705,-77.04386876
Takara 14,Restaurant,1326 14TH ST NW ,WASHINGTON,DC,20005,Not Available,38.90814434,-77.03236437
Unknown,Food Vending Machine,2107 15TH ST SE ,WASHINGTON,DC,20020,Not Available,38.86444582,-76.98393114
"BAE & BAE, INC.",Grocery Store,405 MORSE ST NE ,WASHINGTON,DC,20002,2025478888.0,38.90753959,-76.99983536
"MYUNGJOON, INC",Grocery Store,3170 MOUNT PLEASANT ST NW ,WASHINGTON,DC,20010,2023328440.0,38.93054356,-77.03828746
"BERHANU AND NEGA, LLC",Grocery Store,1500 OGDEN ST NW ,WASHINGTON,DC,20010,2026673432.0,38.93539792,-77.03494396
BROOK GEORGIA ENTERPRISES LLC.,Grocery Store,6205 GEORGIA AVE NW ,WASHINGTON,DC,20011,3013322229.0,38.96528375,-77.02725269
NAI Saturn Eastern LLC.,Grocery Store,2845 ALABAMA AVE SE ,WASHINGTON,DC,20020,Not Available,38.85902477,-76.96667096
RIOJA MARKET & DELI,Grocery Store,1824 COLUMBIA RD NW ,WASHINGTON,DC,20009,Not Available,38.92196563,-77.04304373
DAE AH LLC,Grocery Store,501 4TH ST SE ,WASHINGTON,DC,20003,Not Available,38.8830826,-77.00082488
"Apple TRS DC 7146, LLC",Hotel,601 K ST NW ,WASHINGTON,DC,20001,Not Available,38.90285829,-77.02028939
DON HO INC,Food Products,1211 11TH ST NW ,WASHINGTON,DC,20001,2022891188.0,38.9062306,-77.02668249
"JC ENTERPRISES, INC.",Food Products,1310 5TH ST NE ,WASHINGTON,DC,20002,2025468900.0,38.90909054,-76.9980486
NEIGHBORHOOD CARE PHARMACY,Food Products,1932 MARTIN LUTHER KING J AVE SE ,WASHINGTON,DC,20020,2028891119.0,38.86663569,-76.98871019
"APOLLO GREEK FOODS & PASTRIES, INC.",Food Products,2030 WEST VIRGINIA AVE NE ,WASHINGTON,DC,20002,2025463292.0,38.91382017,-76.98255619
SEAT PLEASANT DRUGS INC,Food Products,350 EASTERN AVE NE ,WASHINGTON,DC,20001,2023963400.0,38.89397709,-76.91116789
CVS/PHARMACY #6419,Food Products,1000 U ST NW ,WASHINGTON,DC,20001,2025182978.0,38.91670778,-77.02629713
"LAL, INC.",Food Products,620 KENNEDY ST NW ,WASHINGTON,DC,20011,2027232121.0,38.95621366,-77.02183004
CAPITOL EXXON,Food Products,339 PENNSYLVANIA AVE SE ,WASHINGTON,DC,20003,2025474054.0,38.88625931,-77.00087401
SUPER DOLLAR PLUS INC,Food Products,5918 GEORGIA AVE NW ,WASHINGTON,DC,20011,2027220359.0,38.96180497,-77.02825841
LEVY PREMIUM FOODSERVICE LIMITED PARTNERSHIP,Food Products,1500 SOUTH CAPITOL ST SE ,WASHINGTON,DC,20003,2026407939.0,38.87235978,-77.00852675
DISTRICT OF COLUMBIA CVS PHARMACY LLC,Food Products,3327 CONNECTICUT AVE NW ,WASHINGTON,DC,20008,2029667210.0,38.93435043,-77.05732342
DISTRICT OF COLUMBIA CVS PHARMACY LLC,Food Products,4851 MASSACHUSETTS AVE NW ,WASHINGTON,DC,20016,2022442001.0,38.94597586,-77.09591634
DISTRICT OF COLUMBIA CVS PHARMACY LLC,Food Products,2819 M ST NW ,WASHINGTON,DC,20007,2023311592.0,38.9054895798,-77.0576854101
DISTRICT OF COLUMBIA CVS PHARMACY LLC,Food Products,1637 P ST NW ,WASHINGTON,DC,20036,2023321534.0,38.90983551,-77.038218
Bushwood LLC,Delicatessen,33 DISTRICT SQ SW ,WASHINGTON,DC,20024,Not Available,38.87989927,-77.02498043
Egyptian Street Food DC LLC,Delicatessen,1817 M ST NW ,WASHINGTON,DC,20036,Not Available,38.90584595,-77.04250113
J&JB CORPORATION,Food Products,2917 MARTIN LUTHER KING J AVE SE ,WASHINGTON,DC,20032,Not Available,38.8459688,-76.99728371
HIRAM K POWERS-HEAVEN,Food Products,625 MONROE ST NE ,WASHINGTON,DC,20017,Not Available,38.93205742,-76.99704088
AIRPORT MANAGEMENT SERVICES LLC,Food Products,50 MASSACHUSETTS AVE NE ,WASHINGTON,DC,20002,Not Available,38.89761945,-77.00617579
"WOW MARKET & DELI LLC,",Food Products,6226 GEORGIA AVE NW ,WASHINGTON,DC,20011,Not Available,38.96577115,-77.02789674
ABERU INC,Food Products,4321 NANNIE HELEN BURROUG AVE NE ,WASHINGTON,DC,20019,Not Available,38.9006574179,-76.9401848395
BENNING LIQUORS,Food Products,3445 BENNING RD NE ,WASHINGTON,DC,20019,Not Available,38.89592323,-76.95575744
"HARAR GROCERY, LLC",Food Products,626 KENNEDY ST NW ,WASHINGTON,DC,20011,Not Available,38.95620714,-77.02204175
3800 13TH ST LLC,Food Products,3400 13TH ST NW ,WASHINGTON,DC,20010,Not Available,38.93146637,-77.0299532
Towne Wine & Liquor,Food Products,1438 WISCONSIN AVE NW ,WASHINGTON,DC,20007,Not Available,38.90861315,-77.06416307
"CSX TRS, LLC",Food Products,867 NEW JERSEY AVE SE ,WASHINGTON,DC,20003,Not Available,38.8802516,-77.00577679
One Eight Distilling,Food Products,1135 OKIE ST NE ,WASHINGTON,DC,20002,Not Available,38.91300866,-76.988927
Hilton Garden Inn M Street,Food Products,2201 M ST NW ,WASHINGTON,DC,20037,Not Available,38.90551916,-77.04915126
Pynk Saffron,Food Products,6902 4TH ST NW ,WASHINGTON,DC,20012,Not Available,38.97386143,-77.01828132
S & D ONE LLC  t/a Rocket Liquors,Food Products,900 KENNEDY ST NW ,WASHINGTON,DC,20011,Not Available,38.95610705,-77.02598562
Sav On Liquor,Grocery Store,1414 14TH ST NW ,WASHINGTON,DC,20005,Not Available,38.90938726,-77.03222381
Razi Foods L.L.C,Restaurant,3720 GEORGIA AVE NW ,WASHINGTON,DC,20010,Not Available,38.93663332,-77.02467989
RHP LLC.,Restaurant,1069 WISCONSIN AVE NW ,WASHINGTON,DC,20007,Not Available,38.90460657,-77.06256501
Eyas Hospitality Sandwich LLC.,Restaurant,555 13TH ST NW ,WASHINGTON,DC,20004,Not Available,38.89699703,-77.02935404
DCI Vending LLC,Food Vending Machine,885 BARNABY ST SE ,WASHINGTON,DC,20032,Not Available,38.83150476,-76.99148147
AKI & MULLER CORPORATION,Grocery Store,4133 WHEELER RD SE ,WASHINGTON,DC,20032,2025610750.0,38.83355613,-76.99021453
WAL-MART CORPORATE OFFICES,Grocery Store,5929 GEORGIA AVE NW ,WASHINGTON,DC,20011,Not Available,38.96194197,-77.02731441
RAM GROCERY,Grocery Store,3509 WHEELER RD SE ,WASHINGTON,DC,20032,Not Available,38.8391882,-76.9939661
ARIF L.L.C.,Grocery Store,2606 GEORGIA AVE NW ,WASHINGTON,DC,20001,Not Available,38.92443196,-77.02278913
NAI Saturn Eastern LLC,Grocery Store,490 L ST NW ,WASHINGTON,DC,20001,Not Available,38.90348935,-77.01835263
COOKIE'S CORNER,Grocery Store,1970 2ND ST NW ,WASHINGTON,DC,20001,Not Available,38.91752142,-77.0147958
S&H 9 INC.,Grocery Store,1864 COLUMBIA RD NW ,WASHINGTON,DC,20009,Not Available,38.9207486,-77.04353978
Heights Liquor,Grocery Store,547 42ND ST NE ,WASHINGTON,DC,20019,Not Available,38.897369916,-76.942354471
Foxtrot Retail DC LLC,Grocery Store,1601 CONNECTICUT AVE NW ,WASHINGTON,DC,20009,Not Available,38.91136832,-77.04406443
NG TG INC,Grocery Store,2001 BENNING RD NE ,WASHINGTON,DC,20002,Not Available,38.89845561,-76.97538611
YODIT INC,Grocery Store,2339 PENNSYLVANIA AVE SE ,WASHINGTON,DC,20020,Not Available,38.87364319,-76.97186915
WENDIM LIQUORS INC,Grocery Store,2033 BENNING RD NE ,WASHINGTON,DC,20002,Not Available,38.89830169,-76.97437494
GAULT MARKET INC,Grocery Store,4003 GAULT PL NE ,WASHINGTON,DC,20019,Not Available,38.89890858,-76.94586316
JOHN LLC,Grocery Store,5319 EAST CAPITOL ST SE ,WASHINGTON,DC,20019,Not Available,38.88941161,-76.92530643
Broad Branch Market,Grocery Store,5608 BROAD BRANCH RD NW ,WASHINGTON,DC,,Not Available,38.9655973,-77.06866547
3659 GEORGIA AVE INC,Grocery Store,3659 GEORGIA AVE NW ,WASHINGTON,DC,20010,Not Available,38.93611423,-77.02400728
DK Dean Inc,Grocery Store,2200 FLAGLER PL NW ,WASHINGTON,DC,20001,Not Available,38.91930303,-77.01378914
TAMZEE INCORPORATED,Grocery Store,2033 BENNING RD NE ,WASHINGTON,DC,20002,Not Available,38.89830169,-76.97437494
CENTRAL SPICE INC,Grocery Store,5579 CENTRAL AVE SE ,WASHINGTON,DC,20019,Not Available,38.88558448,-76.91903875
CENTRAL CONVENIENCE INC,Grocery Store,5575 CENTRAL AVE SE ,WASHINGTON,DC,20019,Not Available,38.8856048962,-76.9192527623
Velocity Ventures LLC,Grocery Store,644 ROCK CREEK CHURCH RD NW ,WASHINGTON,DC,20010,Not Available,0.0,0.0
HARRIS TEETER #352,Restaurant,1201 1ST ST NE ,WASHINGTON,DC,20002,Not Available,38.90593275,-77.00560766
"DOLCI GELATI, LLC",Ice Cream Manufacture,5766 2ND ST NE ,WASHINGTON,DC,20011,2022575323.0,38.95868955,-77.00456062
Gedam Sefere Cafe,Delicatessen,5411 GEORGIA AVE NW ,WASHINGTON,DC,20011,Not Available,38.95556617,-77.02769339
HipCityVeg,Delicatessen,712 7TH ST NW ,WASHINGTON,DC,20001,Not Available,38.89895963,-77.02221842
Snappy's Small Bar,Delicatessen,3917 GEORGIA AVE NW ,WASHINGTON,DC,20011,Not Available,38.93918532,-77.02451341
masenphil llc,Delicatessen,715 EUCLID ST NW ,WASHINGTON,DC,20001,Not Available,38.92429237,-77.02313701
"Ben's Fast Food Restaurants, Inc.",Delicatessen,2000 5TH ST NE ,WASHINGTON,DC,20002,Not Available,38.91713131,-76.9998403
Super tacos and bakery,Delicatessen,6120 KANSAS AVE NW ,WASHINGTON,DC,20011,Not Available,38.96440633,-77.00963128
CITY CAFE DC INC,Delicatessen,499 SOUTH CAPITOL ST SW ,WASHINGTON,DC,20003,Not Available,38.88341539,-77.01000899
MOMO NY LLC,Restaurant,1001 4TH ST SW ,WASHINGTON,DC,20024,Not Available,38.87839492,-77.01784427
Bespoke 1337 LLC,Restaurant,1337 H ST NE ,WASHINGTON,DC,20002,Not Available,38.89996798,-76.98699159
PRESCRIPTION CHICKEN,Restaurant,1819 7TH ST NW ,WASHINGTON,DC,20001,Not Available,38.91477487,-77.02171681
"APQ CARROLL SQUARE DC, LLC",Restaurant,975 F ST NW ,WASHINGTON,DC,20004,Not Available,38.89763391,-77.02556834
"Kura Sushi USA, Inc.",Restaurant,614 H ST NW ,WASHINGTON,DC,20001,Not Available,38.89954815,-77.02073989
MEKLIT LLC,Restaurant,2714 GEORGIA AVE NW ,WASHINGTON,DC,20001,Not Available,38.92556352,-77.02309221
Rinconcito Tex-Mex,Restaurant,1326 PARK RD NW ,WASHINGTON,DC,20010,Not Available,38.9306859,-77.03072974
Bozzelli's Italian Deli,Restaurant,1025 VERMONT AVE NW ,WASHINGTON,DC,20005,Not Available,38.90330715,-77.03293527
Immigrant Food,Restaurant,925 13TH ST NW ,WASHINGTON,DC,20005,Not Available,38.9021237,-77.02930462
Capo II LLC,Restaurant,2000 PENNSYLVANIA AVE NW ,WASHINGTON,DC,20006,Not Available,38.90035538,-77.0457758
La Cocina,Restaurant,3740 12TH ST NE ,WASHINGTON,DC,20017,Not Available,38.93580189,-76.99130395
"TATTE HOLDINGS, LLC",Restaurant,250 MASSACHUSETTS AVE NW ,WASHINGTON,DC,20001,Not Available,38.89919308,-77.01473021
Sangria Bar and Grill,Restaurant,3539 GEORGIA AVE NW ,WASHINGTON,DC,20010,Not Available,38.93389008,-77.02367402
STARBUCKS CORPORATION,Restaurant,2800 ALABAMA AVE SE ,WASHINGTON,DC,20020,Not Available,38.8604109127,-76.9669477615
"FountainInn, LLC.",Restaurant,1659 WISCONSIN AVE NW ,WASHINGTON,DC,20007,Not Available,38.91196757,-77.06549678
Chick-Fil-A at Fort Totten,Restaurant,220 RIGGS RD NE ,WASHINGTON,DC,20011,Not Available,38.95686347,-77.00290869
Causa,Restaurant,920 N ST NW ,WASHINGTON,DC,20001,Not Available,38.90700961,-77.0247997
LEMLEM LLC,Restaurant,1780 FLORIDA AVE NW ,WASHINGTON,DC,20009,Not Available,38.91678515,-77.04127523
Extra Mayo LLC,Restaurant,2029 P ST NW ,WASHINGTON,DC,20036,Not Available,38.90983404,-77.04626833
Wegmans Food Markets Inc. c/o Legal Dept.,Restaurant,41 RIDGE SQ NW ,WASHINGTON,DC,20016,Not Available,38.94014457,-77.07696911
Waldorf Astoria Washington D.C.,Restaurant,1100 PENNSYLVANIA AVE NW ,WASHINGTON,DC,20004,Not Available,38.89412373,-77.02757271
BAR ILLUSION LLC,Restaurant,5213 GEORGIA AVE NW ,WASHINGTON,DC,20011,Not Available,38.95335976,-77.02733962
Han Palace 8 Street LLC,Restaurant,522 8TH ST SE ,WASHINGTON,DC,20003,Not Available,38.88189907,-76.99466622
Shellfish LLC,Restaurant,443 KENNEDY ST NW ,WASHINGTON,DC,20011,Not Available,38.95660329,-77.01969448
"TheSaga, LLC.",Restaurant,1190 22ND ST NW ,WASHINGTON,DC,20037,Not Available,38.90489543,-77.04906309
EDDIE YUM'S CHEN LLC,Restaurant,4405 SOUTH CAPITOL ST SW ,WASHINGTON,DC,20032,Not Available,38.82581607,-77.00756489
Bourbon Coffee,Restaurant,2101 L ST NW ,WASHINGTON,DC,20037,Not Available,38.90400333,-77.04687961
THAI & TIME AGAIN LLC,Restaurant,2311 CALVERT ST NW ,WASHINGTON,DC,20008,Not Available,38.92378102,-77.05100863
The Hut,Restaurant,3657 GEORGIA AVE NW ,WASHINGTON,DC,20010,Not Available,38.9360891,-77.02399805
"GA PEABODY GOLDEN FOODS,",Restaurant,4130 WISCONSIN AVE NW ,WASHINGTON,DC,,Not Available,38.94297,-77.077412
Chipotle Mexican Grill of Colorado LLC,Restaurant,2000 PENNSYLVANIA AVE NW ,WASHINGTON,DC,20006,Not Available,38.90035538,-77.0457758
Chipotle Mexican Grill of Colorado LLC,Restaurant,2301 GEORGIA AVE NW ,WASHINGTON,DC,20001,Not Available,38.92057871,-77.02164697
Eatpowpow LLC dba Pow Pow Franklin Square,Restaurant,1250 I ST NW ,WASHINGTON,DC,20005,Not Available,38.90100913,-77.0292517
Squash On Fire Restaurant,Restaurant,2233 M ST NW ,WASHINGTON,DC,20037,Not Available,38.90541497,-77.04990657
License Services,Restaurant,1000 H ST NW ,WASHINGTON,DC,20001,Not Available,38.89934061,-77.02648774
Paste & Rind LLC,Restaurant,904 H ST NE ,WASHINGTON,DC,20002,Not Available,38.90041308,-76.99343811
"NANDO'S RESTAURANT GROUP, INC",Restaurant,836 F ST NW ,WASHINGTON,DC,20004,Not Available,38.89699184,-77.02375123
Jerk at Nite,Restaurant,1100 H ST NE ,WASHINGTON,DC,20002,Not Available,38.90041673,-76.9913455
Unknown,Restaurant,4859 MASSACHUSETTS AVE NW ,WASHINGTON,DC,20016,Not Available,38.94611029,-77.09621056
JERKS OF THE CARIBBEAN DC,Restaurant,409 3RD ST SW ,WASHINGTON,DC,20416,Not Available,38.88460326,-77.01575414
POPPINMESS LLC,Restaurant,1301 U ST NW ,WASHINGTON,DC,20009,Not Available,38.91728599,-77.03051814
Jero One LLC,Restaurant,1408 OKIE ST NE ,WASHINGTON,DC,20002,Not Available,38.91489587,-76.98396497
CONSORTIUM FOR SUSTAINABLE WORKFORCE,Restaurant,201 MASSACHUSETTS AVE NE ,WASHINGTON,DC,20002,Not Available,38.89461959,-77.00288022
Omni Shoreham Corporation,Restaurant,2500 CALVERT ST NW ,WASHINGTON,DC,20008,Not Available,38.92262375,-77.05381823
Limani,Restaurant,670 WHARF ST SW ,WASHINGTON,DC,20024,Not Available,38.87723113,-77.02293713
Omakase of Barracks Row LLC.,Restaurant,522 8TH ST SE ,WASHINGTON,DC,20003,Not Available,38.88189907,-76.99466622
BISMILLAH BUKHARA INC,Restaurant,204 MICHIGAN AVE NE ,WASHINGTON,DC,20017,Not Available,38.92968667,-77.00428174
MAVI LLC,Restaurant,81 SEATON PL NW ,WASHINGTON,DC,20001,Not Available,38.91495828,-77.01168927
Pesce Seafood House,Restaurant,1800 CONNECTICUT AVE NW ,WASHINGTON,DC,20009,Not Available,38.91439193,-77.04648898
"1101 K Street, LLC",Restaurant,1101 K ST NW ,WASHINGTON,DC,,Not Available,38.90286059,-77.02741468
COCO LEZZONE,Restaurant,915 15TH ST NW ,WASHINGTON,DC,20005,Not Available,38.9018422,-77.03330304
Duccini's Pizza,Restaurant,1537 7TH ST NW ,WASHINGTON,DC,20001,Not Available,38.9106571,-77.02158273
Cultura Food and Entertainment Inc.,Restaurant,2475 18TH ST NW ,WASHINGTON,DC,20009,Not Available,38.92238825,-77.04226329
"URBAN GRAPE DC, LLC",Restaurant,1301 9TH ST NW ,WASHINGTON,DC,20001,Not Available,38.90746061,-77.02374053
600T LLC,Restaurant,600 T ST NW ,WASHINGTON,DC,20001,Not Available,38.91541155,-77.02038856
Grace Street Coffee Roasters LLC,Restaurant,3299 K ST NW ,WASHINGTON,DC,20007,Not Available,38.90323228,-77.06482021
"STK Steakhouse Washington DC, LLC",Restaurant,901 MASSACHUSETTS AVE NW ,WASHINGTON,DC,20001,Not Available,38.90367009,-77.02467863
Zanzibar LLC,Restaurant,2309 18TH ST NW ,WASHINGTON,DC,20009,Not Available,38.91999409,-77.04148407
Maxwell Park LLC,Restaurant,1336 9TH ST NW ,WASHINGTON,DC,20001,Not Available,38.90842621,-77.024195
Gold Clover Bar,Restaurant,251 FLORIDA AVE NW ,WASHINGTON,DC,20001,Not Available,38.91385151,-77.01557738
PHO VIET US 207 INC,Restaurant,1506 U ST NW ,WASHINGTON,DC,20009,Not Available,38.91685412,-77.03496589
Mecha Noodle Bar,Restaurant,387 MORSE ST NE ,WASHINGTON,DC,20002,Not Available,38.90794067,-77.00063516
HIDE UP LLC,Restaurant,1336 U ST NW ,WASHINGTON,DC,20009,Not Available,38.91677922,-77.03104373
ON THE ROCKS LLC,Restaurant,1242 H ST NE ,WASHINGTON,DC,20002,Not Available,38.9004184,-76.98882358
"Aramark Services, Inc.",Restaurant,840 1ST ST NE ,WASHINGTON,DC,20002,Not Available,38.90112709,-77.00684866
LIME CAY INC,Restaurant,2436 18TH ST NW ,WASHINGTON,DC,20009,Not Available,38.92153734,-77.04264978
La Shukran,Restaurant,417 MORSE ST NE ,WASHINGTON,DC,20002,Not Available,38.90738492,-76.99945985
Lovo Ochoa Enterprises LLC,Restaurant,4400 CONNECTICUT AVE NW ,WASHINGTON,DC,20008,Not Available,38.94694958,-77.06560655
OXUS GROUP LLC,Restaurant,2444 WISCONSIN AVE NW ,WASHINGTON,DC,20007,Not Available,38.92204281,-77.0729085
"SAGE Dining Services, Inc.",Restaurant,401 MICHIGAN AVE NE ,WASHINGTON,DC,20017,Not Available,38.93092133,-76.99995986
BAR RADO LLC dba BAR CANA,Restaurant,2412 18TH ST NW ,WASHINGTON,DC,20009,Not Available,38.92110709,-77.04241809
"JLK3 Enterprises, LLC",Restaurant,2304 RHODE ISLAND AVE NE ,WASHINGTON,DC,20018,Not Available,38.93076577,-76.97328861
RimTang Restaurant Group LLC,Restaurant,1039 33RD ST NW ,WASHINGTON,DC,20007,Not Available,38.90469726,-77.06587286
The Fox at The Palisades,Restaurant,5108 MACARTHUR BLVD NW ,WASHINGTON,DC,20016,Not Available,38.92504595,-77.10189683
Unknown,Restaurant,1101 4TH ST SW ,WASHINGTON,DC,20024,Not Available,38.87766061,-77.01804992
LIFE 1 LLC,Restaurant,1919 9TH ST NW ,WASHINGTON,DC,20001,Not Available,38.9163408,-77.02366588
Tm Washington LLC,Restaurant,2330 WISCONSIN AVE NW ,WASHINGTON,DC,20007,Not Available,38.92073331,-77.07208496
Hornblower Cruises and Events LLC,Restaurant,580 WATER ST SW ,WASHINGTON,DC,20024,Not Available,38.8746671,-77.02138908
AVENUE DINING INC.,Restaurant,1303 WISCONSIN AVE NW ,WASHINGTON,DC,20007,Not Available,38.90697188,-77.06291377
Eyas Hospitality Sandwich LLC.,Restaurant,555 13TH ST NW ,WASHINGTON,DC,20004,Not Available,38.89699703,-77.02935404
"WAGSHAL'S MANAGEMENT PC1, LLC",Grocery Store,4857 MASSACHUSETTS AVE NW ,WASHINGTON,DC,20016,Not Available,38.94610649,-77.09612693
NAI Saturn Eastern LLC,Grocery Store,415 14TH ST SE ,WASHINGTON,DC,20003,Not Available,38.88389774,-76.98580554
MEG&AN LLC,Grocery Store,3306 GEORGIA AVE NW ,WASHINGTON,DC,20010,Not Available,38.93128176,-77.02380993
OCEAN FRONT LIQUORS,Grocery Store,4682 4684 MARTIN LUTHER KING J AVE SW ,WASHINGTON,DC,20032,Not Available,38.82112067,-77.0106495
ABUKEY LLC,Grocery Store,902 KENNEDY ST NW ,WASHINGTON,DC,20011,Not Available,38.95610099,-77.02612256
Wegmans Food Markets Inc. c/o Legal Dept.,Grocery Store,41 RIDGE SQ NW ,WASHINGTON,DC,20016,Not Available,38.94014457,-77.07696911
GEBREMARIAM LLC,Grocery Store,434 SHEPHERD ST NW ,WASHINGTON,DC,20011,Not Available,38.93977156,-77.01878033
DC Sushi LLC,Grocery Store,705 KENNEDY ST NW ,WASHINGTON,DC,20011,Not Available,38.95653114,-77.02261076
ALKHANBESHI GLOBAL LLC,Grocery Store,1412 14TH ST NW ,WASHINGTON,DC,20005,Not Available,38.909337,-77.03221987
KENYNUR INC.,Grocery Store,831 KENNEDY ST NW ,WASHINGTON,DC,20011,Not Available,38.95649728,-77.02534475
KIF MARKET LLC.,Grocery Store,2713 MARTIN LUTHER KING J AVE SE ,WASHINGTON,DC,20032,Not Available,38.84788766,-76.99626333
RADICI UNO LLC,Restaurant,301 305 7TH ST SE ,WASHINGTON,DC,20003,Not Available,38.88590982,-76.99635827
BJ & M INC,Delicatessen,1629 COLUMBIA RD NW ,WASHINGTON,DC,20009,Not Available,38.92610461,-77.03784927
DDS/RSA RANDOLPH-SHEPPARD VENDING FACILITIES PROGRAM (RSVFP),Delicatessen,1900 E ST NW ,WASHINGTON,DC,20415,Not Available,38.89470266,-77.04413898
7-ELEVEN,Delicatessen,4443 BENNING RD NE ,WASHINGTON,DC,20019,Not Available,38.89077975,-76.93886236
NEW DODGE MARKET,Delicatessen,3620 14TH ST NW ,WASHINGTON,DC,20010,Not Available,38.93700628,-77.033028
7-ELEVEN INC,Delicatessen,3218 PENNSYLVANIA AVE SE ,WASHINGTON,DC,20020,Not Available,38.86973056,-76.95983656
MOOS LLC,Delicatessen,5010 BENNING RD SE ,WASHINGTON,DC,20019,Not Available,38.87815847,-76.93091378
"FLAVOR US MARKET, LLC.",Delicatessen,1731 7TH ST NW ,WASHINGTON,DC,20001,Not Available,38.9137494,-77.02166138
CHINA WOK LLC,Delicatessen,1508 BENNING RD NE ,WASHINGTON,DC,20002,Not Available,38.90019163,-76.98145547
HAYAT INC,Delicatessen,6217 DIX ST NE ,WASHINGTON,DC,20019,Not Available,38.8941550028,-76.9115208626
SHABAH CORP,Delicatessen,912 NEW HAMPSHIRE AVE NW ,WASHINGTON,DC,20037,Not Available,38.9011577,-77.05173326
XKC LLC t/a Prego Deli,Delicatessen,210 7TH ST SE ,WASHINGTON,DC,20003,Not Available,38.88695724,-76.99584531
HOPE CONVENIENCE INC,Delicatessen,1736 GOOD HOPE RD SE ,WASHINGTON,DC,20020,Not Available,38.86607196,-76.97955018
DREAM TWO LIQUOR INC,Food Products,3845 MINNESOTA AVE NE ,WASHINGTON,DC,20019,Not Available,38.89297819,-76.95033394
METRO VARIETY SHOP,Food Products,1400 I ST NW ,WASHINGTON,DC,20005,Not Available,38.90102426,-77.0322809
NASHIM LLC.,Food Products,3701 12TH ST NE ,WASHINGTON,DC,20017,Not Available,38.93479194,-76.99087191
The Bottle Shop - Adams Morgan,Food Products,2216 18TH ST NW ,WASHINGTON,DC,20009,Not Available,38.91924626,-77.04186636
Best One Liquor LLC,Food Products,322 FLORIDA AVE NW ,WASHINGTON,DC,20001,Not Available,38.91357886,-77.01597627
Priyaspace LLC t/a O'Connor's Wine & Spirits,Food Products,2900 MINNESOTA AVE SE ,WASHINGTON,DC,20019,Not Available,38.87614835,-76.96584013
Shetab Enterprises LLC t/a Marthas Market,Food Products,2400 MINNESOTA AVE SE ,WASHINGTON,DC,20020,Not Available,38.87298047,-76.97224982
MAI Fine Wine LLC  t/a The Bottle Shop,Food Products,2216 18TH ST NW ,WASHINGTON,DC,20009,Not Available,38.91924626,-77.04186636
NAI Saturn Eastern LLC.,Grocery Store,1855 WISCONSIN AVE NW ,WASHINGTON,DC,20007,Not Available,38.91618015,-77.06727374
A1 GROCERY STORE,Grocery Store,615 DIVISION AVE NE ,WASHINGTON,DC,20019,2405051318.0,38.89786439,-76.92552537
MID-ATLANTIC DISTRIBUTOR INC,Grocery Store,3320 BROWN ST NW ,WASHINGTON,DC,20010,Not Available,38.93374481,-77.03809714
YODIT INC,Grocery Store,2339 PENNSYLVANIA AVE SE ,WASHINGTON,DC,20020,Not Available,38.87364319,-76.97186915
NAOM LLC,Grocery Store,1812 HAMLIN ST NE ,WASHINGTON,DC,20018,Not Available,38.92845685,-76.97839423
NAJIYAH ABRAR INCORPORATED,Grocery Store,1535 U ST SE ,WASHINGTON,DC,20020,Not Available,38.86518725,-76.98235687
WHEELER LIQUOR & GROCERY INC,Grocery Store,4137 WHEELER RD SE ,WASHINGTON,DC,20032,Not Available,38.83341297,-76.99003603
EQUITY 18 LLC,Restaurant,1210 1212 18TH ST NW ,WASHINGTON,DC,20036,Not Available,38.90615368,-77.04205271
1107 Safi LLC  101 Rhode Island ave,Restaurant,101 RHODE ISLAND AVE NW ,WASHINGTON,DC,20001,Not Available,38.915938339,-77.012360754
YOLO DC INC,Restaurant,2005 14TH ST NW ,WASHINGTON,DC,20009,Not Available,38.91726678,-77.03160009
WORKU LLC,Restaurant,2839 GEORGIA AVE NW ,WASHINGTON,DC,20001,Not Available,38.92711105,-77.02269461
"Ned's Club Washington, DC",Restaurant,734 15TH ST NW ,WASHINGTON,DC,20005,Not Available,38.89957829,-77.03407702
"GUAPO'S RESTAURANT, INC.",Restaurant,4515 WISCONSIN AVE NW ,WASHINGTON,DC,20016,7038305872.0,38.94843442,-77.0795206
EL TAMARINDO INC.,Restaurant,1785 FLORIDA AVE NW ,WASHINGTON,DC,20009,2023283660.0,38.91721991,-77.04123212
TEA STOP INC,Restaurant,2009 R ST NW ,WASHINGTON,DC,20009,2026673827.0,38.91276815,-77.04580452
"H.L.S., INC.",Restaurant,1637 17TH ST NW ,WASHINGTON,DC,20010,2023283222.0,38.91234964,-77.03825555
WASHINGTON PLAZA HOTEL,Restaurant,10 THOMAS CIR NW ,WASHINGTON,DC,20005,2023421054.0,38.90625807,-77.03084777
STARBUCKS COFFEE,Restaurant,1734 L ST NW ,WASHINGTON,DC,20007,2023828974.0,38.90357409,-77.04086407
"NEW DYNASTY, INC.",Restaurant,2020 P ST NW ,WASHINGTON,DC,20036,2022966688.0,38.90940063,-77.0458652
KELEMEWA CORPORATION,Restaurant,1326 U ST NW ,WASHINGTON,DC,20009,2028338301.0,38.91679081,-77.0307384
WHOLE FOODS MARKET GROUP INC,Restaurant,2323 WISCONSIN AVE NW ,WASHINGTON,DC,20007,2023335393.0,38.92092683,-77.07161294
AVONDALE COFFEE SHOP,Restaurant,1909 MICHIGAN AVE NE ,WASHINGTON,DC,20018,2025294854.0,38.94555911,-76.9779552
THE OCEANAIRE SEAFOOD ROOM,Restaurant,1201 F ST NW ,WASHINGTON,DC,20004,2023472277.0,38.89765719,-77.02852097
LAURIOL PLAZA,Restaurant,1835 18TH ST NW ,WASHINGTON,DC,20009,2023870035.0,38.91534743,-77.04142533
TOSCA LLC,Restaurant,1112 F ST NW ,WASHINGTON,DC,20004,2023671990.0,38.89718816,-77.02762842
TAM HOUSE INC,Restaurant,748 6TH ST NW ,WASHINGTON,DC,20001,2026281668.0,38.89961662,-77.02020178
SOUSSI RESTAURANT,Restaurant,2228 18TH ST NW ,WASHINGTON,DC,20009,2022999314.0,38.91953155,-77.04187841
METROPOLITAN CLUB OF THE CITY OF WASHINGTON (THE),Restaurant,1700 H ST NW ,WASHINGTON,DC,20006,2022987500.0,38.8999739,-77.03980603
NATIONAL PRESS CLUB,Restaurant,529 14TH ST NW ,WASHINGTON,DC,20004,2026627532.0,38.89701925,-77.03154662
THE WILLARD INTER CONTINENTAL,Restaurant,1401 PENNSYLVANIA AVE NW ,WASHINGTON,DC,20006,2026241700.0,38.89649258,-77.03234479
SULGRAVE CLUB (THE),Restaurant,1801 MASSACHUSETTS AVE NW ,WASHINGTON,DC,20036,2024625800.0,38.90945598,-77.04199805
TRATTORIA ALBERTO INC.,Restaurant,504 506 8TH ST SE ,WASHINGTON,DC,20003,2025442007.0,38.8824813753,-76.9947173501
Unknown,Restaurant,2737 MARTIN LUTHER KING J AVE SE ,WASHINGTON,DC,20032,2023731782.0,38.84719149,-76.99632281
476 K LLC.,Restaurant,476 K ST NW ,WASHINGTON,DC,20001,2023712223.0,38.90226551,-77.01870232
LINDA AND A INCORPORATED,Restaurant,3530 GEORGIA AVE NW ,WASHINGTON,DC,20011,2022499354.0,38.93395247,-77.02419651
WASHINGTON PALM INC.,Restaurant,1225 19TH ST NW ,WASHINGTON,DC,20036,9992939091.0,38.90665307,-77.04306781
"R A H OF WASHINGTON, D.C., INC.",Restaurant,1823 M ST NW ,WASHINGTON,DC,20036,2028875966.0,38.90589704,-77.04271203
STYLE INC,Restaurant,1666 CONNECTICUT AVE NW ,WASHINGTON,DC,20009,2029658990.0,38.91234474,-77.04547506
"THE WONDERLAND BALLROOM, L.L.C.",Restaurant,1101 KENYON ST NW ,WASHINGTON,DC,20010,2024898002.0,38.92991349,-77.02798547
COVENANT BAPTIST UNITED CHURCH OF CHRIST,Restaurant,3845 SOUTH CAPITOL ST SW ,WASHINGTON,DC,20032,2025625576.0,38.8340107,-77.0086613
"GOURMET CITY, INC.",Restaurant,1300 PENNSYLVANIA AVE NW ,WASHINGTON,DC,20004,2022894710.0,38.89493993,-77.03021187
PARK PLACE INCORPORATED,Restaurant,920 14TH ST NW ,WASHINGTON,DC,20005,2027377275.0,38.90191943,-77.0323197
BLACK SALT FISH MARKET AND RESTAURANT,Restaurant,4883 MACARTHUR BLVD NW ,WASHINGTON,DC,20007,2023429101.0,38.91778826,-77.09660858
VERMONT AVE BAPTIST CHURCH,Restaurant,1630 VERMONT AVE NW ,WASHINGTON,DC,20009,2026671078.0,38.91183528,-77.028772
SATAY CLUB ASIAN RESTAURANT,Restaurant,4654 WISCONSIN AVE NW ,WASHINGTON,DC,20016,2023638888.0,38.9508328,-77.0810725
STARBUCKS COFFEE # 10725,Restaurant,901 NEW YORK AVE NW ,WASHINGTON,DC,20001,2063188705.0,38.90211638,-77.02527931
REY CENTENO,Restaurant,200 MACDILL BLVD SW ,WASHINGTON,DC,20332,7038499324.0,38.84804805,-77.01233575
NANNY O'S LLC.,Restaurant,3319 CONNECTICUT AVE NW ,WASHINGTON,DC,20008,2026869189.0,38.93411429,-77.0572132
SIMON'S & WOK & GRILL,Restaurant,5501 GEORGIA AVE NW ,WASHINGTON,DC,20011,2028823663.0,38.9563667,-77.02783791
STARBUCKS CORPORATION,Restaurant,1200 NEW JERSEY AVE SE ,WASHINGTON,DC,20003,8887965282.0,38.87589043,-77.00328788
"COSMO CAFE, INC.",Restaurant,600 MARYLAND AVE SW ,WASHINGTON,DC,20024,2025544040.0,38.88604518,-77.0206984
LANGSTON BAR & GRILLE LLC,Restaurant,1831 BENNING RD NE ,WASHINGTON,DC,20002,2023973637.0,38.89873445,-76.97684696
SAGE DINING SERVICES INC,Restaurant,19 I ST NW ,WASHINGTON,DC,20001,2023367127.0,38.90155749,-77.00963305
ARAMARK EDUCATIONAL SERVICES LLC,Restaurant,620 MICHIGAN AVE NE ,WASHINGTON,DC,20064,2023195296.0,38.93282207,-76.99786192
CORPORATE CHEFS INC,Restaurant,1900 E ST NW ,WASHINGTON,DC,20515,2026068486.0,38.89470266,-77.04413898
PEREGRINE ESPRESSO LLC,Restaurant,666 PENNSYLVANIA AVE SE ,WASHINGTON,DC,20003,2026294381.0,38.88512231,-76.99640903
CAPITAL FRESH INC,Restaurant,1905 BRENTWOOD RD NE ,WASHINGTON,DC,20018,2022480389.0,38.91620268,-76.99421407
SAINT AUGUSTINE SCHOOL,Restaurant,1421 V ST NW ,WASHINGTON,DC,20009,2026672608.0,38.91841406,-77.03331828
CREPEAWAY LLC,Restaurant,2001 L ST NW ,WASHINGTON,DC,20036,2024134822.0,38.90403954,-77.04529442
CRISP AND JUICY,Restaurant,4533 WISCONSIN AVE NW ,WASHINGTON,DC,20016,2029661222.0,38.94883283,-77.07982606
SIAM HOUSE DC INC.,Restaurant,3520 CONNECTICUT AVE NW ,WASHINGTON,DC,20008,2023637802.0,38.9362111,-77.05930589
"UPTOWNER 2004 CAFE, INC.",Restaurant,2400 M ST NW ,WASHINGTON,DC,20037,2027750520.0,38.905065,-77.05170843
ETHIOPIC RESTAURANT,Restaurant,401 H ST NE ,WASHINGTON,DC,20002,2028410348.0,38.90002455,-77.00039034
CHIPOTLE MEXICAN GRILL,Restaurant,40 MASSACHUSETTS AVE NE ,WASHINGTON,DC,,3035954000.0,38.89761163,-77.00715347
POTBELLY SANDWICH WORKS LLC.,Restaurant,1275 1ST ST NE ,WASHINGTON,DC,20002,2024081561.0,38.90682675,-77.00546489
RENAISSANCE HOTEL WASHINGTON DC,Restaurant,999 9TH ST NW ,WASHINGTON,DC,20001,2028989000.0,38.90182806,-77.02368828
RENAISSANCE HOTEL WASHINGTON DC,Restaurant,999 9TH ST NW ,WASHINGTON,DC,20001,9493823000.0,38.90182806,-77.02368828
"CHOP'T CREATIVE SALAD CO., LLC",Restaurant,50 MASSACHUSETTS AVE NE ,WASHINGTON,DC,20002,2026880330.0,38.89761945,-77.00617579
"BULLFEATHERS, LLC",Restaurant,410 1ST ST SE ,WASHINGTON,DC,20003,2024882701.0,38.88464104,-77.00550376
SEASONS CULINARY SERVICE INC,Restaurant,2301 CONSTITUTION AVE NW ,WASHINGTON,DC,20037,7037060440.0,38.89297539,-77.05079905
ROTI MEDITERRANEAN GRILL,Restaurant,1275 1ST ST NE ,WASHINGTON,DC,20002,2024667648.0,38.90682675,-77.00546489
QUEEN VIC LLC.,Restaurant,1206 H ST NE ,WASHINGTON,DC,20002,2023962001.0,38.90041102,-76.98986493
NAI Saturn Eastern LLC,Grocery Store,3830 GEORGIA AVE NW ,WASHINGTON,DC,20011,Not Available,38.93844891,-77.02485654
NORTH GATE GRILL,Restaurant,1001 16TH ST NW ,WASHINGTON,DC,20036,2023931000.0,38.90317045,-77.0359284
RESIDENTIAL ONE LLC,Restaurant,4201 BUTTERWORTH PL NW ,WASHINGTON,DC,20016,Not Available,38.94901661,-77.08270153
THE BRIXTON,Restaurant,901 U ST NW ,WASHINGTON,DC,20001,Not Available,38.91717106,-77.02416672
VALENCIA INC,Restaurant,1400 INDEPENDENCE AVE SW ,WASHINGTON,DC,20250,Not Available,38.88677276,-77.02996809
POY LOUNG DC GROUP LLC,Restaurant,310 TINGEY ST SE ,WASHINGTON,DC,20003,Not Available,0.0,0.0
"ANB 623, LLC",Restaurant,623 PENNSYLVANIA AVE SE ,WASHINGTON,DC,20003,2027331384.0,38.88487002,-76.99764368
PRET A MANAGER (USA) LTD.,Restaurant,1701 K ST NW ,WASHINGTON,DC,20006,6467280505.0,38.90280431,-77.03878375
LA DULCE NOCHE,Restaurant,3566 14TH ST NW ,WASHINGTON,DC,20010,Not Available,38.93618373,-77.03301931
KRUNG-THEP WASHINGTON LLC.,Restaurant,2101 L ST NW ,WASHINGTON,DC,20037,Not Available,38.90400333,-77.04687961
JOE'S OF DC LLC,Restaurant,750 15TH ST NW ,WASHINGTON,DC,20005,Not Available,38.90001918,-77.03391976
DISTRICT TACO LLC,Restaurant,1919 M ST NW ,WASHINGTON,DC,20036,Not Available,38.90610144,-77.04447946
SWEETGREEN 27 LLC.,Restaurant,1212 4TH ST SE ,WASHINGTON,DC,20003,Not Available,38.87574472,-77.00024166
TAKOREAN 1212 LLC,Restaurant,1212 4TH ST SE ,WASHINGTON,DC,20003,Not Available,38.87574472,-77.00024166
JHSJ INC,Restaurant,400 VIRGINIA AVE SW ,WASHINGTON,DC,20024,Not Available,38.88418681,-77.01819887
"BABA'S COOKING SCHOOL, LLC.",Restaurant,3607 GEORGIA AVE NW ,WASHINGTON,DC,20010,Not Available,38.93478077,-77.02379772
ELZAM LLC,Restaurant,1778 U ST NW ,WASHINGTON,DC,20009,Not Available,38.91674974,-77.0412194
CARLSON RESTARAUNT GROUP LLC,Restaurant,501 FLORIDA AVE NW ,WASHINGTON,DC,20001,Not Available,38.91504479,-77.01857318
ZL INC,Restaurant,1416 14TH ST NW ,WASHINGTON,DC,20005,Not Available,38.90944014,-77.03223156
EL SOL LLC,Restaurant,1227 11TH ST NW ,WASHINGTON,DC,20001,Not Available,38.9066087019,-77.0267205614
THE DABNEY,Restaurant,1222 9TH ST NW ,WASHINGTON,DC,20001,Not Available,38.9063715,-77.0241747
CHIPOTLE MEXICAN GRILL #2565,Restaurant,625 MONROE ST NE ,WASHINGTON,DC,20017,Not Available,38.93205742,-76.99704088
SHOUK,Restaurant,655 K ST NW ,WASHINGTON,DC,20001,Not Available,38.90280385,-77.02077923
1050 31ST STREET LIQUOR LLC.,Restaurant,1050 31ST ST NW ,WASHINGTON,DC,20007,Not Available,38.90398864,-77.06145597
GLO-LALIBELA ETHIOPIAN RESTAURANT & LOUNGE,Restaurant,1608 7TH ST NW ,WASHINGTON,DC,20001,Not Available,38.9114955,-77.02219835
Medium Rare Cleveland Park LLC,Restaurant,3500 CONNECTICUT AVE NW ,WASHINGTON,DC,20008,Not Available,38.93573384,-77.05894471
HALF SMOKE LLC,Restaurant,651 FLORIDA AVE NW ,WASHINGTON,DC,20001,Not Available,38.9162967,-77.02159078
DISTRICT TACO LLC,Restaurant,4600 WISCONSIN AVE NW ,WASHINGTON,DC,20016,Not Available,38.94997216,-77.08084368
BEST FOOD INTERNATIONAL INC,Restaurant,312 PENNSYLVANIA AVE SE ,WASHINGTON,DC,20003,Not Available,38.8871499,-77.0015324
Renaissance Hotel Operating Company,Restaurant,1127 CONNECTICUT AVE NW ,WASHINGTON,DC,20036,Not Available,38.90444225,-77.03946658
"CAVA MEZZE GRILL, LLC.",Restaurant,1921 8TH ST NW ,WASHINGTON,DC,20001,2024002920.0,38.91624111,-77.02261009
SUBWAY 116,Restaurant,1666 K ST NW ,WASHINGTON,DC,20006,2022238720.0,38.90219217,-77.03802242
FRANKLIN COURT COFFEE LIMITED LIABILITY COMPANY,Restaurant,2201 G ST NW ,WASHINGTON,DC,20052,Not Available,38.89858751,-77.04947376
SUBWAY FRESH,Restaurant,1412 MARION BARRY AVE SE ,WASHINGTON,DC,20020,Not Available,38.86686668,-76.98465388
RESTAURANT ASSOCIATES INC.,Restaurant,1 1ST ST NE ,WASHINGTON,DC,20543,2024582204.0,38.89060994,-77.00441391
SEASONS CULINARY SERVICES INC,Restaurant,505 9TH ST NW ,WASHINGTON,DC,20004,Not Available,38.89651907,-77.02371268
"SILVER CATHEDRAL COMMONS, LLC",Restaurant,3404 WISCONSIN AVE NW ,WASHINGTON,DC,20016,Not Available,38.93490315,-77.07289847
SUSHI HACHI INC,Restaurant,735 8TH ST SE ,WASHINGTON,DC,20003,Not Available,38.88003184,-76.9953317
ELEANA LLC,Restaurant,1928 9TH ST NW ,WASHINGTON,DC,20001,Not Available,38.91638392,-77.0242534
ILC FOOD SERVICE INC,Restaurant,1650 PENNSYLVANIA AVE NW ,WASHINGTON,DC,20003,Not Available,38.89812786,-77.03869728
Sibley Memorial Hospital,Restaurant,5255 LOUGHBORO RD NW ,WASHINGTON,DC,20016,Not Available,38.9361592,-77.10882865
BLACK COFFEE DC LLC.,Restaurant,4885 MACARTHUR BLVD NW ,WASHINGTON,DC,20007,Not Available,38.91788529,-77.09692132
Horizon LLC.,Restaurant,1619 17TH ST NW ,WASHINGTON,DC,20009,Not Available,38.91197917,-77.03812818
NEW HOWARD CHINA INC,Restaurant,2827 GEORGIA AVE NW ,WASHINGTON,DC,20001,Not Available,38.9266102992,-77.0227057528
JJ SOLIS LLC.,Restaurant,3704 14TH ST NW ,WASHINGTON,DC,20010,Not Available,38.93741787,-77.03303834
THE GREEN ZONE LLC,Restaurant,2226 18TH ST NW ,WASHINGTON,DC,20009,Not Available,38.91947993,-77.04187838
Alex & Lily Inc,Restaurant,4714 14TH ST NW ,WASHINGTON,DC,20011,Not Available,38.94768048,-77.03300572
"PITCHERS, LLC",Restaurant,2317 2319 18TH ST NW ,WASHINGTON,DC,20009,Not Available,38.92016325,-77.04151542
"GUAPO'S OF GEORGETOWN, INC.",Restaurant,3050 K ST NW ,WASHINGTON,DC,20007,Not Available,38.90194421,-77.06091848
CLOAK & DAGGER,Restaurant,1359 U ST NW ,WASHINGTON,DC,20009,Not Available,38.91714563,-77.03148253
STREETS MARKET,Restaurant,51 M ST NE ,WASHINGTON,DC,20002,Not Available,38.90545477,-77.00726885
CHAIA MOUNT VERNON TRIANGLE LLC,Restaurant,615 I ST SW ,WASHINGTON,DC,20024,Not Available,38.87947144,-77.02045573
LA BETTY,Restaurant,420 K ST NW ,WASHINGTON,DC,20007,Not Available,38.90221041,-77.01690132
CHICK-FIL-A DAKOTA CROSSING,Restaurant,2410 MARKET ST NE ,WASHINGTON,DC,20018,Not Available,38.91982688,-76.95362729
Republic Cantina,Restaurant,57 N ST NW ,WASHINGTON,DC,20001,Not Available,38.90743961,-77.01111215
METROPOLITAN A.M.E. CHURCH,Restaurant,1518 M ST NW ,WASHINGTON,DC,20005,Not Available,38.90533284,-77.03545795
"CHEF AMYB, LLC",Restaurant,963 PALMER ALY NW ,WASHINGTON,DC,20001,Not Available,38.90043445,-77.02545025
RESIDENTS DC LLC.,Restaurant,1317 CONNECTICUT AVE NW ,WASHINGTON,DC,20036,Not Available,38.9078117517,-77.0420713302
Carriage House LLC,Restaurant,1335 GREEN CT NW ,WASHINGTON,DC,20005,Not Available,38.9044825175,-77.030877208
RB1 LLC,Restaurant,1209 U ST NW ,WASHINGTON,DC,20009,Not Available,38.9171706,-77.02859231
Meriwether Godsey Inc.,Restaurant,4203 DAVENPORT ST NW ,WASHINGTON,DC,20016,Not Available,38.9523327,-77.08246219
Krispy Kreme,Restaurant,3100 14TH ST NW ,WASHINGTON,DC,20010,Not Available,38.92930077,-77.03298372
CAPITOL CONCESSIONS LLC,Restaurant,3001 CONNECTICUT AVE NW ,WASHINGTON,DC,20008,Not Available,38.93060711,-77.05437784
"Cherry Sweets Ballpark D.C., LLC",Restaurant,1250 HALF ST SE ,WASHINGTON,DC,20003,Not Available,38.87536515,-77.00724735
Focus DC,Restaurant,1348 H ST NE ,WASHINGTON,DC,20002,Not Available,38.90042556,-76.98666284
Sol Mexican Grill Two LLC,Restaurant,4220 FESSENDEN ST NW ,WASHINGTON,DC,20016,Not Available,38.95447765,-77.08299179
The Mayflower Club,Restaurant,1223 CONNECTICUT AVE NW ,WASHINGTON,DC,20036,Not Available,38.90669456,-77.04125497
We The Pizza Express #1 LLC,Restaurant,1301 U ST NW ,WASHINGTON,DC,20009,Not Available,38.91728599,-77.03051814
HOTEL DC TRS LLC,Restaurant,515 15TH ST NW ,WASHINGTON,DC,20004,Not Available,38.89695532,-77.03339079
EQUITY H LLC,Restaurant,713 H ST NW ,WASHINGTON,DC,20001,Not Available,38.90003661,-77.02254293
Sodexo,Restaurant,2400 6TH ST NW ,WASHINGTON,DC,20059,Not Available,38.92312843,-77.02161949
La Casina 1978 LLC,Restaurant,327 7TH ST SE ,WASHINGTON,DC,20003,Not Available,38.88535275,-76.99644555
La Tia Pepa,Restaurant,801 18TH ST NW ,WASHINGTON,DC,20006,Not Available,38.90051211,-77.04146248
SODEXO OPERATIONS LLC,Restaurant,935 PENNSYLVANIA AVE NW ,WASHINGTON,DC,20535,Not Available,38.89469297,-77.02506792
Thompson Retail Food Group LLC,Restaurant,1116 H ST NE ,WASHINGTON,DC,20002,Not Available,38.90041831,-76.99084368
LYDIA RESTAURANT & LOUNGE,Restaurant,1427 H ST NE ,WASHINGTON,DC,20002,Not Available,38.90004164,-76.98455429
SPRING VALLEY ENTERPRISES INC.,Restaurant,4000 CATHEDRAL AVE NW ,WASHINGTON,DC,20016,Not Available,38.9284286,-77.07981487
"JBA 1, INC",Restaurant,1915 18TH ST NW ,WASHINGTON,DC,20009,Not Available,38.91602811,-77.04139309
FEDERAL CENTER SW INC,Restaurant,400 C ST SW ,WASHINGTON,DC,20024,Not Available,38.88582526,-77.01799585
Gunju 1924 LLC d.b.a Gogi Yogi,Restaurant,1921 8TH ST NW ,WASHINGTON,DC,20001,Not Available,38.91624111,-77.02261009
Chipotle Mexican Grill,Restaurant,2430 MARKET ST NE ,WASHINGTON,DC,20018,Not Available,38.92007906,-76.95288346
BIG CHIEF DC LLC.,Restaurant,2221 14TH ST NW ,WASHINGTON,DC,20009,Not Available,38.91989755,-77.03159318
Chopsmith LLC,Restaurant,1 MARKET SQ SW ,WASHINGTON,DC,20024,Not Available,38.88115122,-77.02679585
Mendelsohns 301 LLC,Restaurant,301 PENNSYLVANIA AVE SE ,WASHINGTON,DC,20003,Not Available,38.88669062,-77.00186249
Lux Dc Restaurant llc,Restaurant,3001 GEORGIA AVE NW ,WASHINGTON,DC,20001,Not Available,38.92829201,-77.02285794
"AmLux Cafe, Beer Wine & Spirits",Restaurant,1255 23RD ST NW ,WASHINGTON,DC,20037,Not Available,38.90639501,-77.04978655
JACK ROSE DINING SALOON,Restaurant,2007 18TH ST NW ,WASHINGTON,DC,20009,Not Available,38.91739642,-77.04131698
"P.F. Chang's China Bistro, Inc",Restaurant,1120 20TH ST NW ,WASHINGTON,DC,20036,Not Available,38.9045846,-77.04538146
"Tatte Holdings, LLC",Restaurant,1090 I ST NW ,WASHINGTON,DC,20001,Not Available,38.90072063,-77.02672977
"TATTE HOLDINGS, LLC",Restaurant,2129 I ST NW ,WASHINGTON,DC,20052,Not Available,38.90092508,-77.04761713
Unknown,Restaurant,1501 U ST NW ,WASHINGTON,DC,20009,Not Available,38.91713405,-77.03482973
BMSS LLC,Restaurant,3630 GEORGIA AVE NW ,WASHINGTON,DC,20010,Not Available,38.9349177871,-77.0243637349
Irregardless DC LLC,Restaurant,502 H ST NE ,WASHINGTON,DC,20002,Not Available,38.90041137,-76.99923349
CSDAK LLC,Restaurant,700 6TH ST NW ,WASHINGTON,DC,20001,Not Available,38.89902379,-77.02028704
1842 Restaurant Company LLC,Restaurant,1836 18TH ST NW ,WASHINGTON,DC,20009,Not Available,38.91524486,-77.0418526
Dupont Estates Inc,Restaurant,1825 M ST NW ,WASHINGTON,DC,20036,Not Available,38.90592314,-77.04278306
Thompson Hospitality Services,Restaurant,300 MASSACHUSETTS AVE NW ,WASHINGTON,DC,20001,Not Available,38.89964227,-77.01566581
SEASONS CULINARY SERVICE INC.,Restaurant,1330 CONNECTICUT AVE NW ,WASHINGTON,DC,20036,Not Available,38.90788673,-77.04291902
SONS OF ANACREON,Restaurant,1777 COLUMBIA RD NW ,WASHINGTON,DC,20009,Not Available,38.92342031,-77.04207166
MILLBANK PARTNERS-MASS. AVE LIMITED PARTNERSHIP,Restaurant,1600 RHODE ISLAND AVE NW ,WASHINGTON,DC,20036,Not Available,38.90666651,-77.03697137
WHARF GRILL LLC.,Restaurant,99 MARKET SQ SW ,WASHINGTON,DC,20024,Not Available,38.88072454,-77.02696488
SCRIBONE LLC,Restaurant,4200 WISCONSIN AVE NW ,WASHINGTON,DC,20016,Not Available,38.94352013,-77.07783225
SWAHILI VILLAGE M STREET LLC,Restaurant,1990 M ST NW ,WASHINGTON,DC,20036,Not Available,38.90546928,-77.04451573
Rumis DC LLC,Restaurant,655 NEW YORK AVE NW ,WASHINGTON,DC,20001,Not Available,38.90346782,-77.02114443
Shark's Fish Chicken & Seafood Market,Restaurant,2927 MARTIN LUTHER KING J AVE SE ,WASHINGTON,DC,20032,Not Available,38.84533407,-76.99752518
Oyster Oyster,Restaurant,1440 8TH ST NW ,WASHINGTON,DC,20001,Not Available,38.90925492,-77.02312925
Maxwell POP LLC,Restaurant,2106 VERMONT AVE NW ,WASHINGTON,DC,20001,Not Available,38.91845643,-77.02484357
"Compass Group USA, Inc.",Restaurant,2300 H ST NW ,WASHINGTON,DC,20037,Not Available,38.89934545,-77.05038351
Unknown,Restaurant,425 7TH ST NW ,WASHINGTON,DC,20004,2027377770.0,38.89571306,-77.0215457
ANGELICO LA PIZZERIA,Restaurant,3205 MOUNT PLEASANT ST NW ,WASHINGTON,DC,20010,2022342622.0,38.93139416,-77.03817812
PRET A MANGER,Restaurant,1828 L ST NW ,WASHINGTON,DC,20036,2026891982.0,38.90351226,-77.04293991
BCI FOOD SERVICES LLC,Restaurant,1801 14TH ST NW ,WASHINGTON,DC,20009,2028348579.0,38.91424339,-77.03155528
Whole Food Market Group Inc,Grocery Store,965 FLORIDA AVE NW ,WASHINGTON,DC,20001,Not Available,38.9195432,-77.02482642
WHOLE FOODS MARKET,Restaurant,2201 I ST NW ,WASHINGTON,DC,20037,Not Available,38.90091112,-77.04906762
ROSARIO CORP,Restaurant,717 T ST NW ,WASHINGTON,DC,20001,Not Available,38.91573727,-77.02249889
BACIO LLC,Restaurant,81 SEATON PL NW ,WASHINGTON,DC,20001,Not Available,38.91495828,-77.01168927
"BRIDGES ACADEMY, INC. (THE)",Restaurant,6119 GEORGIA AVE NW ,WASHINGTON,DC,20011,Not Available,38.96437593,-77.02747204
MATE LLC,Restaurant,3101 K ST NW ,WASHINGTON,DC,,Not Available,38.90277488,-77.06141757
"NY AVENUE GOLDEN FOODS, LLC.",Restaurant,75 NEW YORK AVE NE ,WASHINGTON,DC,20002,Not Available,38.90796083,-77.00628299
JW MARRIOTT WASHINGTON DC,Restaurant,1331 PENNSYLVANIA AVE NW ,WASHINGTON,DC,20004,Not Available,38.89636772,-77.0313718
HORACE AND DICKIE'S LLC,Restaurant,6912 4TH ST NW ,WASHINGTON,DC,20012,2022484265.0,38.97413743,-77.01834936
QUINTANILLA FOODS LLC,Restaurant,622 KENNEDY ST NW ,WASHINGTON,DC,20011,Not Available,38.95621149,-77.02190169
"DIAMONDROCK DC M STREET TENANT, LLC",Restaurant,1400 M ST NW ,WASHINGTON,DC,20005,Not Available,38.90531614,-77.0334361
HITCHING POST RESTAURANT,Restaurant,200 UPSHUR ST NW ,WASHINGTON,DC,20011,3014669507.0,38.94204514,-77.01377313
YADA GROUP INC,Restaurant,1832 1ST ST NW ,WASHINGTON,DC,20001,Not Available,38.9152684745,-77.0124064146
STARBUCKS CORPORATION,Restaurant,1160 1ST ST NE ,WASHINGTON,DC,20002,Not Available,38.9051641,-77.00629127
NEW YORK PIZZA,Restaurant,2 FLORIDA AVE NE ,WASHINGTON,DC,20001,2026364545.0,38.91087857,-77.00868275
ARAMARK EDUCATIONAL SERVICES LLC,Restaurant,3500 NEBRASKA AVE NW ,WASHINGTON,DC,20016,2152383000.0,38.93920476,-77.0869547
ROSE'S LUXURY,Restaurant,717 8TH ST SE ,WASHINGTON,DC,20003,Not Available,38.88064387,-76.99533246
CATRACHITOS RESTAURANT,Restaurant,4608 14TH ST NW ,WASHINGTON,DC,20011,Not Available,38.94650283,-77.03299791
ALL SOULS,Restaurant,725 T ST NW ,WASHINGTON,DC,20001,Not Available,38.9157384,-77.0227061
MARRIOTT MARQUIS,Restaurant,901 MASSACHUSETTS AVE NW ,WASHINGTON,DC,20001,Not Available,38.90367009,-77.02467863
MARRIOTT MARQUIS,Restaurant,901 MASSACHUSETTS AVE NW ,WASHINGTON,DC,20001,Not Available,38.90367009,-77.02467863
CLOVER M STREET LLC.,Restaurant,2201 M ST NW ,WASHINGTON,DC,20037,Not Available,38.90551916,-77.04915126
1110 U STREET LLC.,Restaurant,1110 U ST NW ,WASHINGTON,DC,20009,Not Available,38.9168497,-77.02768608
"A. MONTERO FOODS, LLC.",Restaurant,3710 14TH ST NW ,WASHINGTON,DC,20010,Not Available,38.93755236,-77.03305501
DOG TAG BAKERY,Restaurant,3206 GRACE ST NW ,WASHINGTON,DC,20007,Not Available,38.9038571,-77.06317515
PARK HYATT,Restaurant,1201 24TH ST NW ,WASHINGTON,DC,20037,Not Available,38.90572881,-77.05112369
COPYCAT CO.,Restaurant,1110 H ST NE ,WASHINGTON,DC,20002,Not Available,38.90040553,-76.99102848
GRAND HYATT HOTEL,Restaurant,1000 H ST NW ,WASHINGTON,DC,20001,Not Available,38.89934061,-77.02648774
COLONY CLUB L.L.C.,Restaurant,3118 GEORGIA AVE NW ,WASHINGTON,DC,20010,Not Available,38.92958103,-77.02361238
CHRISTIAN BROTHERS FOR LIFE LLC,Restaurant,1014 H ST NE ,WASHINGTON,DC,20002,Not Available,38.90041309,-76.99209772
FLIK INTERNATIONAL CORPORATION,Restaurant,601 MASSACHUSETTS AVE NW ,WASHINGTON,DC,20001,Not Available,38.90187231,-77.02020415
B T AND T INC.,Restaurant,1015 15TH ST NW ,WASHINGTON,DC,20005,2028986393.0,38.90299715,-77.03424986
"SEOUL SPICE, LLC.",Restaurant,145 N ST NE ,WASHINGTON,DC,20002,Not Available,38.90682526,-77.00458901
RUSA Management L.L.C.,Restaurant,3000 CONNECTICUT AVE NW ,WASHINGTON,DC,20008,Not Available,38.9298928,-77.05556543
LETENA ETHIOPIAN RESTAURANT LLC.,Restaurant,3100 14TH ST NW ,WASHINGTON,DC,20010,Not Available,38.92930077,-77.03298372
SSF LLC,Restaurant,7414 GEORGIA AVE NW ,WASHINGTON,DC,20012,Not Available,38.98002583,-77.02676367
MEZCALERO COCINA MEXICANA,Restaurant,3714 14TH ST NW ,WASHINGTON,DC,20010,Not Available,38.93763775,-77.03305886
Unknown,Restaurant,203 FLORIDA AVE NW ,WASHINGTON,DC,20001,Not Available,38.91323171,-77.01436576
RPM D.C. LLC,Restaurant,650 K ST NW ,WASHINGTON,DC,20001,Not Available,38.90225345,-77.02035816
ATXONDO,Restaurant,4724 14TH ST NW ,WASHINGTON,DC,20011,Not Available,38.94789003,-77.03304089
Unknown,Restaurant,33 NEW YORK AVE NE ,WASHINGTON,DC,20002,2022895599.0,38.90748324,-77.00777059
H STREET F&B  LLC.,Restaurant,627 H ST NW ,WASHINGTON,DC,20001,Not Available,38.9001145393,-77.021209834
ILC FOOD SERVICE INC.,Restaurant,1000 INDEPENDENCE AVE SE ,WASHINGTON,DC,20003,Not Available,38.8877959279,-76.9924797172
c/o HIll Restaurant Group LLC,Restaurant,300 TINGEY ST SE ,WASHINGTON,DC,20003,Not Available,38.87521736,-77.00127262
Brock and Company - Sirius XM,Restaurant,1500 ECKINGTON PL NE ,WASHINGTON,DC,20002,Not Available,38.90976443,-77.00553879
"KALIWA ON THE WHARF, LLC",Restaurant,751 WHARF ST SW ,WASHINGTON,DC,20024,Not Available,38.87877119,-77.024366
CHEF MIKKO LLC,Restaurant,1636 R ST NW ,WASHINGTON,DC,20009,Not Available,38.91240135,-77.03796456
COMMUNAL RESTAURANT LLC.,Restaurant,919 5TH ST NW ,WASHINGTON,DC,20001,Not Available,38.90192374,-77.0186432
JIMMY JOHN'S GOURMET SANDWICHES,Restaurant,1101 14TH ST NW ,WASHINGTON,DC,20005,Not Available,38.9040356932,-77.031588575
PISCO Y NAZCA GASTRO BAR,Restaurant,1823 L ST NW ,WASHINGTON,DC,20036,Not Available,38.90399423,-77.04270409
GORDON RESTAURANT GROUP-CHEVY CHASE LLC.,Restaurant,5600 CONNECTICUT AVE NW ,WASHINGTON,DC,20015,Not Available,38.96505965,-77.07595961
I'M EDDIE CANO,Restaurant,5014 CONNECTICUT AVE NW ,WASHINGTON,DC,20008,Not Available,38.95518006,-77.07028828
BOMBAY STREET FOOD,Restaurant,1413 PARK RD NW ,WASHINGTON,DC,20010,Not Available,38.93059128,-77.03338694
M & S RESTAURANT LLC,Restaurant,1101 4TH ST SW ,WASHINGTON,DC,20024,Not Available,38.87766061,-77.01804992
Red Bear Brewing Company,Restaurant,1140 3RD ST NE ,WASHINGTON,DC,20002,Not Available,38.9048958255,-77.002246999
PROVOST LLC,Restaurant,2129 RHODE ISLAND AVE NE ,WASHINGTON,DC,20018,Not Available,38.92984697,-76.97388625
"BEEFSTEAK OPERATOR, LLC",Restaurant,800 22ND ST NW ,WASHINGTON,DC,20052,Not Available,38.90005813,-77.04932053
APRA ONE CORP,Restaurant,2635 CONNECTICUT AVE NW ,WASHINGTON,DC,20008,Not Available,38.924642,-77.05170763
DC NARVEER L.L.C.,Restaurant,4909 WISCONSIN AVE NW ,WASHINGTON,DC,20016,Not Available,38.95376045,-77.08178351
Unknown,Restaurant,900 BRENTWOOD RD NE ,WASHINGTON,DC,20018,Not Available,38.9176097641,-76.9953153999
YEGNA RESTAURANT AND LOUNGE INC,Restaurant,1920 9TH ST NW ,WASHINGTON,DC,20001,Not Available,38.9161943,-77.02423569
RCSH OPERATIONS LLC,Restaurant,2001 K ST NW ,WASHINGTON,DC,20036,Not Available,38.9028598089,-77.0453416256
"GLOBAL HOLDINGS MANAGEMENT GROUP (US) , INC.",Restaurant,900 F ST NW ,WASHINGTON,DC,20004,Not Available,38.89706629,-77.02432625
DOUBLE J LLC,Restaurant,4427 WISCONSIN AVE NW ,WASHINGTON,DC,20016,Not Available,38.94730775,-77.07899769
CRUJIENTE (CRISPY) LLC,Restaurant,3910 14TH ST NW ,WASHINGTON,DC,20011,Not Available,38.9389837,-77.03299143
IRON AGE COLUMBIA HEIGHTS LLC,Restaurant,3365 14TH ST NW ,WASHINGTON,DC,20010,Not Available,38.93118284,-77.03245441
BBH LLC,Restaurant,3421 CONNECTICUT AVE NW ,WASHINGTON,DC,20008,Not Available,38.93506743,-77.05768985
SUPRA 2 LLC,Restaurant,3227 GEORGIA AVE NW ,WASHINGTON,DC,20010,2022517544.0,38.93105281,-77.02330932
ADBHS LLC,Restaurant,512 RHODE ISLAND AVE NW ,WASHINGTON,DC,20001,Not Available,38.91293714,-77.019469
AH PETIT MONDE LLC,Restaurant,2653 CONNECTICUT AVE NW ,WASHINGTON,DC,20008,Not Available,38.9250946,-77.05205819
Convive Brands LLC,Restaurant,800 17TH ST NW ,WASHINGTON,DC,20006,Not Available,38.90048082,-77.03974245
RICHARD WRIGHT PUBLIC CHARTER SCHOOL,Restaurant,475 SCHOOL ST SW ,WASHINGTON,DC,20024,Not Available,38.88422019,-77.01880893
Professional Corporation Service,Restaurant,600 NEW HAMPSHIRE AVE NW ,WASHINGTON,DC,20037,Not Available,38.8978021,-77.05510065
CINCO SOLES,Restaurant,3418 11TH ST NW ,WASHINGTON,DC,20010,Not Available,38.9322978366,-77.0286274353
Donut Run,Restaurant,6904 4TH ST NW ,WASHINGTON,DC,20012,Not Available,38.97390755,-77.0182751
3313 11TH HOSPITALITY LLC,Restaurant,3313 11TH ST NW ,WASHINGTON,DC,20010,Not Available,38.9310881,-77.02781397
KIPP D.C. PUBLIC CHARTER SCHOOLS,Restaurant,421 P ST NW ,WASHINGTON,DC,20001,2029864769.0,38.90988639,-77.01811734
The Liaison Capitol Hill,Hotel,415 NEW JERSEY AVE NW ,WASHINGTON,DC,20001,Not Available,38.89538998,-77.01068375
"LHO TOM JOAD CIRCLE DC LESSEE, LLC",Hotel,1155 14TH ST NW ,WASHINGTON,DC,20005,Not Available,38.90509028,-77.03156817
Royal Sonesta Washington D.C.,Hotel,2121 P ST NW ,WASHINGTON,DC,20037,Not Available,38.90981359,-77.04741311
"Adams Morgan Hotel Operator, LLC",Hotel,1770 EUCLID ST NW ,WASHINGTON,DC,20009,Not Available,38.92276497,-77.04170248
CORADO'S GUATEMALAN RESTAURANT,Restaurant,3217 MOUNT PLEASANT ST NW ,WASHINGTON,DC,20010,2022657728.0,38.9317511,-77.0383467
POPEYE'S,Restaurant,5200 GEORGIA AVE NW ,WASHINGTON,DC,20011,2022914200.0,38.95321683,-77.02798966
Unknown,Restaurant,2401 PENNSYLVANIA AVE NW ,WASHINGTON,DC,20037,2022966383.0,38.90348021,-77.05184954
HAYDEE'S RESTAURANT,Restaurant,3102 MOUNT PLEASANT ST NW ,WASHINGTON,DC,20009,2026670302.0,38.9289501198,-77.0376912763
TRYST INCORPORATED,Restaurant,2459 18TH ST NW ,WASHINGTON,DC,20009,2022325500.0,38.92196824,-77.04211474
"RPM RESTAURANT, LLC",Restaurant,1331 F ST NW ,WASHINGTON,DC,20004,2027373003.0,38.89764081,-77.03092658
SABABA/BINDAAS,Restaurant,3309 CONNECTICUT AVE NW ,WASHINGTON,DC,20008,2023935883.0,38.93386576,-77.05706802
STARBUCKS CORPORATION,Restaurant,1455 K ST NW ,WASHINGTON,DC,20005,3016573020.0,38.90279778,-77.03430821
STARBUCKS CORPORATION,Restaurant,1600 U ST NW ,WASHINGTON,DC,20009,3016753020.0,38.91684762,-77.03703765
CCMH METRO CENTER LLC,Restaurant,775 12TH ST NW ,WASHINGTON,DC,20005,2027372200.0,38.89931278,-77.02775201
SAKANA JAPANESE RESTAURANT,Restaurant,2026 P ST NW ,WASHINGTON,DC,20036,2028870900.0,38.90943118,-77.04607794
SBARRO CORPORATION,Restaurant,50 MASSACHUSETTS AVE NE ,WASHINGTON,DC,20002,6317157151.0,38.89761945,-77.00617579
MEZZE AND MORE LLC.,Restaurant,701 9TH ST NW ,WASHINGTON,DC,20001,2026380800.0,38.89907182,-77.02343997
POT BELLY SANDWICH WORKS LLC.,Restaurant,1900 L ST NW ,WASHINGTON,DC,20036,2024780026.0,38.90356704,-77.04390536
DUBLINER INC,Restaurant,520 NORTH CAPITOL ST NW ,WASHINGTON,DC,20001,2027373773.0,38.89708492,-77.00947809
"RICE RESTAURANT, LLC",Restaurant,1608 14TH ST NW ,WASHINGTON,DC,20009,2029868607.0,38.91149755,-77.03235586
STARBUCKS COFFEE,Restaurant,1957 E ST NW ,WASHINGTON,DC,20052,8887965282.0,38.89628365,-77.0442376
"KENNEDY WARREN CLUB, LLC",Restaurant,3133 CONNECTICUT AVE NW ,WASHINGTON,DC,20008,3019866202.0,38.93192178,-77.05548236
RESTAURANT ASSOCIATES OF NEW YORK LLC,Restaurant,300 MARYLAND AVE SW ,WASHINGTON,DC,20560,2027863083.0,0.0,0.0
SODEXO MANAGEMENT INC,Restaurant,3625 MASSACHUSETTS AVE NW ,WASHINGTON,DC,20016,8663728291.0,0.0,0.0
THIRD PLACE INC,Restaurant,2331 CALVERT ST NW ,WASHINGTON,DC,20008,2023322331.0,38.92371709,-77.05236578
ZION KITCHEN,Restaurant,1805 MONTANA AVE NE ,WASHINGTON,DC,20002,2026369097.0,38.9193788153,-76.9789281169
FOUR SEASONS HOTEL,Restaurant,2800 PENNSYLVANIA AVE NW ,WASHINGTON,DC,20007,3126585000.0,38.9044499714,-77.0572264103
"TOPPROMO, INC.",Restaurant,911 F ST NW ,WASHINGTON,DC,20004,2023479840.0,38.89764654,-77.0246203
SUDHOUSE,Restaurant,1340 U ST NW ,WASHINGTON,DC,20009,2027583413.0,38.9168078,-77.03117958
KSH COMPANY,Restaurant,101 CONSTITUTION AVE NW ,WASHINGTON,DC,20001,2026829128.0,38.89281977,-77.01307385
FULL YUM#2,Restaurant,4940 SOUTH DAKOTA AVE NE ,WASHINGTON,DC,20011,2026360011.0,38.94903417,-76.99275624
"ACOLYTE, INC.",Restaurant,901 E ST NW ,WASHINGTON,DC,20004,2027373480.0,38.8965616671,-77.0243148996
1331 WSH FOOD CORP.,Restaurant,1331 F ST NW ,WASHINGTON,DC,20004,2027834890.0,38.89764081,-77.03092658
SIDAMO COFFEE AND TEA INC.,Restaurant,417 H ST NE ,WASHINGTON,DC,20002,2025480081.0,38.90001464,-76.99990754
HIMALAYAN HERITAGE RESTAURANT AND BAR,Restaurant,2305 18TH ST NW ,WASHINGTON,DC,20009,2024839300.0,38.91984016,-77.0414254
FULO RESTAURANT INC,Restaurant,2301 GEORGIA AVE NW ,WASHINGTON,DC,20001,2025885046.0,38.92057871,-77.02164697
"LMW, LLC",Restaurant,1104 H ST NE ,WASHINGTON,DC,20002,2024380394.0,38.90038753,-76.99121443
HUA FU INC,Restaurant,5504 3RD ST NW ,WASHINGTON,DC,20011,2025450033.0,38.95676946,-77.01638065
KRISPY KREME DOUGHNUT CORPORATION,Restaurant,1350 CONNECTICUT AVE NW ,WASHINGTON,DC,20036,2024630414.0,38.9083725993,-77.0430929483
1213 U ST LLC,Restaurant,1213 U ST NW ,WASHINGTON,DC,20009,2026670909.0,38.91732814,-77.02876037
DEE ZEE GROUP LLC,Restaurant,1143 NEW HAMPSHIRE AVE NW ,WASHINGTON,DC,20037,Not Available,38.90476375,-77.04754902
Furr Inc,Restaurant,555 13TH ST NW ,WASHINGTON,DC,20004,Not Available,38.89699703,-77.02935404
Cosmos Club,Restaurant,2121 MASSACHUSETTS AVE NW ,WASHINGTON,DC,20008,Not Available,38.91143732,-77.04768664
Andy's Pizza V St.,Restaurant,808 V ST NW ,WASHINGTON,DC,20001,Not Available,38.91764029,-77.02333618
Culture L.L.C.,Restaurant,2002 FENWICK ST NE ,WASHINGTON,DC,20002,Not Available,38.91477359,-76.98504207
Bonkers' Chinese Burger,Restaurant,736 6TH ST NW ,WASHINGTON,DC,20001,Not Available,38.8993688,-77.02017416
Charlie Palmer Steak,Restaurant,101 CONSTITUTION AVE NW ,WASHINGTON,DC,20001-2133,Not Available,38.89281977,-77.01307385
OXYZEN O2 LOUNGE INC.,Restaurant,2839 GEORGIA AVE NW ,WASHINGTON,DC,20001,Not Available,38.92711105,-77.02269461
"Kabob and Gyro DC, Inc.",Restaurant,2132 WISCONSIN AVE NW ,WASHINGTON,DC,20007,Not Available,38.91849012,-77.07033952
All About Burger Chinatown,Restaurant,501 H ST NW ,WASHINGTON,DC,20001,Not Available,38.89999128,-77.01910533
FAMOUS FISH AND CHICKEN DC INC.,Restaurant,932 RHODE ISLAND AVE NE ,WASHINGTON,DC,20018,Not Available,38.92258041,-76.99281912
Green T Group IV LLC t/a Sala Thai,Restaurant,1901 C ST SE ,WASHINGTON,DC,20003,Not Available,38.88512824,-76.97658974
"Chaac Pizza Northeast, LLC",Restaurant,3232 PENNSYLVANIA AVE SE ,WASHINGTON,DC,20020,Not Available,38.86959496,-76.95949889
Thompson Hospitality Services,Restaurant,664 MAINE AVE SW ,WASHINGTON,DC,20024,Not Available,38.87781611,-77.02213405
"Amparo (Dupont), LLC",Restaurant,2002 P ST NW ,WASHINGTON,DC,20036,Not Available,38.90949142,-77.04521025
LIU' LLC,Restaurant,509 H ST NW ,WASHINGTON,DC,20001,Not Available,38.90002785,-77.01932864
O.H.A LLC,Restaurant,641 INDIANA AVE NW ,WASHINGTON,DC,20004,Not Available,38.89426442,-77.02156532
Eat Andy's Pizza,Restaurant,2000 PENNSYLVANIA AVE NW ,WASHINGTON,DC,20006,Not Available,38.90035538,-77.0457758
Herndon Donuts LLC,Restaurant,500 INDIANA AVE NW ,WASHINGTON,DC,20001,Not Available,38.89408489,-77.01890467
GRILL KABOB OF WASHINGTON DC INC,Restaurant,1345 F ST NW ,WASHINGTON,DC,20004,Not Available,38.89764083,-77.03127472
Sticky Fingers Sweets & Eats Inc,Restaurant,314 CARROLL ST NW ,WASHINGTON,DC,20012,Not Available,38.97488427,-77.01677753
SHAWARMA LLC,Restaurant,2000 HECHT AVE NE ,WASHINGTON,DC,20002,Not Available,38.91507618,-76.98349275
Akedo DC LLC.,Restaurant,1100 15TH ST NW ,WASHINGTON,DC,20005,Not Available,38.90402734,-77.03498658
"PARLOR RESTAURANT AND LOUNGE, LLC",Restaurant,1015 1/2 7TH ST NW ,WASHINGTON,DC,20001,Not Available,38.90350879,-77.02161216
Harvest 99 Inc DBA Izumi,Restaurant,1832 COLUMBIA RD NW ,WASHINGTON,DC,20009,Not Available,38.92176968,-77.04309182
Soupy Dumpling & Boba,Restaurant,1320 14TH ST NW ,WASHINGTON,DC,20005,Not Available,38.90796228,-77.03237086
Basic Burger Lenfant,Restaurant,490 L'ENFANT PLZ SW ,WASHINGTON,DC,20024,Not Available,38.88364831,-77.02434312
ZZZ 932 RHODE ISLAND INC,Restaurant,932 RHODE ISLAND AVE NE ,WASHINGTON,DC,20018,Not Available,38.92258041,-76.99281912
SRG Phase2 LLC,Restaurant,685 WHARF ST SW ,WASHINGTON,DC,20024,Not Available,38.87773421,-77.02314196
GF INC. T/A IL CANALE,Restaurant,1063 - 1065 31ST ST NW ,WASHINGTON,DC,20007,Not Available,38.90437301,-77.06096563
SSBV INC,Restaurant,3520 CONNECTICUT AVE NW ,WASHINGTON,DC,20008,Not Available,38.9362111,-77.05930589
SpiceX,Restaurant,429 L'ENFANT PLZ SW ,WASHINGTON,DC,20024,Not Available,38.88384037,-77.0251698
Sid Gold's Request Room,Restaurant,1262 5TH ST NE ,WASHINGTON,DC,20002,Not Available,38.907928952,-76.9988294125
"Metz Culinary Management, LLC",Restaurant,1775 MASSACHUSETTS AVE NW ,WASHINGTON,DC,20036,Not Available,38.90912465,-77.04090761
Ted's Bulletin NoMa,Restaurant,1005 1ST ST NE ,WASHINGTON,DC,20002,Not Available,38.9033099,-77.00531912
FOODIES LLC,Restaurant,3021 NAYLOR RD SE ,WASHINGTON,DC,20020,Not Available,38.85354769,-76.9652839
1424 Wisconsin BB LLC,Restaurant,1424 WISCONSIN AVE NW ,WASHINGTON,DC,20007,Not Available,38.90836218,-77.064002
Providencia,Restaurant,1321 LINDEN CT NE ,WASHINGTON,DC,20002,Not Available,38.89948049,-76.98718582
The Clayton CA DC LLC,Restaurant,405 8TH ST NW ,WASHINGTON,DC,20004,Not Available,38.89531953,-77.02270455
Billy Martin's Tavern LLC,Restaurant,1264 WISCONSIN AVE NW ,WASHINGTON,DC,20007-3238,Not Available,38.906742,-77.06321933
"Empire Jointstar, Inc. d/b/a Pret A Manger",Restaurant,1828 L ST NW ,WASHINGTON,DC,20036,Not Available,38.90351226,-77.04293991
Nero 1207 INC.,Restaurant,1207 19TH ST NW ,WASHINGTON,DC,20036,Not Available,38.90603667,-77.04319657
GEORGIETOWN RESTAURANT GROUP LLC,Restaurant,3276 M ST NW ,WASHINGTON,DC,20007,Not Available,38.9047601,-77.0651481
Miya lounge,Restaurant,2000 5TH ST NE ,WASHINGTON,DC,20002,Not Available,38.91713131,-76.9998403
"M. Frances, Inc",Restaurant,1252 4TH ST NE ,WASHINGTON,DC,20002,Not Available,38.90818108,-77.0001568
SODEXO LICENSING,Restaurant,25 MASSACHUSETTS AVE NW ,WASHINGTON,DC,20001,Not Available,38.89847585,-77.01035855
Donohoe Hospitality Services,Restaurant,400 E ST SW ,WASHINGTON,DC,20024,Not Available,38.88305908,-77.01796358
"TZSTZ Partners, LLC",Restaurant,2471 18TH ST NW ,WASHINGTON,DC,20009,Not Available,38.92228836,-77.04221964
Hornblower Cruises and Events LLC,Restaurant,580 WATER ST SW ,WASHINGTON,DC,20024,Not Available,38.8746671,-77.02138908
54 NOODLES BAR DC 4TH STREET,Restaurant,1101 4TH ST SW ,WASHINGTON,DC,20024,Not Available,38.87766061,-77.01804992
"Huntley and Brinkely, LLC",Restaurant,1475 PENNSYLVANIA AVE NW ,WASHINGTON,DC,20004,Not Available,38.89682621,-77.03281239
"SANKOFA HOSPITALITY GROUP, LLC",Restaurant,2208 14TH ST NW ,WASHINGTON,DC,20009,Not Available,38.91954489,-77.03230474
Hello Hospitality IV LLC,Restaurant,1827 JEFFERSON PL NW ,WASHINGTON,DC,20036,Not Available,38.9066270773,-77.0427786436
On the Rise,Restaurant,1005 U ST NW ,WASHINGTON,DC,20001,Not Available,38.91720745,-77.02624865
"Compass Group USA, Inc",Restaurant,2100 FOXHALL RD NW ,WASHINGTON,DC,20007,Not Available,38.91827537,-77.09014234
"Compass Group USA, Inc",Restaurant,2100 FOXHALL RD NW ,WASHINGTON,DC,20007,Not Available,38.91827537,-77.09014234
CAROLINA BAR AND GRILL,Restaurant,3931 14TH ST NW ,WASHINGTON,DC,20011,Not Available,38.93953448,-77.03239408
UNION HOSPITALITY GROUP LLC,Restaurant,501 MORSE ST NE ,WASHINGTON,DC,20002,Not Available,38.90713439,-76.99892224
P Street Restaurants LLC,Restaurant,2100 P ST NW ,WASHINGTON,DC,20037,Not Available,38.90949883,-77.04698849
Alamo Drafthouse DC LLC,Restaurant,630 RHODE ISLAND AVE NE ,WASHINGTON,DC,20002,Not Available,38.922176607,-76.99774104
R I Place Chicken LLC,Restaurant,1060 BRENTWOOD RD NE ,WASHINGTON,DC,20018,Not Available,38.92018824,-76.99377059
"CSX TRS, LLC",Restaurant,867 NEW JERSEY AVE SE ,WASHINGTON,DC,20003,Not Available,38.8802516,-77.00577679
SHOTO DC LLC.,Restaurant,1100 15TH ST NW ,WASHINGTON,DC,20005,Not Available,38.90402734,-77.03498658
"Jam Holdings, DBA Duplex Diner",Restaurant,2004 18TH ST NW ,WASHINGTON,DC,20009,Not Available,38.91721632,-77.04187843
EQUITY K LLC,Restaurant,1413 K ST NW ,WASHINGTON,DC,20005,Not Available,38.9029252,-77.03269138
Wend Baltimore South LLC,Restaurant,4250 NANNIE HELEN BURROUG AVE NE ,WASHINGTON,DC,20019,Not Available,38.90188038,-76.94163675
VIP Lounge,Restaurant,1926 9TH ST NW ,WASHINGTON,DC,20001,Not Available,38.91633834,-77.024246
MARTAYYA LLC,Restaurant,4712 WISCONSIN AVE NW ,WASHINGTON,DC,20016,Not Available,38.95147319,-77.08134734
ITALIAN BAR LLC,Restaurant,5008 CONNECTICUT AVE NW ,WASHINGTON,DC,20008,Not Available,38.95503273,-77.07020968
Flik International,Restaurant,1999 K ST NW ,WASHINGTON,DC,20006,Not Available,38.90279908,-77.04460629
Chipotle Mexican Grill of Colorado LLC,Restaurant,1001 PENNSYLVANIA AVE NW ,WASHINGTON,DC,20004,Not Available,38.89504695,-77.02650516
Jake's Tavern,Restaurant,1606 7TH ST NW ,WASHINGTON,DC,20001,Not Available,38.91143939,-77.02214667
Waldorf Astoria Washington D.C.,Restaurant,1100 PENNSYLVANIA AVE NW ,WASHINGTON,DC,20004,Not Available,38.89412373,-77.02757271
SWEET SWEET KITCHEN LLC,Restaurant,500 H ST NE ,WASHINGTON,DC,20002,Not Available,38.9003947,-76.99930727
PINSTRIPES INC,Bowling Alley,3222 M ST NW ,WASHINGTON,DC,20007,Not Available,38.90499599,-77.06374039
ECHOSTAGE,Public Hall,2135 QUEENS CHAPEL RD NE ,WASHINGTON,DC,20018,2025032330.0,38.91988842,-76.97244812
IT'S MY VENUE LLC.,Public Hall,901 WHARF ST SW ,WASHINGTON,DC,20024,2026867600.0,38.87997699,-77.02590442
D C ARENA L.P.,Public Hall,601 F ST NW ,WASHINGTON,DC,20001,2026383200.0,38.8980785153,-77.0209572291
DISTRICT BRIDGES,Special Events,2000 14TH ST NW ,WASHINGTON,DC,20009,Not Available,38.9175693,-77.03251498
UPTOWN COMMUNITY INITATIVE,Special Events,4618 14TH ST NW ,WASHINGTON,DC,20011,Not Available,38.94672795,-77.03298613
LINCOLN HOCKEY LLC,Special Events,600 F ST NW ,WASHINGTON,DC,20004,Not Available,38.89707459,-77.0201229
R I STATION LLC,Special Events,2300 WASHINGTON PLACE PL NE ,WASHINGTON,DC,20018,Not Available,38.92041755,-76.99543999
MARTIN LUTHER KING JR.  LIBRARY,Special Events,901 G ST NW ,WASHINGTON,DC,20001,Not Available,38.89869166,-77.02476625
CATHEDRAL COMMONS PARTNERS LLC,Special Events,3710 NEWARK ST NW ,WASHINGTON,DC,20016,Not Available,38.93469913,-77.07359052
DAG PETROLEUM SUPPLIERS LLC,Gasoline Dealer,2300 SOUTH DAKOTA AVE NE ,WASHINGTON,DC,20018,Not Available,38.92085556,-76.95954312
SHIRLINGTON PETROLEUM SUPPLIERS LLC.,Gasoline Dealer,1396 FLORIDA AVE NE ,WASHINGTON,DC,20002,Not Available,38.9011123,-76.98536888
ANACOSTIA REALTY LLC.,Gasoline Dealer,6350 GEORGIA AVE NW ,WASHINGTON,DC,20011,Not Available,38.96683986,-77.0278877
N & H Enterprises LLC,Gasoline Dealer,5207 NANNIE HELEN BURROUG AVE NE ,WASHINGTON,DC,20019,Not Available,38.89799019,-76.92530886
CONSOLIDATED PETROLEUM LLC,Gasoline Dealer,1231 NEW YORK AVE NE ,WASHINGTON,DC,20002,Not Available,38.9140572,-76.98858334
PMG Mid Atlantic LLC,Gasoline Dealer,3426 GEORGIA AVE NW ,WASHINGTON,DC,20010,Not Available,38.93274246,-77.02422966
"PMG MAPP, LLC",Gasoline Dealer,2450 WISCONSIN AVE NW ,WASHINGTON,DC,20007,Not Available,38.92222634,-77.0729713
"DAG PETROLEUM SUPPLIERS, LLC.",Gasoline Dealer,6419 GEORGIA AVE NW ,WASHINGTON,DC,20011,7037506810.0,38.9681158,-77.02705218
LP MAPP DOWNSTREAM MARKETING LLC,Gasoline Dealer,5831 GEORGIA AVE NW ,WASHINGTON,DC,20011,3019724116.0,38.96066898,-77.02772364
Unknown,Bed and Breakfast,725 K ST NE ,WASHINGTON,DC,20002,Not Available,38.90226313,-76.99529958
Agape House,Bed and Breakfast,3610 NEW HAMPSHIRE AVE NW ,WASHINGTON,DC,20010,Not Available,38.93446456,-77.02598765
Vana Residential Llc,Bed and Breakfast,732 PARK RD NW ,WASHINGTON,DC,20010-1580,Not Available,38.93266106,-77.02506581
LITTLE SISTERS OF THE POOR OF WASHINGTON DC INC,Boarding House,4200 HAREWOOD RD NE ,WASHINGTON,DC,20017,Not Available,38.9387039,-77.00599976
COALITION FOR THE HOMELESS INC (THE),Boarding House,455 457 FLORIDA AVE NW ,WASHINGTON,DC,20001,Not Available,38.91467276,-77.01772294
MILLBANK PARTNERS-MASS. AVE. LIMITED PARTNERSHIP,Hotel,1600 RHODE ISLAND AVE NW ,WASHINGTON,DC,20036,2023697633.0,38.90666651,-77.03697137
THE WASHINGTON MARRIOTT HOTEL,Hotel,1221 22ND ST NW ,WASHINGTON,DC,20037,2028721500.0,38.90597447,-77.04842858
"WATERGATE HOTEL LESSEE, LLC.",Hotel,2650 VIRGINIA AVE NW ,WASHINGTON,DC,20037,Not Available,38.89933514,-77.05581934
WASHINGTON HILTON HOTEL (THE),Hotel,1919 CONNECTICUT AVE NW ,WASHINGTON,DC,20009,Not Available,38.91646431,-77.04523681
"RESIDENCE INN WASHINGTON, DC DOWNTOWN",Hotel,1199 VERMONT AVE NW ,WASHINGTON,DC,20005,3012631200.0,38.90440836,-77.03228647
The Liaison Capitol Hill,Hotel,415 NEW JERSEY AVE NW ,WASHINGTON,DC,20001,Not Available,38.89538998,-77.01068375
"GLOBAL HOLDINGS MANAGEMENT GROUP (US) , INC.",Hotel,900 F ST NW ,WASHINGTON,DC,20004,Not Available,38.89706629,-77.02432625
The St. Regis Hotel,Hotel,923 16TH ST NW ,WASHINGTON,DC,20006,Not Available,38.90210459,-77.03609641
Hotel DC TRS LLC,Hotel,515 15TH ST NW ,WASHINGTON,DC,20004,Not Available,38.89695532,-77.03339079
"GPIF Madison Hotel Owner LLC t/a Madison Hotel Washington, DC",Hotel,1177 15TH ST NW ,WASHINGTON,DC,20005,Not Available,38.90537912,-77.0340972
Courtyard By Marriott Washington DC Foggy Bottom/GWU,Hotel,515 20TH ST NW ,WASHINGTON,DC,20006,Not Available,38.89651445,-77.0446879
SOUTHWEST CAPITOL ASSOCIATES LLC,Hotel,333 E ST SW ,WASHINGTON,DC,20024,2024848280.0,38.88364338,-77.0159879
MORRISON CLARK INN,Hotel,1015 L ST NW ,WASHINGTON,DC,20001,2028981200.0,38.90437208,-77.02672168
HOMEWOOD SUITES,Hotel,1475 MASSACHUSETTS AVE NW ,WASHINGTON,DC,20005,2022658000.0,38.90663288,-77.03355178
WASHINGTON CAPITAL PARTNERS,Inn And Motel,107 RHODE ISLAND AVE NW ,WASHINGTON,DC,20001,Not Available,38.91586298,-77.01255088
Global Luxury Suites,Inn And Motel,1005 1ST ST NE ,WASHINGTON,DC,20002,Not Available,38.9033099,-77.00531912
1417 Maryland Ave NE LLC,Inn And Motel,1417 MARYLAND AVE NE ,WASHINGTON,DC,20002,Not Available,38.89929199,-76.98476311
Placemakr,Inn And Motel,1324 NORTH CAPITOL ST NW ,WASHINGTON,DC,20002,Not Available,38.9080937907,-77.0094266353
AVIS RENT A CAR SYSTEM LLC,Auto Rental,50 MASSACHUSETTS AVE NE ,WASHINGTON,DC,20002,2026865149.0,38.89761945,-77.00617579
ASHKAR BROTHERS INC,Auto Wash,2327 18TH ST NE ,WASHINGTON,DC,20018,2025297562.0,38.92080466,-76.97858994
URBAN NAIL LOUNGE,Beauty Shop,911 H ST NE ,WASHINGTON,DC,20002,Not Available,38.90005052,-76.99349026
The Willard Spa,Beauty Shop,1401 PENNSYLVANIA AVE NW ,WASHINGTON,DC,20004,Not Available,38.89649258,-77.03234479
Unknown,Beauty Shop Braiding,6 ELMIRA ST SW ,WASHINGTON,DC,20032,Not Available,38.82585425,-77.00782516
Salon Quency LLC,Beauty Shop Braiding,1534 U ST NW ,WASHINGTON,DC,20009,Not Available,38.91680195,-77.03587531
Braids by Fauzia LLC,Beauty Shop Braiding,3839 PENNSYLVANIA AVE SE ,WASHINGTON,DC,20020,Not Available,38.86504195,-76.95124119
LJAS Inc. d/b/a Waxing the City,Beauty Shop Esthetics,770 PARK RD NW ,WASHINGTON,DC,20010,Not Available,38.9325902104,-77.0264870574
LJAS Inc. d/b/a Waxing the City,Beauty Shop Esthetics,506 H ST NE ,WASHINGTON,DC,20003,Not Available,38.9004293,-76.9990963
HEAD & NAILS SPA,Beauty Shop Nails,2352 WISCONSIN AVE NW ,WASHINGTON,DC,20007,Not Available,38.92110979,-77.0723779
Unknown,Beauty Shop Nails,3744 12TH ST NE ,WASHINGTON,DC,20017,Not Available,38.9358735,-76.99128976
3161 NAIL & SPA CORPORATION,Beauty Shop Nails,3161 MOUNT PLEASANT ST NW ,WASHINGTON,DC,20010,Not Available,38.93065765,-77.03786448
DC NAILS SPA LLC,Beauty Shop Nails,1715 CONNECTICUT AVE NW ,WASHINGTON,DC,20009,Not Available,38.91314459,-77.04516921
Queenies Nail Salon,Beauty Shop Nails,1926 I ST NW ,WASHINGTON,DC,20036,Not Available,38.90115477,-77.04463789
COLOR NAIL LLC,Beauty Shop Nails,1517 17TH ST NW ,WASHINGTON,DC,20036,Not Available,38.91029998,-77.03824016
"BOLD VENTURES, INC. t/a INSTYLE NAIL BAR AT THE WHARF",Beauty Shop Nails,980 MAINE AVE SW ,WASHINGTON,DC,20024,Not Available,38.88056447,-77.0257079
TENLEY NAIL SPA INC,Beauty Shop Nails,4024 BRANDYWINE ST NW ,WASHINGTON,DC,20016,Not Available,38.94953994,-77.08002274
GTOWN NAILS & SPA LLC,Beauty Shop Nails,3066 M ST NW ,WASHINGTON,DC,20007,Not Available,38.90497997,-77.06084752
MYSASSYNAILSPA,Beauty Shop Nails,6910 4TH ST NW ,WASHINGTON,DC,20012,Not Available,38.97408194,-77.01835073
LZNF VENTURES LLC,Health Spa,609 H ST NE ,WASHINGTON,DC,20002,Not Available,38.9000158,-76.9979919
Equinox 800 K Street Inc,Health Spa,800 K ST NW ,WASHINGTON,DC,20001,Not Available,38.9014767,-77.02259596
MAI Fine Wine LLC  t/a The Bottle Shop,Food Products,2216 18TH ST NW ,WASHINGTON,DC,20009,Not Available,38.91924626,-77.04186636
MHAT & DM LLC,Grocery Store,5010 NEW HAMPSHIRE AVE NW ,WASHINGTON,DC,20011,Not Available,38.95140836,-77.01229849
1107 SAFI LLC,Grocery Store,1107 BLADENSBURG RD NE ,WASHINGTON,DC,20002,Not Available,38.90395788,-76.98058256
RAMOS MARKET INC,Grocery Store,607 KENNEDY ST NW ,WASHINGTON,DC,20011,Not Available,38.95659679,-77.02131559
"U FIRST MART, Inc.",Grocery Store,1942 1ST ST NW ,WASHINGTON,DC,20001,Not Available,38.91685797,-77.01241545
"GATSBY BALLPARK, LLC.",Restaurant,1201 HALF ST SE ,WASHINGTON,DC,20003,Not Available,38.87558305,-77.00786184
Passenger II LLC.,Restaurant,1539 7TH ST NW ,WASHINGTON,DC,20001,Not Available,38.91071501,-77.02164997
Chopsmith LLC,Restaurant,1 MARKET SQ SW ,WASHINGTON,DC,20024,Not Available,38.88115122,-77.02679585
HAN PALACE WOODLEY PARK LLC,Restaurant,2649 CONNECTICUT AVE NW ,WASHINGTON,DC,20008,Not Available,38.92499371,-77.05190981
Callister Technology and Entertainment LLC,Restaurant,2153 P ST NW ,WASHINGTON,DC,20037,Not Available,38.90979924,-77.0483409
IMA Pizza Store 63 LLC.,Restaurant,4235 WISCONSIN AVE NW ,WASHINGTON,DC,20016,Not Available,38.94423661,-77.07730021
"Sampannee, Inc.",Restaurant,2122 P ST NW ,WASHINGTON,DC,20037,Not Available,38.90940299,-77.04762613
Chopsmith,Restaurant,300 M ST NE ,WASHINGTON,DC,20002,Not Available,38.90579764,-77.00160854
Le Fini Holdings LLC,Beauty Shop,1543 NEW JERSEY AVE NW ,WASHINGTON,DC,20001,Not Available,38.91087387,-77.01636953
GEORGIA BP,Gasoline Dealer,6300 GEORGIA AVE NW ,WASHINGTON,DC,20011,Not Available,38.96660358,-77.02797899
CONSOLIDATED PETROLEUM LLC,Gasoline Dealer,1231 NEW YORK AVE NE ,WASHINGTON,DC,20002,Not Available,38.9140572,-76.98858334
TEST RECORD DO NOT PROCESS,Restaurant,1600 TAYLOR ST NE ,WASHINGTON,DC,20017,Not Available,38.94098207,-76.98220189
JKM INCORPORATED,Restaurant,3720 14TH ST NW ,WASHINGTON,DC,20010,Not Available,38.9377756958,-77.0330593833
SPIN DC LLC.,Public Hall,1332 F ST NW ,WASHINGTON,DC,20002,Not Available,38.89714603,-77.03082735
Public Bar Live,Public Hall,1214 18TH ST NW ,WASHINGTON,DC,20036,Not Available,38.90627782,-77.04205751
BLACK CAT,Public Hall,1811 14TH ST NW ,WASHINGTON,DC,20009,2026674490,38.91457544,-77.03154827
GEORGE WASHINGTON UNIVERSITY (THE),Special Events,600 22ND ST NW ,WASHINGTON,DC,20052,Not Available,38.89784158,-77.04935324
ACTON ACADEMY FOUNDATION,Special Events,1521 20TH ST NW ,WASHINGTON,DC,20036,Not Available,38.910923034,-77.0446581443
DISTRICT BRIDGES NON PROFIT,Special Events,3300 CONNECTICUT AVE NW ,WASHINGTON,DC,20008,Not Available,0.0,0.0
GEORGE WASHINGTON UNIVERSITY (THE),Special Events,2121 H ST NW ,WASHINGTON,DC,20052,Not Available,38.90000598,-77.04778967
GLOVER PARK ALLIANCE,Special Events,2233 WISCONSIN AVE NW ,WASHINGTON,DC,20007,Not Available,38.91994196,-77.07073994
OCEAN CONSERVANCY,Special Events,3057 BENNING RD NE ,WASHINGTON,DC,20002,Not Available,0.0,0.0
KIDDIE UNIVERSITY H STREET LLC,Special Events,225 7TH ST SE ,WASHINGTON,DC,20003,Not Available,38.88641312,-76.99646843
POTOMAC ELECTRIC POWER COMPANY INC.,Special Events,1101 Harvard ST NW ,WASHINGTON,DC,20009,Not Available,0.0,0.0
SPRINGFIELD PETROLEUM REALTY LLC.,Gasoline Dealer,2230 NEW YORK AVE NE ,WASHINGTON,DC,20002,7037506810,38.91769118,-76.97315767
RHODE ISLAND AVE BP,Gasoline Dealer,306 RHODE ISLAND AVE NW ,WASHINGTON,DC,20001,Not Available,38.91406305,-77.01606621
5001 GEORGIA AVE VALERO,Gasoline Dealer,5001 GEORGIA AVE NW ,WASHINGTON,DC,20011,Not Available,38.95105384,-77.02690888
LANDMARK PETROLEUM SUPPLIERS LLC,Gasoline Dealer,3710 MINNESOTA AVE NE ,WASHINGTON,DC,20019,Not Available,38.8910085,-76.95269679
"LANDMARK PETROLEUM SUPPLIERS, LLC",Gasoline Dealer,1801 WEST VIRGINIA AVE NE ,WASHINGTON,DC,,7037506810,38.91044933,-76.98512507
ANACOSTIA REALTY LLC,Gasoline Dealer,7401 GEORGIA AVE NW ,WASHINGTON,DC,20011,7037506817,38.979662,-77.02592104
ANACOSTIA REALTY LLC.,Gasoline Dealer,3825 ALABAMA AVE SE ,WASHINGTON,DC,20020,Not Available,38.86559496,-76.95018661
LANDMARK PETROLEUM SUPPLIES LLC,Gasoline Dealer,5010 BENNING RD SE ,WASHINGTON,DC,20019,Not Available,38.87815847,-76.93091378
Sadr LLC,Gasoline Dealer,3426 18TH ST NE ,WASHINGTON,DC,20018,Not Available,38.9327356313,-76.9799880183
CAPITOL HILL EXXON,Gasoline Dealer,339 PENNSYLVANIA AVE SE ,WASHINGTON,DC,20003,2025474045,38.88625931,-77.00087401
DAG PETROLEUM SUPPLIERS LLC,Gasoline Dealer,3200 BLADENSBURG RD NE ,WASHINGTON,DC,20018,7037506810,38.93021843,-76.95899402
LP MAPP DOWNSTREAM MARKETING LLC,Gasoline Dealer,1400 W ST NW ,WASHINGTON,DC,20009,3019724116,38.9189876719,-77.0324806835
DAG PETROLEUM SUPPLIERS LLC.,Gasoline Dealer,6201 NEW HAMPSHIRE AVE NE ,WASHINGTON,DC,20011,2025295466,38.96522933,-77.0023996
"DAG PETROLEUM SUPPLIERS, LLC",Gasoline Dealer,2350 SOUTH DAKOTA AVE NE ,WASHINGTON,DC,20018,2025263388,38.92161602,-76.96054641
7-ELEVEN INC,Delicatessen,3029 NAYLOR RD SE ,WASHINGTON,DC,20020,Not Available,38.85337612,-76.96509262
FAMILY DELI & MARKET LLC,Delicatessen,2612 GEORGIA AVE NW ,WASHINGTON,DC,20001,Not Available,38.9246195,-77.02281906
CK Cafe 2100 LLC t/a Kings Cafe,Delicatessen,2100 MARTIN LUTHER KING J AVE SE ,WASHINGTON,DC,20020,Not Available,38.86535189,-76.98922845
CVS/PARHAMCY #1363,Food Products,2350 WASHINGTON PL NE ,WASHINGTON,DC,20018,Not Available,38.92103099,-76.99481413
J&JB CORPORATION,Food Products,2917 MARTIN LUTHER KING J AVE SE ,WASHINGTON,DC,20032,Not Available,38.8459688,-76.99728371
"WOW MARKET & DELI LLC,",Food Products,6226 GEORGIA AVE NW ,WASHINGTON,DC,20011,Not Available,38.96577115,-77.02789674
ABERU INC,Food Products,4321 NANNIE HELEN BURROUG AVE NE ,WASHINGTON,DC,20019,Not Available,38.9006574179,-76.9401848395
BENNING LIQUORS,Food Products,3445 BENNING RD NE ,WASHINGTON,DC,20019,Not Available,38.89592323,-76.95575744
HANN'S HARVARD INC,Food Products,2901 SHERMAN AVE NW ,WASHINGTON,DC,20001,Not Available,38.92698161,-77.02568531
MD NORTH LLC,Food Products,470 L'ENFANT PLZ SW ,WASHINGTON,DC,20024,Not Available,38.88413801,-77.02434075
Five Star Trading LLC DBA Brightwood Mart,Food Products,4034 GEORGIA AVE NW ,WASHINGTON,DC,20011,Not Available,38.94055466,-77.02552156
Big D Liquors,Food Products,4169 MINNESOTA AVE NE ,WASHINGTON,DC,20019,Not Available,38.90001376,-76.94459503
Capitol Tobacco & Grocery,Food Products,1426 NORTH CAPITOL ST NW ,WASHINGTON,DC,20002,Not Available,38.90941115,-77.00938553
JUDINA INC.,Food Products,626 KENNEDY ST NW ,WASHINGTON,DC,20011,Not Available,38.95620714,-77.02204175
ABC TOWING INC.,Tow Truck,2214 CHANNING ST NE ,WASHINGTON,DC,20018,2023382222,38.92271959,-76.97308093
METROPOLITAN TOWING & RECOVERY INC,Tow Truck,2307 BLADENSBURG RD NE ,WASHINGTON,DC,20018,Not Available,38.92053558,-76.96931003
Anytime Tow Inc.,Tow Truck,2307 BLADENSBURG RD NE ,WASHINGTON,DC,20018,Not Available,38.92053558,-76.96931003
YOUNGS TOWING,Tow Truck,2120 WEST VIRGINIA AVE NE ,WASHINGTON,DC,20002-1834,Not Available,38.91616788,-76.97988854
Nardos Towing & Recovery LLC,Tow Truck,1229 KENILWORTH AVE NE ,WASHINGTON,DC,20019,Not Available,38.90679486,-76.9384179
All Metro Motor LLC,Tow Truck,NE ,WASHINGTON,DC,20019,Not Available,0.0,0.0
METROPOLITAN TOWING & RECOVERY INC,Tow Truck Business,2307 BLADENSBURG RD NE ,WASHINGTON,DC,20018,Not Available,38.92053558,-76.96931003
RECOVERY 1 TOWING LLC.,Tow Truck Business,3319 8TH ST NE ,WASHINGTON,DC,20017,Not Available,38.9312213852,-76.9944505506
ADC TOWING & RECOVERY INC,Tow Truck Business,1075 KENILWORTH AVE NE ,WASHINGTON,DC,20019,Not Available,38.90396974,-76.94119787
ANT TOWING,Tow Truck Business,2209 CHANNING ST NE ,WASHINGTON,DC,20018,Not Available,38.92216535,-76.97326992
B&G TOWING RECOVERY INC,Tow Truck Business,1075 KENILWORTH AVE NE ,WASHINGTON,DC,20019,Not Available,38.90396974,-76.94119787
Alpha Towing & Recovery,Tow Truck Business,1239 KENILWORTH AVE NE ,WASHINGTON,DC,20019,Not Available,38.9068322211,-76.9376514012
T 13 Towing LLC,Tow Truck Business,1239 KENILWORTH AVE NE ,WASHINGTON,DC,20019,Not Available,38.9068322211,-76.9376514012
C & F TOWING SERVICES LLC,Tow Truck Business,1239 KENILWORTH AVE NE ,WASHINGTON,DC,20019,Not Available,38.9068322211,-76.9376514012
ABC TOWING INC.,Tow Truck Storage Lot,2214 CHANNING ST NE ,WASHINGTON,DC,20018,2023382222,38.92271959,-76.97308093
RECOVERY 1 TOWING LLC,Tow Truck Storage Lot,3319 8TH ST NE ,WASHINGTON,DC,20017,Not Available,38.9312213852,-76.9944505506
ADAM TOWING AND RECOVERY INC,Tow Truck Storage Lot,1075 KENILWORTH AVE NE ,WASHINGTON,DC,20019,Not Available,38.90396974,-76.94119787
"T13 TOWING, LLC",Tow Truck Storage Lot,1239 KENILWORTH AVE NE ,WASHINGTON,DC,20019,Not Available,38.9068322211,-76.9376514012
HYUN INC,Delicatessen,5435 MACARTHUR BLVD NW ,WASHINGTON,DC,20016,Not Available,38.92989942,-77.10644306
7-ELEVEN LICENSING,Delicatessen,3900 MARTIN LUTHER KING J AVE SW ,WASHINGTON,DC,20032,Not Available,38.8324014452,-77.0087348195
7-ELEVEN INC,Delicatessen,910 17TH ST NW ,WASHINGTON,DC,20006,Not Available,38.90188111,-77.03992307
DDS/RSA,Delicatessen,4058 MINNESOTA AVE NE ,WASHINGTON,DC,20019,Not Available,38.89697153,-76.94782803
"E & C MID-ATLANTIC VENTURES, LLC.",Delicatessen,2830 SHERMAN AVE NW ,WASHINGTON,DC,20001,Not Available,38.92659359,-77.0263514
7-ELEVEN INC,Delicatessen,5505 SOUTH DAKOTA AVE NE ,WASHINGTON,DC,20011,Not Available,0.0,0.0
NAMESI INCORPORATED,Delicatessen,1400 MARYLAND AVE NE ,WASHINGTON,DC,20002,Not Available,38.8998193304,-76.9851845804
ALABAMA CONVENIENCE,Delicatessen,2209 ALABAMA AVE SE ,WASHINGTON,DC,20020,Not Available,38.85066936,-76.97370209
WAWA INC,Delicatessen,4530 40TH ST NW ,WASHINGTON,DC,20016,Not Available,38.94908715,-77.07918367
"STANTON SUPERMARKET, LLC",Delicatessen,1453 HOWARD RD SE ,WASHINGTON,DC,20020,Not Available,38.85810463,-76.98756423
ABIDAN LLC t/a Argyle Convenience Store,Delicatessen,3220 17TH ST NW ,WASHINGTON,DC,20010,Not Available,38.93229816,-77.03921799
Union Kitchen,Delicatessen,1251 9TH ST NW ,WASHINGTON,DC,20001,Not Available,38.90707866,-77.02371977
DAKOTA CONVENIENCE INC,Delicatessen,5585 SOUTH DAKOTA AVE NE ,WASHINGTON,DC,20011,Not Available,38.95830813,-77.00085332
24 HOUR M&H INC,Food Products,1201 BLADENSBURG RD NE ,WASHINGTON,DC,20002,Not Available,38.90581881,-76.97929714
LEE AUTO REPAIRS LLC.,Food Products,3426 GEORGIA AVE NW ,WASHINGTON,DC,20010,Not Available,38.93274246,-77.02422966
SEYMOURS LIQUORS,Food Products,5579 5581 CENTRAL AVE SE ,WASHINGTON,DC,20019,Not Available,38.88558448,-76.91903875
Fair Liquors,Food Products,5008 1ST ST NW ,WASHINGTON,DC,20011,Not Available,38.95122708,-77.01233007
Noma Wine & Liquor,Food Products,22 M ST NE ,WASHINGTON,DC,20002,Not Available,38.9058811,-77.00785204
ABS Group Inc. t/a Penn Branch Liquor,Food Products,3228 PENNSYLVANIA AVE SE ,WASHINGTON,DC,20020,Not Available,38.8696358,-76.95960004
AKI & MULLER CORPORATION,Grocery Store,4133 WHEELER RD SE ,WASHINGTON,DC,20032,2025610750,38.83355613,-76.99021453
7 RIVER MART,Grocery Store,250 11TH ST NE ,WASHINGTON,DC,20002,Not Available,38.89344284,-76.99179591
TEXAS CONVENIENCE STRORE INC,Grocery Store,4350 TEXAS AVE SE ,WASHINGTON,DC,20019,Not Available,38.88336457,-76.94216847
NAI Saturn Eastern LLC.,Grocery Store,2845 ALABAMA AVE SE ,WASHINGTON,DC,20020,Not Available,38.85902477,-76.96667096
DAE AH LLC,Grocery Store,501 4TH ST SE ,WASHINGTON,DC,20003,Not Available,38.8830826,-77.00082488
COOKIE'S CORNER,Grocery Store,1970 2ND ST NW ,WASHINGTON,DC,20001,Not Available,38.91752142,-77.0147958
NAI Saturn Eastern LLC,Grocery Store,415 14TH ST SE ,WASHINGTON,DC,20003,Not Available,38.88389774,-76.98580554
ELLE YAME LLC,Grocery Store,1245 5TH ST NW ,WASHINGTON,DC,20001,Not Available,38.90710516,-77.01868191
OCEAN FRONT LIQUORS,Grocery Store,4682 4684 MARTIN LUTHER KING J AVE SW ,WASHINGTON,DC,20032,Not Available,38.82112067,-77.0106495
GAULT MARKET INC,Grocery Store,4003 GAULT PL NE ,WASHINGTON,DC,20019,Not Available,38.89890858,-76.94586316
JOHN LLC,Grocery Store,5319 EAST CAPITOL ST SE ,WASHINGTON,DC,20019,Not Available,38.88941161,-76.92530643
DK Dean Inc,Grocery Store,2200 FLAGLER PL NW ,WASHINGTON,DC,20001,Not Available,38.91930303,-77.01378914
CENTRAL SPICE INC,Grocery Store,5579 CENTRAL AVE SE ,WASHINGTON,DC,20019,Not Available,38.88558448,-76.91903875
KIF MARKET LLC.,Grocery Store,2713 MARTIN LUTHER KING J AVE SE ,WASHINGTON,DC,20032,Not Available,38.84788766,-76.99626333
HARRIS TEETER #352,Restaurant,1201 1ST ST NE ,WASHINGTON,DC,20002,Not Available,38.90593275,-77.00560766
SOUNDCHECK LLC,Restaurant,1420 K ST NW ,WASHINGTON,DC,20005,Not Available,38.90214213,-77.03281115
THAI LOVE DC LLC.,Restaurant,3433 CONNECTICUT AVE NW ,WASHINGTON,DC,20008,Not Available,38.93533119,-77.05800436
HIDE UP LLC,Restaurant,1336 U ST NW ,WASHINGTON,DC,20009,Not Available,38.91677922,-77.03104373
EABLAD LLC.,Grocery Store,6419 GEORGIA AVE NW ,WASHINGTON,DC,20012,Not Available,38.9681158,-77.02705218
JSSI-PINE LLC.,Grocery Store,1201 MOUNT OLIVET RD NE ,WASHINGTON,DC,20002,Not Available,38.90978168,-76.98481102
MEDINA INC,Grocery Store,2233 MINNESOTA AVE SE ,WASHINGTON,DC,20020,Not Available,38.87172609,-76.9737183
SMERT SUN MARKET,Grocery Store,415 RHODE ISLAND AVE NE ,WAS,DC,20002,Not Available,38.91964202,-76.99989034
NAI Saturn Eastern LLC,Grocery Store,5545 CONNECTICUT AVE NW ,WASHINGTON,DC,20015,Not Available,38.96459326,-77.07490737
EQUINOX SPORTS CLUB,Restaurant,1170 22ND ST NW ,WASHINGTON,DC,20037,Not Available,38.90482902,-77.04910351
URBAN ADVENTURES,Health Spa,1212 4TH ST SE ,WASHINGTON,DC,20003,Not Available,38.87574472,-77.00024166
Equinox 800 K Street Inc,Health Spa,800 K ST NW ,WASHINGTON,DC,20001,Not Available,38.9014767,-77.02259596
CrossFit MPH,Health Spa,2323 SHERMAN AVE NW ,WASHINGTON,DC,20001,Not Available,38.92107639,-77.02493305
Pacific District Lessee Corporation,Massage Establishment,1201 K ST NW ,WASHINGTON,DC,20005,Not Available,38.90291601,-77.02846323
SPRINKLES CUPCAKES DC LLC.,Bakery,3015 M ST NW ,WASHINGTON,DC,20007,2024501616,38.90542848,-77.05964761
NAHOM BAKERY AND GROCERY,Bakery,7714 GEORGIA AVE NW ,WASHINGTON,DC,20012,Not Available,38.98323293,-77.02681959
Big Slice LLC,Bakery,5027 CONNECTICUT AVE NW ,WASHINGTON,DC,20008,Not Available,38.95572956,-77.0698466
"BAKERY 350, LLC",Bakery,1641 R ST NW ,WASHINGTON,DC,20009,Not Available,38.91282263,-77.03817406
Bread bite bakery,Bakery,1616 14TH ST NW ,WASHINGTON,DC,20009,Not Available,38.91176888,-77.0322559
ANGELICO PIZZERIA III,Caterers,7311 GEORGIA AVE NW ,WASHINGTON,DC,20012,2022489111,38.97870509,-77.02618452
BULLARD STREET LLC,Caterers,2275 L ST NW ,WASHINGTON,DC,20037,2027302500,38.90395618,-77.04979464
HOLDER ENTERPRISES INC,Caterers,1369 NEW YORK AVE NE ,WASHINGTON,DC,20002,Not Available,38.91529142,-76.98528226
EAGLE ACADEMY PUBLIC CHARTER SCHOOL,Caterers,3400 WHEELER RD SE ,WASHINGTON,DC,20032,Not Available,38.84026907,-76.9930375
Venue Catering Inc.,Caterers,1225 19TH ST NW ,WASHINGTON,DC,20036,Not Available,38.90665307,-77.04306781
TAYLORED TASTE LLC.,Caterers,2800 10TH ST NE ,WASHINGTON,DC,20017,Not Available,38.92581574,-76.99276286
"AC Catering, LLC",Caterers,703 EDGEWOOD ST NE ,WASHINGTON,DC,20017,Not Available,38.9250448,-76.99582567
Erlis LLC,Caterers,703 EDGEWOOD ST NE ,WASHINGTON,DC,20017,Not Available,38.9250448,-76.99582567
Saath?a LLC.,Caterers,2800 10TH ST NE ,WASHINGTON,DC,20017,Not Available,38.92581574,-76.99276286
Nicole's Kitchen,Caterers,703 EDGEWOOD ST NE ,WASHINGTON,DC,20017,Not Available,38.9250448,-76.99582567
The Chosen Chef,Caterers,2800 10TH ST NE ,WASHINGTON,DC,20017,Not Available,38.92581574,-76.99276286
"Tatte Holdings, LLC",Caterers,1090 I ST NW ,WASHINGTON,DC,20001,Not Available,38.90072063,-77.02672977
Kalu Seasoning Blends Limited Liability Company,Caterers,2800 10TH ST NE ,WASHINGTON,DC,20017,Not Available,38.92581574,-76.99276286
La Marmotta LLC,Caterers,703 EDGEWOOD ST NE ,WASHINGTON,DC,20017,Not Available,38.9250448,-76.99582567
"Bee J's Cookies, LLC",Caterers,1369 NEW YORK AVE NE ,WASHINGTON,DC,20002,Not Available,38.91529142,-76.98528226
Heart and Soul Catering LLC.,Caterers,1369 NEW YORK AVE NE ,WASHINGTON,DC,20002,Not Available,38.91529142,-76.98528226
GUCKENHEIMER SERVICES INC,Caterers,1350 OKIE ST NE ,WASHINGTON,DC,20002,Not Available,38.9145031,-76.98600101
Mardi Gras Munchies,Caterers,1369 NEW YORK AVE NE ,WASHINGTON,DC,20002,Not Available,38.91529142,-76.98528226
1790 Coffee,Caterers,1625 ECKINGTON PL NE ,WASHINGTON,DC,20002,Not Available,38.91199724,-77.00399957
Chef Majed LLC,Caterers,1369 NEW YORK AVE NE ,WASHINGTON,DC,20002,Not Available,38.91529142,-76.98528226
EAT TO LIVE CATERING,Caterers,2800 10TH ST NE ,WASHINGTON,DC,20017,Not Available,38.92581574,-76.99276286
Figg's Ordinary DC LLC,Caterers,1625 ECKINGTON PL NE ,WASHINGTON,DC,20002,Not Available,38.91199724,-77.00399957
"MELAFOODS, LLC",Caterers,703 EDGEWOOD ST NE ,WASHINGTON,DC,20017,Not Available,38.9250448,-76.99582567
Sodexo,Restaurant,2001 C ST NW ,WASHINGTON,DC,20006,Not Available,0.0,0.0
C/O GRAYROBINSON ATTN: PANERA LICENSING,Restaurant,1331 4TH ST SE ,WASHINGTON,DC,20003,Not Available,38.87428995,-77.00077303
CHINATOWN MARKET,Delicatessen,521 H ST NW ,WASHINGTON,DC,20001,3018420130,38.89996887,-77.01968991
GEORGETOWN MARKET & CLEANERS,Delicatessen,201 MASSACHUSETTS AVE NE ,WASHINGTON,DC,20002,Not Available,38.89461959,-77.00288022
"LEILA FOODS, INC.",Delicatessen,1300 PENNSYLVANIA AVE NW ,WASHINGTON,DC,20004,2028420027,38.89493993,-77.03021187
CITY PLACE CAFE,Delicatessen,1101 17TH ST NW ,WASHINGTON,DC,20036,2024664665,38.9040484,-77.03812878
DANNIE OF D.C. INC.,Delicatessen,830 UPSHUR ST NW ,WASHINGTON,DC,20011,2028297100,38.94171915,-77.02461083
YOON J KIM,Delicatessen,1300 PENNSYLVANIA AVE NW ,WASHINGTON,DC,20004,5713383002,38.89493993,-77.03021187
ANA'S WHOLESALE INC,Delicatessen,1361 NEW YORK AVE NE ,WASHINGTON,DC,20002,2022691173,38.91515406,-76.98541051
KABUKI ONE INC.,Delicatessen,1300 PENNSYLVANIA AVE NW ,WASHINGTON,DC,20004,2024080399,38.89493993,-77.03021187
SING LONG CARRY-OUT,Delicatessen,5211 GEORGIA AVE NW ,WASHINGTON,DC,20011,2022915663,38.95331337,-77.0273524
CAPITOL SZECHUAN RESTAURANT,Delicatessen,5305 EAST CAPITOL ST SE ,WASHINGTON,DC,20019,2025815432,38.88932482,-76.92567468
ARAMARK ENTERTAINMENT LLC,Delicatessen,601 F ST NW ,WASHINGTON,DC,20004,2026615155,38.8980785153,-77.0209572291
ARAMARK ENTERTAINMENT LLC,Delicatessen,601 F ST NW ,WASHINGTON,DC,20004,2026615155,38.8980785153,-77.0209572291
"FRANDAN, INC.",Delicatessen,703 7TH ST NW ,WASHINGTON,DC,20001,2027834711,38.89888199,-77.02118975
SEMAN INC.,Delicatessen,4801 GEORGIA AVE NW ,WASHINGTON,DC,20011,2028826322,38.94841952,-77.02664291
MBRF INC.,Delicatessen,1335 14TH ST NW ,WASHINGTON,DC,20005,2023872216,38.90842096,-77.03147292
JULIA'S EMPANADAS,Delicatessen,6235 GEORGIA AVE NW ,WASHINGTON,DC,20011,Not Available,38.96588893,-77.02732758
KAUZIMA ANGELINAS LLC.,Delicatessen,725 FLORIDA AVE NW ,WASHINGTON,DC,20001,Not Available,38.91678995,-77.02265051
7-ELEVEN INC,Delicatessen,5505 SOUTH DAKOTA AVE NE ,WASHINGTON,DC,20011,Not Available,0.0,0.0
POINT CHAUD LLC,Delicatessen,701 7TH ST NW ,WASHINGTON,DC,20001,Not Available,38.89879175,-77.02106949
Unknown,Delicatessen,950 H ST NW ,WASHINGTON,DC,20223,Not Available,38.89938801,-77.02520226
KAJ CORPORATION,Delicatessen,1387 H ST NE ,WASHINGTON,DC,20002,Not Available,38.90000746,-76.98570285
PANDA EXPRESS #2388,Delicatessen,429 L'ENFANT PLZ SW ,WASHINGTON,DC,20024,Not Available,38.88384037,-77.0251698
AHOLD USA LICENSING DEPARTMENT,Delicatessen,3336 WISCONSIN AVE NW ,WASHINGTON,DC,20016,Not Available,38.93434403,-77.07299685
Unknown,Delicatessen,904 PALMER ALY NW ,WASHINGTON,DC,20001,Not Available,38.90027771,-77.02428596
GOLD COAST CAFE & MART,Delicatessen,5501 COLORADO AVE NW ,WASHINGTON,DC,20011,Not Available,38.95635765,-77.03284672
CHIPOTLE MEXICAN GRILL INC,Delicatessen,40 MASSACHUSETTS AVE NE ,WASHINGTON,DC,20002,Not Available,38.89761163,-77.00715347
"LA COLOMBE HOLDINGS, INC",Delicatessen,1140 3RD ST NE ,WASHINGTON,DC,20002,Not Available,38.9048958255,-77.002246999
RALS KC DC LLC,Delicatessen,1809 E ST NW ,WASHINGTON,DC,20405,7034355222,38.89618635,-77.04233238
SHAKESPEARE THEATRE (THE),Delicatessen,450 7TH ST NW ,WASHINGTON,DC,20004,2025473230,38.89580032,-77.02217894
NEWTON FOODMART,Delicatessen,3600 12TH ST NE ,WASHINGTON,DC,20017,7038457518,38.93369574,-76.99123628
PEET'S COFFEE,Delicatessen,1275 1ST ST NE ,WASHINGTON,DC,20002,Not Available,38.90682675,-77.00546489
SEYLOU LLC,Delicatessen,926 N ST NW ,WASHINGTON,DC,20001,Not Available,38.90708524,-77.02512854
NUMBER 1 SONS LLC.,Delicatessen,2034 WEST VIRGINIA AVE NE ,WASHINGTON,DC,20002,Not Available,38.91408461,-76.98231722
JIN INC,Delicatessen,3943 MINNESOTA AVE NE ,WASHINGTON,DC,20019,Not Available,38.89484834,-76.94910901
"SOUP UP, LLC.",Delicatessen,709 KENNEDY ST NW ,WASHINGTON,DC,20011,Not Available,38.95653003,-77.02275566
WALGREEN CO,Delicatessen,801 7TH ST SW ,WASHINGTON,DC,20024,Not Available,38.87990744,-77.02293879
TENART LLC,Delicatessen,7605 GEORGIA AVE NW ,WASHINGTON,DC,20012,Not Available,38.98222779,-77.02612845
MPV INC.,Delicatessen,1629 COLUMBIA RD NW ,WASHINGTON,DC,20009,Not Available,38.92610461,-77.03784927
"HARVEY'S MARKET OF MD, LLC",Delicatessen,1309 5TH ST NE ,WASHINGTON,DC,20002,Not Available,38.90871669,-76.99765027
KEN MART INC.,Delicatessen,1507 KENILWORTH AVE NE ,WASHINGTON,DC,20019,Not Available,38.90975448,-76.93573998
LEVY @ DC UNITED - MARKET PLACE AND COMMISSARY,Delicatessen,100 POTOMAC AVE SW ,WASHINGTON,DC,20024,Not Available,38.86906896,-77.01238121
LEVY @ DC UNITED - UPPER BAR (HEINEKEN CLUB),Delicatessen,100 POTOMAC AVE SW ,WASHINGTON,DC,20024,Not Available,38.86906896,-77.01238121
Team Washington Inc.,Delicatessen,2330 WISCONSIN AVE NW ,WASHINGTON,DC,20007,Not Available,38.92073331,-77.07208496
Sunshine One Inc.,Delicatessen,4616 14TH ST NW ,WASHINGTON,DC,20011,Not Available,38.94667002,-77.03299752
PIZZA MOVERS AND CALZONES,Delicatessen,1618 WISCONSIN AVE NW ,WASHINGTON,DC,20007,Not Available,38.91131981,-77.06560676
WAWA INC,Delicatessen,4530 40TH ST NW ,WASHINGTON,DC,20016,Not Available,38.94908715,-77.07918367
DDS/RSA-RANDOLPH-SHEPARD VENDING FACILITY PROGRAM,Delicatessen,600 19TH ST NW ,WASHINGTON,DC,20431,Not Available,38.89786081,-77.04384017
ARAMARK SPORTS AND ENTERTAINMENT SERVICES LLC,Delicatessen,801 MOUNT VERNON PL NW ,WASHINGTON,DC,20001,Not Available,38.90358717,-77.02310078
"STANTON SUPERMARKET, LLC",Delicatessen,1453 HOWARD RD SE ,WASHINGTON,DC,20020,Not Available,38.85810463,-76.98756423
Scheele's Market,Delicatessen,1331 29TH ST NW ,WASHINGTON,DC,20007,Not Available,38.9077810469,-77.0580225398
MAYBUSHI INC. PROFESSIONAL CORPORATION,Delicatessen,2010 P ST NW ,WASHINGTON,DC,20036,Not Available,38.90942855,-77.04540945
COMPASS GROUP USA INC,Delicatessen,4400 MASSACHUSETTS AVE NW ,WASHINGTON,DC,20016,Not Available,38.93908176,-77.08841482
Team Washington Inc,Delicatessen,6239 GEORGIA AVE NW ,WASHINGTON,DC,20011,Not Available,38.96597151,-77.02731838
URBAN ROAST,Delicatessen,916 G ST NW ,WASHINGTON,DC,20001,Not Available,38.89805135,-77.02488385
Compass Coffee,Delicatessen,1921 8TH ST NW ,WASHINGTON,DC,20001,Not Available,38.91624111,-77.02261009
Michele's Eaton LLC.,Delicatessen,1201 K ST NW ,WASHINGTON,DC,20005,Not Available,38.90291601,-77.02846323
DC Lobster Co LLC,Delicatessen,2000 PENNSYLVANIA AVE NW ,WASHINGTON,DC,20006,Not Available,38.90035538,-77.0457758
Bethesda Bagels Navy Yard,Delicatessen,120 M ST SE ,WASHINGTON,DC,20003,Not Available,38.87669431,-77.00483784
Aishwarya DC Ventures LLC dba Papa John's 837,Delicatessen,4656 WISCONSIN AVE NW ,WASHINGTON,DC,20016,Not Available,38.95085649,-77.08108338
DH True Burger,Delicatessen,2121 H ST NW ,WASHINGTON,DC,20052,Not Available,38.90000598,-77.04778967
COMPASS COFFEE LLC,Delicatessen,1401 I ST NW ,WASHINGTON,DC,20005,Not Available,38.9016666,-77.03242173
ABIDAN LLC t/a Argyle Convenience Store,Delicatessen,3220 17TH ST NW ,WASHINGTON,DC,20010,Not Available,38.93229816,-77.03921799
G & K DC LLC,Delicatessen,670 RHODE ISLAND AVE NE ,WASHINGTON,DC,20002,Not Available,38.92210939,-76.99691248
iron skillet llc,Delicatessen,2010 P ST NW ,WASHINGTON,DC,20036,Not Available,38.90942855,-77.04540945
The Pour Group DBA Serenata DBA Zumo,Delicatessen,1280 4TH ST NE ,WASHINGTON,DC,20002,Not Available,38.90885456,-76.99959174
Lulus Cafe Limited Liability Company,Delicatessen,1922 I ST NW ,WASHINGTON,DC,20006,Not Available,38.90115689,-77.04450635
Chinese Street Pantry,Delicatessen,1309 5TH ST NE ,WASHINGTON,DC,20002,Not Available,38.90871669,-76.99765027
Shopkeepers,Delicatessen,1231 FLORIDA AVE NE ,WASHINGTON,DC,20002,Not Available,38.90191035,-76.98859439
RK CHOCOLATES LLC,Delicatessen,3211 O ST NW ,WASHINGTON,DC,20007,Not Available,38.90797323,-77.06411534
"7-ELEVEN, INC.",Delicatessen,5210 3RD ST NE ,WASHINGTON,DC,20011,Not Available,38.9529270681,-77.0014570919
"Aishwarya DC Ventures LLC dba Papa John's Pizza, 3539",Delicatessen,924 5TH ST NW ,WASHINGTON,DC,20001,Not Available,38.90207156,-77.01921218
MACKAT LOGISTICS LLC,Delicatessen,1110 CONGRESS ST NE ,WASHINGTON,DC,20002,Not Available,38.90418575,-77.00295658
Q Coffee 555 LLC,Delicatessen,555 PENNSYLVANIA AVE NW ,WASHINGTON,DC,20001,Not Available,38.8931248,-77.01935005
Zoo Foods LLC,Delicatessen,3001 CONNECTICUT AVE NW ,WASHINGTON,DC,20008,Not Available,38.93060711,-77.05437784
CLICK FOOD LLC,Delicatessen,2000 5TH ST NE ,WASHINGTON,DC,20002,Not Available,38.91713131,-76.9998403
"Compass Group USA, Inc.",Delicatessen,800 21ST ST NW ,WASHINGTON,DC,20052,Not Available,38.89989467,-77.0471982
"Supreme Thai bistro, Inc.",Delicatessen,2000 5TH ST NE ,WASHINGTON,DC,20002,Not Available,38.91713131,-76.9998403
SHARKS DMV Inc. t/a Dolphin Fish & Chicken,Delicatessen,333 HAWAII AVE NE ,WASHINGTON,DC,20011,Not Available,38.94117064,-77.00081644
Union Kitchen,Delicatessen,1251 9TH ST NW ,WASHINGTON,DC,20001,Not Available,38.90707866,-77.02371977
Fri Chicks,Delicatessen,2427 MINNESOTA AVE SE ,WASHINGTON,DC,20020,Not Available,38.87303098,-76.97115515
SOLID STATE BOOKS,Delicatessen,600 H ST NE ,WASHINGTON,DC,20002,Not Available,38.90040398,-76.99738735
Blank Street Inc,Delicatessen,2121 M ST NW ,WASHINGTON,DC,20037,Not Available,38.90552306,-77.0481563
Pret A Manger,Delicatessen,50 MASSACHUSETTS AVE NE ,WASHINGTON,DC,20002,Not Available,38.89761945,-77.00617579
Unknown,Barber Shop,227 UPSHUR ST NW ,WASHINGTON,DC,20011,2027229875,38.94236217,-77.01500836
LEWIS BARBER SHOP,Barber Shop,5503 COLORADO AVE NW ,WASHINGTON,DC,20011,2027222992,38.95639901,-77.03279124
MONTELLO BARBER SHOP,Barber Shop,1603 MONTELLO AVE NE ,WASHINGTON,DC,20002,Not Available,38.90713699,-76.98685032
Unknown,Barber Shop,4803 GEORGIA AVE NW ,WASHINGTON,DC,20011,Not Available,38.94848419,-77.02669104
"Districtfadez Barbershop, LLC",Barber Shop,125 L ST SE ,WASHINGTON,DC,20003,Not Available,38.87735252,-77.00510468
Scissors and Scotch NoMa LLC,Barber Shop,331 N ST NE ,WASHINGTON,DC,20002,Not Available,38.90708028,-77.00101412
"TH DC, LLC",Barber Shop,1155 F ST NW ,WASHINGTON,DC,20004,Not Available,38.89757461,-77.02763444
Argosy Barber and Vintage,Barber Shop,1510 U ST NW ,WASHINGTON,DC,20009,Not Available,38.91679524,-77.03513664
Unknown,Beauty Shop,3618 12TH ST NE ,WASHINGTON,DC,20017,2025262600,38.93409878,-76.99134465
O SALON INC,Beauty Shop,3212 O ST NW ,WASHINGTON,DC,20007,Not Available,38.9075918,-77.06403117
Unknown,Beauty Shop,3602 14TH ST NW ,WASHINGTON,DC,20010,Not Available,38.93646939,-77.03300503
GOLDEN SCISSORS III,Beauty Shop,3062 MOUNT PLEASANT ST NW ,WASHINGTON,DC,20009,Not Available,38.92840661,-77.03745445
GUVEN SALON & SPA INC,Beauty Shop,2315 WISCONSIN AVE NW ,WASHINGTON,DC,20007,Not Available,38.92074265,-77.07153664
The Burrow,Beauty Shop,1907 9TH ST NW ,WASHINGTON,DC,20001,Not Available,38.91598424,-77.02371639
Bromley  Inc.,Beauty Shop,1637 WISCONSIN AVE NW ,WASHINGTON,DC,20007,Not Available,38.91140994,-77.06519879
"INNOVATIVE SPA MANAGEMENT, LLC",Beauty Shop,801 WHARF ST SW ,WASHINGTON,DC,20024,Not Available,38.87941163,-77.02504722
Hai Huynh Enterprises LLC,Beauty Shop,1010 MASSACHUSETTS AVE NW ,WASHINGTON,DC,20001,Not Available,38.90335336,-77.02669628
PARIS NAILS & SPA,Beauty Shop,407 8TH ST SE ,WASHINGTON,DC,20003,Not Available,38.88343158,-76.9952508
PENDRY WASHINGTON DC - THE WHARF,Beauty Shop,655 WATER ST SW ,WASHINGTON,DC,20024,Not Available,38.87749027,-77.02219157
David Rios Salon & Spa,Beauty Shop,1519 WISCONSIN AVE NW ,WASHINGTON,DC,20007,Not Available,38.9098143842,-77.0642699919
Unknown,Beauty Shop,1607 CONNECTICUT AVE NW ,WASHINGTON,DC,20009,Not Available,38.91154526,-77.04418964
Sunrise African Braids LLC,Beauty Shop,124 KENNEDY ST NW ,WASHINGTON,DC,20011,Not Available,38.95640129,-77.01274804
REYES AND VENTURA LLC,Beauty Shop,1460 PARK RD NW ,WASHINGTON,DC,20010,Not Available,38.93076226,-77.03460584
Salon Sielo,Beauty Shop,1728 CONNECTICUT AVE NW ,WASHINGTON,DC,20009,Not Available,38.91352287,-77.04604553
N&T NAILS LLC,Beauty Shop,1567 MARYLAND AVE NE ,WASHINGTON,DC,20002,Not Available,38.90066899,-76.98038586
Studio Chique - Luxury Salon & Wellness Spa,Beauty Shop,2308 RHODE ISLAND AVE NE ,WASHINGTON,DC,20018,Not Available,38.93080178,-76.97319725
Noble convenience LLC,Grocery Store,1305 H ST NE ,WASHINGTON,DC,20002,Not Available,38.90001027,-76.98798347
DAMOTE INC.,Grocery Store,5421 GEORGIA AVE NW ,WASHINGTON,DC,20011,Not Available,38.95581712,-77.02774702
WENDIM VENI INC,Grocery Store,725 8TH ST SE ,WASHINGTON,DC,20003,Not Available,38.88038704,-76.99531416
WHOLE FOODS MARKET,Restaurant,2201 I ST NW ,WASHINGTON,DC,20037,Not Available,38.90091112,-77.04906762
PRET A MANGER USA LIMITED,Delicatessen,1800 M ST NW ,WASHINGTON,DC,20036,Not Available,38.90533023,-77.04223738
STREETS MARKET,Delicatessen,3427 CONNECTICUT AVE NW ,WASHINGTON,DC,20008,Not Available,38.93523531,-77.05788456
JUNG&JUNG ONE INC,Delicatessen,5439 MACARTHUR BLVD NW ,WASHINGTON,DC,20016,Not Available,38.92995694,-77.10649077
Patwa LLC,Delicatessen,2000 5TH ST NE ,WASHINGTON,DC,20002,Not Available,38.91713131,-76.9998403
"DUCHARME, MCMILLEN & ASSOC",Food Products,50 MASSACHUSETTS AVE NE ,WASHINGTON,DC,20002,Not Available,38.89761945,-77.00617579
Dixie Inc,Food Products,3429 M ST NW ,WASHINGTON,DC,20007,Not Available,38.90521384,-77.06877393
Westchester Market,Food Products,4000 CATHEDRAL AVE NW ,WASHINGTON,DC,20016,Not Available,38.9284286,-77.07981487
Barnes & Noble College Booksellers LLC,Food Products,3800 RESERVOIR RD NW ,WASHINGTON,DC,20007,Not Available,38.91201376,-77.07530401
Old Blue BBQ LLC,Delicatessen,1309 5TH ST NE ,WASHINGTON,DC,20002,Not Available,38.90871669,-76.99765027
ZEMEN LLC.,Delicatessen,2401 MARTIN LUTHER KING J AVE SE ,WASHINGTON,DC,20020,Not Available,38.86291435,-76.99255735
BAC 10,Delicatessen,2318 RHODE ISLAND AVE NE ,WASHINGTON,DC,20018-2829,Not Available,38.9309498,-76.9728309
Casa Chancleta,Delicatessen,6120 KANSAS AVE NW ,WASHINGTON,DC,20011,Not Available,38.96440633,-77.00963128
Shemalis Inc,Delicatessen,4483 CONNECTICUT AVE NW ,WASHINGTON,DC,20008,Not Available,38.94769433,-77.06522009
WAL-MART CORPORATE OFFICES,Grocery Store,5929 GEORGIA AVE NW ,WASHINGTON,DC,20011,Not Available,38.96194197,-77.02731441
ARIF L.L.C.,Grocery Store,2606 GEORGIA AVE NW ,WASHINGTON,DC,20001,Not Available,38.92443196,-77.02278913
Safeway,Grocery Store,322 40TH ST NE ,WASHINGTON,DC,20003,Not Available,38.89313233,-76.94745494
WENDIM LIQUORS INC,Grocery Store,2033 BENNING RD NE ,WASHINGTON,DC,20002,Not Available,38.89830169,-76.97437494
JOHN LLC,Grocery Store,5319 EAST CAPITOL ST SE ,WASHINGTON,DC,20019,Not Available,38.88941161,-76.92530643
ZARE LLC,Grocery Store,3715 GEORGIA AVE NW ,WASHINGTON,DC,20010,Not Available,38.93722563,-77.02421492
TAMZEE INCORPORATED,Grocery Store,2033 BENNING RD NE ,WASHINGTON,DC,20002,Not Available,38.89830169,-76.97437494
Velocity Ventures LLC,Grocery Store,644 ROCK CREEK CHURCH RD NW ,WASHINGTON,DC,20010,Not Available,0.0,0.0
Jam Doung Style LLC,Restaurant,1724 NORTH CAPITOL ST NW ,WASHINGTON,DC,20002,Not Available,38.91346905,-77.00937753
Glover Park Grill,Restaurant,2505 WISCONSIN AVE NW ,WASHINGTON,DC,20007,Not Available,38.92333624,-77.07274526
District Petroleum,Gasoline Dealer,5030 CONNECTICUT AVE NW ,WASHINGTON,DC,20008,Not Available,38.95532133,-77.07060234
MANSION ON O,Bed and Breakfast,2018 2020 O ST NW ,WASHINGTON,DC,20036,Not Available,38.90838906,-77.04577519
"EMBASSY CONTRACTING, LLC",Bed and Breakfast,2821 29TH PL NW ,WASHINGTON,DC,20008,Not Available,38.92476972,-77.05807131
Cardozo Guest House,Bed and Breakfast,1323 T ST NW ,WASHINGTON,DC,20009-4438,Not Available,38.91576148,-77.0305394
Fifth Street Development LLC,Bed and Breakfast,738 5TH ST NE ,WASHINGTON,DC,20002,Not Available,38.89997167,-76.99973773
SEVENTEEN STREET LLC,Bed and Breakfast,4408 GEORGIA AVE NW ,WASHINGTON,DC,20011,Not Available,38.9444879,-77.02643588
3501 GEORGIA AVE LLC,Bed and Breakfast,3501 GEORGIA AVE NW ,WASHINGTON,DC,20010-1707,Not Available,38.93300257,-77.02358999
Hilltop Ventures,Bed and Breakfast,1301 TRINIDAD AVE NE ,WASHINGTON,DC,20002,Not Available,38.90340823,-76.98584708
3029 Clinton St LLC,Bed and Breakfast,3029 CLINTON ST NE ,WASHINGTON,DC,20018,Not Available,38.93059967,-76.96453398
1432 Penn Holdings LLC,Bed and Breakfast,1432 PENNSYLVANIA AVE SE ,WASHINGTON,DC,20003,Not Available,38.88009902,-76.98412411
18ST NE LLC,Bed and Breakfast,417 18TH NE ,WASHINGTON,DC,20002,Not Available,38.8952911823,-76.9787376517
COALITION FOR THE HOMELESS INC,Boarding House,87 NEW YORK AVE NW ,WASHINGTON,DC,20001,Not Available,38.90659409,-77.01196645
"JUBILEE HOUSING, INC.",Boarding House,2720 ONTARIO RD NW ,WASHINGTON,DC,20009,Not Available,38.92481301,-77.04095605
JUBILEE HOUSING INC.,Boarding House,2448 18TH ST NW ,WASHINGTON,DC,20009,Not Available,38.92188975,-77.04269635
MARSHALL HEIGHTS COMMUNITY DEVELOPMENT ORGANIZATION INC.,Boarding House,4425 NANNIE HELEN BURROUG AVE NE ,WASHINGTON,DC,20019,2023977886,38.89993232,-76.93808397
HST LESSEE CMBS LLC,Hotel,2350 M ST NW ,WASHINGTON,DC,20037,2407441000,38.90497203,-77.05109467
WESTMONT HOSPITALITY,Hotel,824 NEW HAMPSHIRE AVE NW ,WASHINGTON,DC,20037,Not Available,38.90022554,-77.05267848
BSREP II DUPONT CIRCLE TRS LLC D.B.A. MERCY ME RESTAURANT,Hotel,1143 NEW HAMPSHIRE AVE NW ,WASHINGTON,DC,20037,Not Available,38.90476375,-77.04754902
Residence Inn by Marriott Washington Capitol Hill Navy Yard,Hotel,1233 1ST ST SE ,WASHINGTON,DC,20003,Not Available,38.87592223,-77.00620273
HIGHROAD HOTEL,Hotel,1804 BELMONT RD NW ,WASHINGTON,DC,20009,Not Available,38.92040665,-77.04228921
SONO NORMANDY DC LLC,Hotel,2118 WYOMING AVE NW ,WASHINGTON,DC,20008,Not Available,38.91729028,-77.04753569
FEDERAL CENTER HOTEL ASSOC LLC,Hotel,550 C ST SW ,WASHINGTON,DC,20024,2024794000,38.88563338,-77.01962648
Korman Communities,Inn And Motel,1710 H ST NW ,WASHINGTON,DC,20006,Not Available,38.899935,-77.04036501
Placemakr,Inn And Motel,816 POTOMAC AVE SE ,WASHINGTON,DC,20003,Not Available,38.87710089,-76.9942857
U-HAUL CO. OF DISTRICT OF COLUMBIA,Auto Rental,26 K ST NE ,WASHINGTON,DC,20002,6022636745,38.90294053,-77.00738088
GEORGIA BP,Gasoline Dealer,6300 GEORGIA AVE NW ,WASHINGTON,DC,20011,Not Available,38.96660358,-77.02797899
Flagship Carwash,Auto Wash,5020 WISCONSIN AVE NW ,WASHINGTON,DC,20016,Not Available,38.95522297,-77.083405
7-ELEVEN 38027 A,Delicatessen,3433 CONNECTICUT AVE NW ,WASHINGTON,DC,20008,Not Available,38.93533119,-77.05800436
EZRA S INC,Delicatessen,6221 DIX ST NE ,WASHINGTON,DC,20019,Not Available,38.89414638,-76.91135603
Z BURGER 4975,Delicatessen,4975 SOUTH DAKOTA AVE NE ,WASHINGTON,DC,20017,Not Available,38.95002877,-76.99263627
Insomnia Cookies,Delicatessen,3204 O ST NW ,WASHINGTON,DC,20007,Not Available,38.90770685,-77.06379608
Tahmina Hospitality Group LLC,Delicatessen,3502 12TH ST NE ,WASHINGTON,DC,20017,Not Available,38.9327316994,-76.9912137911
WALGREENS CO #19268,Food Products,1401 RHODE ISLAND AVE NE ,WASHINGTON,DC,20018,2027225252,38.92491183,-76.98370221
LEE YYD Inc. t/a Fairfax Liquors,Food Products,3851 PENNSYLVANIA AVE SE ,WASHINGTON,DC,20020,Not Available,38.86489055,-76.95088168
Logan  Hardware,Food Products,1734 14TH ST NW ,WASHINGTON,DC,20009,Not Available,38.9137171923,-77.0323893838
WAL-MART CORPORATE OFFICES,Grocery Store,5929 GEORGIA AVE NW ,WASHINGTON,DC,20011,Not Available,38.96194197,-77.02731441
DC FOOD MARKET,Grocery Store,2200 16TH ST SE ,WASHINGTON,DC,20020,Not Available,38.86345927,-76.98244902
RAYAN INC,Grocery Store,3459 14TH ST NW ,WASHINGTON,DC,20010,Not Available,38.93372653,-77.0324197
Heights Liquor,Grocery Store,547 42ND ST NE ,WASHINGTON,DC,20019,Not Available,38.897369916,-76.942354471
NG TG INC,Grocery Store,2001 BENNING RD NE ,WASHINGTON,DC,20002,Not Available,38.89845561,-76.97538611
TOP MART INC,Grocery Store,3109 MARTIN LUTHER KING J AVE SE ,WASHINGTON,DC,20032,Not Available,38.84367231,-76.99958347
SHISHI US LLC,Grocery Store,3653 GEORGIA AVE NW ,WASHINGTON,DC,20010,Not Available,38.93599397,-77.02398083
DEMISSIE 1 INCORPORATED,Grocery Store,3659 GEORGIA AVE NW ,WASHINGTON,DC,20010,Not Available,38.93611423,-77.02400728
Renaissance Hotel Operating Company,Restaurant,1127 CONNECTICUT AVE NW ,WASHINGTON,DC,20036,Not Available,38.90444225,-77.03946658
Bespoke 1337 LLC,Restaurant,1337 H ST NE ,WASHINGTON,DC,20002,Not Available,38.89996798,-76.98699159
La Tia Pepa,Restaurant,801 18TH ST NW ,WASHINGTON,DC,20006,Not Available,38.90051211,-77.04146248
"P.F. Chang's China Bistro, Inc",Restaurant,1120 20TH ST NW ,WASHINGTON,DC,20036,Not Available,38.9045846,-77.04538146
Colada Shop,Restaurant,1900 N ST NW ,WASHINGTON,DC,20036,Not Available,38.90706443,-77.0439881
"Chaac Pizza Northeast, LLC",Restaurant,3232 PENNSYLVANIA AVE SE ,WASHINGTON,DC,20020,Not Available,38.86959496,-76.95949889
"TZSTZ Partners, LLC",Restaurant,2471 18TH ST NW ,WASHINGTON,DC,20009,Not Available,38.92228836,-77.04221964
Tm Washington LLC,Restaurant,2330 WISCONSIN AVE NW ,WASHINGTON,DC,20007,Not Available,38.92073331,-77.07208496
ART OF LASH CORPORATION,Beauty Booth,1522 U ST NW ,WASHINGTON,DC,20009,Not Available,38.91676531,-77.03550734
District Petroleum,Gasoline Dealer,5030 CONNECTICUT AVE NW ,WASHINGTON,DC,20008,Not Available,38.95532133,-77.07060234
The Liaison Capitol Hill,Hotel,415 NEW JERSEY AVE NW ,WASHINGTON,DC,20001,Not Available,38.89538998,-77.01068375
Birchington LLC,Hotel,317 K ST NW ,WASHINGTON,DC,20001,Not Available,38.90276686,-77.01599103
7-ELEVEN 38027 A,Delicatessen,3433 CONNECTICUT AVE NW ,WASHINGTON,DC,20008,Not Available,38.93533119,-77.05800436
YEUNG FONG INC,Delicatessen,1701 NORTH CAPITOL ST NE ,WASHINGTON,DC,20002,Not Available,38.91274546,-77.00873555
"ABI, INC.",Delicatessen,1925 BLADENSBURG RD NE ,WASHINGTON,DC,20002,Not Available,38.91696523,-76.97221679
STREETS MARKET,Delicatessen,3427 CONNECTICUT AVE NW ,WASHINGTON,DC,20008,Not Available,38.93523531,-77.05788456
Scheele's Market,Delicatessen,1331 29TH ST NW ,WASHINGTON,DC,20007,Not Available,38.9077810469,-77.0580225398
EZRA S INC,Delicatessen,6221 DIX ST NE ,WASHINGTON,DC,20019,Not Available,38.89414638,-76.91135603
Mac Market & Deli,Delicatessen,5185 MACARTHUR BLVD NW ,WASHINGTON,DC,20016,Not Available,38.92673614,-77.10272948
WALGREENS CO #19268,Food Products,1401 RHODE ISLAND AVE NE ,WASHINGTON,DC,20018,2027225252,38.92491183,-76.98370221
Embassy Row Shell,Food Products,2200 P ST NW ,WASHINGTON,DC,20037,Not Available,38.90930705,-77.04915963
LEE YYD Inc. t/a Fairfax Liquors,Food Products,3851 PENNSYLVANIA AVE SE ,WASHINGTON,DC,20020,Not Available,38.86489055,-76.95088168
Five Star Trading LLC DBA Brightwood Mart,Food Products,4034 GEORGIA AVE NW ,WASHINGTON,DC,20011,Not Available,38.94055466,-77.02552156
H Street Liquors,Food Products,1431 H ST NE ,WASHINGTON,DC,20002,Not Available,38.90004648,-76.98439946
GW Peachtree LLC t/a McReynold's Liquors,Food Products,1776 G ST NW ,WASHINGTON,DC,20006,Not Available,38.89809879,-77.04117576
Universal Wine and Liquors L.L.C.,Food Products,2018 FLORIDA AVE NW ,WASHINGTON,DC,20009,Not Available,38.91454281,-77.04553942
Reach for the sky inc dba Georgetown smoke Shop,Food Products,1015 31ST ST NW ,WASHINGTON,DC,20007,Not Available,38.9031211,-77.06082922
CONNECTICUT AVENUE WINE & LIQUORS INC,Food Products,1529 CONNECTICUT AVE NW ,WASHINGTON,DC,20036,Not Available,38.91097991,-77.04392238
Rosebud Liquor Inc. dba Rosebud Liquor,Food Products,1700 17TH ST NW ,WASHINGTON,DC,20009,Not Available,38.91284512,-77.03882311
WAL-MART CORPORATE OFFICES,Grocery Store,5929 GEORGIA AVE NW ,WASHINGTON,DC,20011,Not Available,38.96194197,-77.02731441
JSSI-PINE LLC.,Grocery Store,1201 MOUNT OLIVET RD NE ,WASHINGTON,DC,20002,Not Available,38.90978168,-76.98481102
NAI Saturn Eastern LLC,Grocery Store,3830 GEORGIA AVE NW ,WASHINGTON,DC,20011,Not Available,38.93844891,-77.02485654
DC FOOD MARKET,Grocery Store,2200 16TH ST SE ,WASHINGTON,DC,20020,Not Available,38.86345927,-76.98244902
RAYAN INC,Grocery Store,3459 14TH ST NW ,WASHINGTON,DC,20010,Not Available,38.93372653,-77.0324197
YK FLAGLER INC.,Grocery Store,2200 FLAGLER PL NW ,WASHINGTON,DC,20001,Not Available,38.91930303,-77.01378914
1107 SAFI LLC,Grocery Store,1107 BLADENSBURG RD NE ,WASHINGTON,DC,20002,Not Available,38.90395788,-76.98058256
Heights Liquor,Grocery Store,547 42ND ST NE ,WASHINGTON,DC,20019,Not Available,38.897369916,-76.942354471
SHISHI US LLC,Grocery Store,3653 GEORGIA AVE NW ,WASHINGTON,DC,20010,Not Available,38.93599397,-77.02398083
Eleven zero seven 3,Grocery Store,207 NEW YORK AVE NW ,WASHINGTON,DC,20001,Not Available,38.90588304,-77.0140267
BETU LLC  t/a T Street Market,Grocery Store,321 T ST NE ,WASHINGTON,DC,20002,Not Available,38.91530216,-77.00099498
DEMISSIE 1 INCORPORATED,Grocery Store,3659 GEORGIA AVE NW ,WASHINGTON,DC,20010,Not Available,38.93611423,-77.02400728
TAMZEE INCORPORATED,Grocery Store,2033 BENNING RD NE ,WASHINGTON,DC,20002,Not Available,38.89830169,-76.97437494
GLO-LALIBELA ETHIOPIAN RESTAURANT & LOUNGE,Restaurant,1608 7TH ST NW ,WASHINGTON,DC,20001,Not Available,38.9114955,-77.02219835
BMSS LLC,Restaurant,3630 GEORGIA AVE NW ,WASHINGTON,DC,20010,Not Available,38.9349177871,-77.0243637349
TS RESTAURANT GROUP LLC.,Restaurant,2429 18TH ST NW ,WASHINGTON,DC,20009,Not Available,38.92128604,-77.04187874
LIFFS MARKET L.L.C.,Delicatessen,600 ALABAMA AVE SE ,WASHINGTON,DC,20032,2026693174,38.84341954,-76.99758687
7-ELEVEN LICENSING,Delicatessen,3900 MARTIN LUTHER KING J AVE SW ,WASHINGTON,DC,20032,Not Available,38.8324014452,-77.0087348195
Unknown,Delicatessen,2103 ALABAMA AVE SE ,WASHINGTON,DC,20020,2028893199,38.85051262,-76.9749893
RS LIQUORS INC,Food Products,1301 CAPITOL ST SW ,WASHINGTON,DC,20024,2024881663,38.87448524,-77.00937852
T/A BEST VENDING,Food Products,1776 D ST NW ,WASHINGTON,DC,20006,2027374099,38.89395841,-77.03999645
TOWNE PARK INC,Food Products,1326 WISCONSIN AVE NW ,WASHINGTON,DC,20007,2023382200,38.90739998,-77.0635885
NAI Saturn Eastern LLC,Grocery Store,1100 4TH ST SW ,WASHINGTON,DC,20024,Not Available,38.87761406,-77.01715952
"LUKES LOBSTER IV, LLC",Restaurant,624 E ST NW ,WASHINGTON,DC,20004,Not Available,38.89596819,-77.02143143
GEORGETOWN WASHINGTON DC INN LLC,Restaurant,1310 WISCONSIN AVE NW ,WASHINGTON,DC,20007,2023338900,38.90720584,-77.06356262
CLYDE'S MANAGEMENT INC,Restaurant,600 14TH ST NW ,WASHINGTON,DC,20005,Not Available,38.89768684,-77.03227374
Unknown,Restaurant,1837 M ST NW ,WASHINGTON,DC,20036,Not Available,38.90582875,-77.04322146
JW MARRIOTT HOTEL,Restaurant,1331 PENNSYLVANIA AVE NW ,WASHINGTON,DC,20004,Not Available,38.89636772,-77.0313718
"IRISH CHANNEL, L.L.C.",Restaurant,500 H ST NW ,WASHINGTON,DC,20001,2022160046,38.89965642,-77.01925072
Unknown,Restaurant,2317 WISCONSIN AVE NW ,WASHINGTON,DC,20007,Not Available,38.92078562,-77.07154545
GIANT LIQUORS,Food Products,3504 GEORGIA AVE NW ,WASHINGTON,DC,20010,2027227700,38.93323036,-77.024183
DOLLAR 1 INC,Food Products,3414 GEORGIA AVE NW ,WASHINGTON,DC,20010,2022911935,38.93244919,-77.02405426
TSHIFFELY PHARMACY,Food Products,2021 K ST NW ,WASHINGTON,DC,20006,2024294320,38.90289276,-77.04577605
DISTRICT OF COLUMBIA CVS PHARMACY LLC,Food Products,1901 PENNSYLVANIA AVE NW ,WASHINGTON,DC,20006,2023317077,38.90068161,-77.04379522
DISTRICT OF COLUMBIA CVS PHARMACY LLC,Food Products,500 12TH ST SE ,WASHINGTON,DC,20003,2025431555,38.88253907,-76.98990988
MARACAS ICE POPS,Caterers,3251 PROSPECT ST NW ,WASHINGTON,DC,20007,Not Available,38.90619362,-77.06380026
"E & C MID-ATLANTIC VENTURES, LLC.",Delicatessen,2830 SHERMAN AVE NW ,WASHINGTON,DC,20001,Not Available,38.92659359,-77.0263514
Singh & Sons Inc,Delicatessen,4020 MINNESOTA AVE NE ,WASHINGTON,DC,20019,Not Available,38.89592416,-76.94893498
Gregorys Coffee,Delicatessen,1101 CONNECTICUT AVE NW ,WASHINGTON,DC,20036,Not Available,38.90403246,-77.03973497
Gelsa Coffee,Delicatessen,99 M ST SE ,WASHINGTON,DC,20003,Not Available,38.87628154,-77.00629161
WOODWARD LIQUOR,Food Products,6111 BLAIR RD NW ,WASHINGTON,DC,20011,Not Available,38.96449669,-77.01154843
4652 LIVINGSTON INC,Food Products,4654 LIVINGSTON RD SE ,WASHINGTON,DC,20032,2025636777,38.82244332,-77.00160287
HARRIS TEETER #383,Food Products,401 M ST SE ,WASHINGTON,DC,20003,Not Available,38.87621685,-77.00009427
IMPERIAL WINE & SPIRITS,Food Products,620 12TH ST NW ,WASHINGTON,DC,20005,Not Available,38.89813172,-77.02826731
6220 GEORGIA LLC.,Food Products,6220 GEORGIA AVE NW ,WASHINGTON,DC,20011,Not Available,38.96561323,-77.02791457
LORI'S GIFTS INC,Food Products,900 23RD ST NW ,WASHINGTON,DC,20037,Not Available,38.9013080732,-77.0507134528
OAKTREE DEVELOPMENT,Food Products,3934 12TH ST NE ,WASHINGTON,DC,20017,Not Available,38.93812038,-76.99052072
Unknown,Food Products,33 NEW YORK AVE NE ,WASHINGTON,DC,20002,Not Available,38.90748324,-77.00777059
MINNESOTA STATION LLC,Food Products,3820 MINNESOTA AVE NE ,WASHINGTON,DC,20019,Not Available,38.89265023,-76.95147672
MCKENZIE GROUP (THE),Food Products,1220 H ST NE ,WASHINGTON,DC,20002,Not Available,38.90037873,-76.98943216
BEZAD CORPORATION,Food Products,2329 PENNSYLVANIA AVE SE ,WASHINGTON,DC,20020,Not Available,38.87376945,-76.97210615
Classy Corks Wine & Spirits,Food Products,801 VIRGINIA AVE SE ,WASHINGTON,DC,20003,Not Available,38.87777854,-76.99469281
WILLARD RE HOLDINGS LLC,Food Products,1733 N ST NW ,WASHINGTON,DC,20036,Not Available,38.90744639,-77.03970459
HAMPTON INN - DC CONVENTION CENTER,Food Products,901 6TH ST NW ,WASHINGTON,DC,20001,Not Available,38.90178007,-77.01964995
U STREET WINE  AND BEER LLC,Food Products,1351 U ST NW ,WASHINGTON,DC,20009,Not Available,38.91732274,-77.03111639
AK TOBACCO & GROCERY,Food Products,1438 PARK RD NW ,WASHINGTON,DC,20010,Not Available,38.93057403,-77.03415008
Hamilton Liquors,Food Products,5205 GEORGIA AVE NW ,WASHINGTON,DC,20011,Not Available,38.95316475,-77.02728913
NASAR INC.,Food Products,2300 PENNSYLVANIA AVE SE ,WASHINGTON,DC,20020,Not Available,38.87455268,-76.97187133
Capitol Convenience,Food Products,1400 NORTH CAPITOL ST NW ,WASHINGTON,DC,20002,Not Available,38.90871741,-77.00940643
CONNECTICUT AVENUE WINE & LIQUORS INC,Food Products,1529 CONNECTICUT AVE NW ,WASHINGTON,DC,20036,Not Available,38.91097991,-77.04392238
Rosebud Liquor Inc. dba Rosebud Liquor,Food Products,1700 17TH ST NW ,WASHINGTON,DC,20009,Not Available,38.91284512,-77.03882311
JUDINA INC.,Food Products,626 KENNEDY ST NW ,WASHINGTON,DC,20011,Not Available,38.95620714,-77.02204175
ABUKEY LLC,Grocery Store,902 KENNEDY ST NW ,WASHINGTON,DC,20011,Not Available,38.95610099,-77.02612256
HIWOT MARKET INC,Grocery Store,5331 GEORGIA AVE NW ,WASHINGTON,DC,20011,Not Available,38.95476872,-77.02757297
DC Sushi LLC,Grocery Store,705 KENNEDY ST NW ,WASHINGTON,DC,20011,Not Available,38.95653114,-77.02261076
SSF LLC,Restaurant,7414 GEORGIA AVE NW ,WASHINGTON,DC,20012,Not Available,38.98002583,-77.02676367
Brock and Company - Sirius XM,Restaurant,1500 ECKINGTON PL NE ,WASHINGTON,DC,20002,Not Available,38.90976443,-77.00553879
Chipotle Mexican Grill,Restaurant,2430 MARKET ST NE ,WASHINGTON,DC,20018,Not Available,38.92007906,-76.95288346
TEST RECORD DO NOT PROCESS,Restaurant,1600 TAYLOR ST NE ,WASHINGTON,DC,20017,Not Available,38.94098207,-76.98220189
T AND G GROCERY STORE,Grocery Store,1727 NORTH CAPITOL ST NE ,WASHINGTON,DC,20002,3014341836,38.91347009,-77.00872791
727 MARKET,Grocery Store,2820 GEORGIA AVE NW ,WASHINGTON,DC,20001,2022656881,38.92670856,-77.02314886
MHAT & DM LLC,Grocery Store,5010 NEW HAMPSHIRE AVE NW ,WASHINGTON,DC,20011,Not Available,38.95140836,-77.01229849
COSTCO WHOLESALE CORPORATION,Grocery Store,2441 MARKET ST NE ,WASHINGTON,DC,20018,Not Available,38.92039164,-76.95038922
UPTOWN MART LLC.,Grocery Store,2701 14TH ST NW ,WASHINGTON,DC,20009,Not Available,38.92502379,-77.03205305
SEWA INTERNATIONAL INC.,Grocery Store,5774 2ND ST NE ,WASHINGTON,DC,20011,2026354470,38.9591649,-77.00480732
"BODEGA MARKET, LLC.",Grocery Store,1136 FLORIDA AVE NE ,WASHINGTON,DC,20002,Not Available,38.90303925,-76.99035441
ECONOMY MARKET,Grocery Store,1804 D ST NE ,WASHINGTON,DC,20002,Not Available,38.8949735415,-76.9787057002
Unknown,Grocery Store,3336 WISCONSIN AVE NW ,WASHINGTON,DC,20016,Not Available,38.93434403,-77.07299685
ABG MART,Grocery Store,2216 MARTIN LUTHER KING J AVE SE ,WASHINGTON,DC,20020,Not Available,38.86425442,-76.98983826
FIYAMETA L.L.C.,Grocery Store,104 KENNEDY ST NW ,WASHINGTON,DC,20011,Not Available,38.95639308,-77.01209203
ABYO LLC,Grocery Store,1517 MARION BARRY AVE SE ,WASHINGTON,DC,20020,Not Available,38.86614159,-76.98270428
HANMI CORP.,Grocery Store,3178 MOUNT PLEASANT ST NW ,WASHINGTON,DC,20010,2022653768,38.93093597,-77.03854209
CORNER MARKET,Grocery Store,1449 HOWARD RD SE ,WASHINGTON,DC,20020,Not Available,38.85825487,-76.98738056
Eleven zero seven 3,Grocery Store,207 NEW YORK AVE NW ,WASHINGTON,DC,20001,Not Available,38.90588304,-77.0140267
AJES LLC,Grocery Store,3101 RHODE ISLAND AVE NE ,WASHINGTON,DC,20018,Not Available,38.93440622,-76.9642434
"Lidl US Operations, LLC",Grocery Store,4000 WISCONSIN AVE NW ,WASHINGTON,DC,20016,Not Available,38.94170237,-77.07725109
TOBACCO KING DC INC,Grocery Store,1543 7TH ST NW ,WASHINGTON,DC,20001,Not Available,38.91083716,-77.02166015
RAMOS MARKET INC,Grocery Store,607 KENNEDY ST NW ,WASHINGTON,DC,20011,Not Available,38.95659679,-77.02131559
"U FIRST MART, Inc.",Grocery Store,1942 1ST ST NW ,WASHINGTON,DC,20001,Not Available,38.91685797,-77.01241545
ELSIE WHITLOW STOKES COMMUNITY FREEDOM PUBLIC CHARTER SCHOOL,Restaurant,3700 OAKVIEW TER NE ,WASHINGTON,DC,20017,2022687237,38.93498987,-76.99008735
CREATIVE MINDS INTERNATIONAL PUBLIC CHARTER SCHOOL,Restaurant,3700 NORTH CAPITOL ST NW ,WASHINGTON,DC,20011,Not Available,38.93654816,-77.00695403
CAPITAL CITY PUBLIC CHARTER SCHOOL INC.,Restaurant,100 PEABODY ST NW ,WASHINGTON,DC,20011,2023870309,38.96216486,-77.01286745
INGENUITY PREP,Restaurant,4600 LIVINGSTON RD SE ,WASHINGTON,DC,20032,2025620391,38.82389368,-77.0032111
The St. Regis Hotel,Hotel,923 16TH ST NW ,WASHINGTON,DC,20006,Not Available,38.90210459,-77.03609641
LARRY'S HOMEMADE ICE CREAM,Restaurant,1633 CONNECTICUT AVE NW ,WASHINGTON,DC,20009,7032342690,38.91217021,-77.04455888
CACTUS CANTINA RESTAURANT,Restaurant,3300 WISCONSIN AVE NW ,WASHINGTON,DC,20016,2023328794,38.93369868,-77.07271004
CITY CLUB OF WASHINGTON INC,Restaurant,555 13TH ST NW ,WASHINGTON,DC,20004,2023470818,38.89699703,-77.02935404
RIVERSIDE GRILLE,Restaurant,3050 K ST NW ,WASHINGTON,DC,20007,2029444545,38.90194421,-77.06091848
POPEYE'S,Restaurant,3200 BLADENSBURG RD NE ,WASHINGTON,DC,20002,2028323441,38.93021843,-76.95899402
JOHANAS INC.,Restaurant,4728 14TH ST NW ,WASHINGTON,DC,20011,2028293380,38.94800665,-77.03306724
STARBUCKS CORPORATION,Restaurant,325 7TH ST NW ,WASHINGTON,DC,20001,2023620809,38.89450181,-77.02158326
HAAD THAI RESTAURANT INC.,Restaurant,1100 NEW YORK AVE NW ,WASHINGTON,DC,20005,2026821111,38.9006693,-77.0274437
SERENGETI ENTERTAINMENT GROUP INC.,Restaurant,6210 GEORGIA AVE NW ,WASHINGTON,DC,20010,2028296861,38.96534577,-77.02794527
BEST HUNAN RESTAURANT,Restaurant,2020 FLORIDA AVE NW ,WASHINGTON,DC,20009,2029861333,38.91451333,-77.04559256
GREATER NEW HOPE BAPTIST CHURCH,Restaurant,816 8TH ST NW ,WASHINGTON,DC,20001,2028421036,38.90031563,-77.0232897
TRADE CENTER MANAGEMENT ASSOCIATES L.L.C.,Restaurant,1300 PENNSYLVANIA AVE NW ,WASHINGTON,DC,20004,2023121300,38.89493993,-77.03021187
R.J.J.J. REST. CORP.,Restaurant,805 15TH ST NW ,WASHINGTON,DC,20005,2025890060,38.90057506,-77.03338868
STARBUCKS CORPORATION,Restaurant,3301 NEW MEXICO AVE NW ,WASHINGTON,DC,20016,2063181575,38.93364619,-77.08511638
SPRING GARDEN RESTAURANT,Restaurant,4916 WISCONSIN AVE NW ,WASHINGTON,DC,20016,2023631698,38.95399993,-77.08261456
WHOLE FOODS MARKET,Restaurant,1440 P ST NW ,WASHINGTON,DC,20005,2023324300,38.90949165,-77.03356546
MEZE CORPORATION,Restaurant,2437 18TH ST NW ,WASHINGTON,DC,20009,2023203046,38.9214778,-77.04194701
"MORGAN,LEWIS,AND BOCKIUS",Restaurant,1111 PENNSYLVANIA AVE NW ,WASHINGTON,DC,20005,2024677485,38.89540859,-77.02784444
STARBUCKS CORPORATION,Restaurant,3000 CONNECTICUT AVE NW ,WASHINGTON,DC,20008,2025370688,38.9298928,-77.05556543
CHRIST HOUSE,Restaurant,1717 COLUMBIA RD NW ,WASHINGTON,DC,20009,7037457755,38.92484802,-77.0399884
DELI CITY RESTAURANT,Restaurant,2200 BLADENSBURG RD NE ,WASHINGTON,DC,20018,2025281800,38.91971847,-76.97085882
UNITED HOUSE OF PRAYER FOR ALL,Restaurant,601 M ST NW ,WASHINGTON,DC,20001,9999999999,38.90596926,-77.0205121
ARTS CLUB OF WASHINGTON DC,Restaurant,2017 I ST NW ,WASHINGTON,DC,20006,2023317282,38.90151984,-77.04574427
WAH SING RESTAURANT,Restaurant,2521 PENNSYLVANIA AVE SE ,WASHINGTON,DC,20020,2025814500,38.87285971,-76.97032504
"THE UNIVERSITY CLUB OF WASHINGTON DC, THE",Restaurant,1135 16TH ST NW ,WASHINGTON,DC,20036,2028628800,38.90499616,-77.0361599
Unknown,Restaurant,501 EAST CAPITOL ST SE ,WASHINGTON,DC,20003,2025463646,38.88950647,-76.99930703
"V & B SHAH, LLC",Restaurant,1635 BENNING RD NE ,WASHINGTON,DC,20019,2023971190,38.89925447,-76.98021564
KENNETH H. NASH POST NO. 8,Restaurant,224 D ST SE ,WASHINGTON,DC,20003,2025434846,38.88526146,-77.00233017
ETETE THIOPIAN CUISINE INC,Restaurant,1942 9TH ST NW ,WASHINGTON,DC,20001,5712179988,38.91675279,-77.02421385
DUNMORE LLC,Restaurant,223 PENNSYLVANIA AVE SE ,WASHINGTON,DC,20003,2022627021,38.88699482,-77.00265158
STARBUCKS COFFEE COMPANY,Restaurant,2130 H ST NW ,WASHINGTON,DC,20052,2029940222,38.89923282,-77.04836163
"THE WHISKEY , LLC.",Restaurant,3634 GEORGIA AVE NW ,WASHINGTON,DC,20010,2027227669,38.9350129037,-77.0244169385
FOUR SEASONS HOTEL,Restaurant,2800 PENNSYLVANIA AVE NW ,WASHINGTON,DC,20007,3126585000,38.9044499714,-77.0572264103
"PRG, INC  T/A BAMBU",Restaurant,5101 MACARTHUR BLVD NW ,WASHINGTON,DC,20016,2023643088,38.92532693,-77.10126181
FURR INC.,Restaurant,424 RHODE ISLAND AVE NE ,WASHINGTON,DC,20002,4107998340,38.92049304,-76.99941016
MICHEL VERDON,Restaurant,1738 CONNECTICUT AVE NW ,WASHINGTON,DC,20009,2022346969,38.91376335,-77.04622072
GNU LLC.,Restaurant,4529 WISCONSIN AVE NW ,WASHINGTON,DC,20016,2022433030,38.94872281,-77.07977829
GRANVILLE MOORE'S BRICKYARD,Restaurant,1238 H ST NE ,WASHINGTON,DC,20002,2023992546,38.90040439,-76.98892987
CAFE BISTRO MED LLC.,Restaurant,424 8TH ST SE ,WASHINGTON,DC,20003,7035874635,38.88303788,-76.99468077
RESTAURANT ASSOCIATES OF NEW YORK LLC,Restaurant,801 F ST NW ,WASHINGTON,DC,20005,2026337044,38.8974997868,-77.0230373639
TEDDY'S ROTI SHOP,Restaurant,7304 GEORGIA AVE NW ,WASHINGTON,DC,20012,2028826488,38.97864255,-77.02669656
CHIPOTLE MEXICAN GRILL OF COLORADO LLC,Restaurant,2600 CONNECTICUT AVE NW ,WASHINGTON,DC,20008,2022999111,38.92371905,-77.05201302
PASARA THAI DC,Restaurant,1219 CONNECTICUT AVE NW ,WASHINGTON,DC,20036,2022233777,38.90653484,-77.04117856
STARBUCKS COFFEE #9392,Restaurant,550 C ST SW ,WASHINGTON,DC,20024,2063188705,38.88563338,-77.01962648
CHIPOTLE MEXICAN GRILL OF COLORADO LLC,Restaurant,4301 WISCONSIN AVE NW ,WASHINGTON,DC,20036,2022370602,38.94506483,-77.077709
LEVY PREMIUM FOODSERVICE LIMITED PARTNERSHIP,Restaurant,1500 SOUTH CAPITOL ST SE ,WASHINGTON,DC,20003,2026407939,38.87235978,-77.00852675
NANDO'S RESTAURANT GROUP INC.,Restaurant,1210 18TH ST NW ,WASHINGTON,DC,20036,2026218600,38.90615368,-77.04205271
CHAROEN INC,Restaurant,521 G ST NW ,WASHINGTON,DC,20001,5712146508,38.89847139,-77.01967694
BLT STEAK DC LLC,Restaurant,1625 I ST NW ,WASHINGTON,DC,20001,2026898999,38.9016931,-77.03757231
LEED'S THE WAY LLC.,Restaurant,1622 1624 Q ST NW ,WASHINGTON,DC,20009,2024624265,38.91091117,-77.03804471
MAD HATTER CT AVE LLC.,Restaurant,1319 CONNECTICUT AVE NW ,WASHINGTON,DC,20036,2028331495,38.9078574153,-77.0420954537
RESTAURANT ASSOCIATES OF NEW YORK LLC,Restaurant,1225 CONNECTICUT AVE NW ,WASHINGTON,DC,20036,7034857641,38.90696976,-77.04143107
AMERICAN ICE COMPANY,Restaurant,917 V ST NW ,WASHINGTON,DC,20001,2027583562,38.91838326,-77.02527528
TOWING GROUP INC,Tow Truck,2307 BLADENSBURG RD NE ,WASHINGTON,DC,20018,Not Available,38.92053558,-76.96931003
"Alpha Towing & Recovery, Inc",Tow Truck,1239 KENILWORTH AVE NE ,WASHINGTON,DC,20019,Not Available,38.9068322211,-76.9376514012
APE HEAVY DUTY TOWING & TRANSPORT LLC,Tow Truck,1075 KENILWORTH AVE NE ,WASHINGTON,DC,20019,Not Available,38.90396974,-76.94119787
DUNK TOWING LLC,Tow Truck Business,1239 KENILWORTH AVE NE ,WASHINGTON,DC,20019,Not Available,38.9068322211,-76.9376514012
NTB Towing & Recovery LLC,Tow Truck Business,1229 KENILWORTH AVE NE ,WASHINGTON,DC,20019,Not Available,38.90679486,-76.9384179
ADAM TOWING AND RECOVERY INC,Tow Truck Business,1075 KENILWORTH AVE NE ,WASHINGTON,DC,20019,Not Available,38.90396974,-76.94119787
Always Towing & Recovery Inc.,Tow Truck Storage Lot,1859 EDWIN ST NE ,WASHINGTON,DC,20018,Not Available,38.91905296,-76.97781971
Anytime Tow Inc.,Tow Truck Storage Lot,2307 BLADENSBURG RD NE ,WASHINGTON,DC,20018,Not Available,38.92053558,-76.96931003
C&F TOWING SERVICE LLC,Tow Truck Storage Lot,1239 KENILWORTH AVE NE ,WASHINGTON,DC,20019,Not Available,38.9068322211,-76.9376514012
DDS/RSA RANDOLPH-SHEPPARD VENDING FACILITIES PROGRAM (RSVFP),Delicatessen,1200 PENNSYLVANIA AVE NW ,WASHINGTON,DC,20004,Not Available,38.89481882,-77.028946
7-ELEVEN,Delicatessen,4443 BENNING RD NE ,WASHINGTON,DC,20019,Not Available,38.89077975,-76.93886236
7-ELEVEN 37102A,Delicatessen,3700 12TH ST NE ,WASHINGTON,DC,20017,Not Available,38.93487444,-76.99150891
"FLAVOR US MARKET, LLC.",Delicatessen,1731 7TH ST NW ,WASHINGTON,DC,20001,Not Available,38.9137494,-77.02166138
DIRECTOR OF FINANCE,Food Products,775 12TH ST NW ,WASHINGTON,DC,20005,Not Available,38.89931278,-77.02775201
H & R MART INC.,Food Products,1813 BENNING RD NE ,WASHINGTON,DC,20002,Not Available,38.89878125,-76.97722356
SARGODHA 88 INC.,Food Products,4101 ALABAMA AVE SE ,WASHINGTON,DC,20019,Not Available,38.87018041,-76.94438427
NASHIM LLC.,Food Products,3701 12TH ST NE ,WASHINGTON,DC,20017,Not Available,38.93479194,-76.99087191
"HARAR GROCERY, LLC",Food Products,626 KENNEDY ST NW ,WASHINGTON,DC,20011,Not Available,38.95620714,-77.02204175
Fair Liquors,Food Products,5008 1ST ST NW ,WASHINGTON,DC,20011,Not Available,38.95122708,-77.01233007
Kalorama Pharmacy,Food Products,1841 COLUMBIA RD NW ,WASHINGTON,DC,20009,Not Available,38.92148816,-77.04383394
Best One Liquor LLC,Food Products,322 FLORIDA AVE NW ,WASHINGTON,DC,20001,Not Available,38.91357886,-77.01597627
S & D ONE LLC  t/a Rocket Liquors,Food Products,900 KENNEDY ST NW ,WASHINGTON,DC,20011,Not Available,38.95610705,-77.02598562
AHOLD USA LICENSING DEPARTMENT,Grocery Store,300 H ST NE ,WASHINGTON,DC,20002,7172407541,38.90043037,-77.00164474
NAI Saturn Eastern LLC,Grocery Store,1601 MARYLAND AVE NE ,WASHINGTON,DC,20002,Not Available,38.90056763,-76.97977005
NAI Saturn Eastern LLC,Grocery Store,1100 4TH ST SW ,WASHINGTON,DC,20024,Not Available,38.87761406,-77.01715952
YODIT INC,Grocery Store,2339 PENNSYLVANIA AVE SE ,WASHINGTON,DC,20020,Not Available,38.87364319,-76.97186915
WONDER MART CONVENIENCE INC,Grocery Store,2743 MARTIN LUTHER KING J AVE SE ,WASHINGTON,DC,20032,Not Available,38.84693331,-76.9964129
DK Dean Inc,Grocery Store,2200 FLAGLER PL NW ,WASHINGTON,DC,20001,Not Available,38.91930303,-77.01378914
Root Retail LLC t/a 7 River Mart,Grocery Store,250 11TH ST NE ,WASHINGTON,DC,20002,Not Available,38.89344284,-76.99179591
BROOKLAND TG INC,Grocery Store,3736 10TH ST NE ,WASHINGTON,DC,20017,Not Available,38.93646518,-76.99390204
GEORGETOWN HAIRSTYLING,Barber Shop,1329 35TH ST NW ,WASHINGTON,DC,20007,Not Available,38.90748953,-77.06882501
"CUTZ ON THE HILL, LLC",Barber Shop,114 15TH ST SE ,WASHINGTON,DC,20003,Not Available,38.88817494,-76.98339259
"Mahk Meetings, LLC.",Barber Shop,1806 VERNON ST NW ,WASHINGTON,DC,20009,Not Available,38.91680311,-77.04213129
S&S Navy Yard LLC,Barber Shop,1 M ST SE ,WASHINGTON,DC,20003,Not Available,38.87629259,-77.00860628
DC NATTRAN CLASSIC CUT LLC,Barber Shop,1615 17TH ST NW ,WASHINGTON,DC,20009,Not Available,38.91173474,-77.03823355
NANTUCKET INC.,Beauty Shop,1431 H ST NW ,WASHINGTON,DC,20005,2028369400,38.90043538,-77.03324313
RANDOLPH CREE LLC,Beauty Shop,325 7TH ST SE ,WASHINGTON,DC,20003,2022586078,38.88543256,-76.99640359
CYNTHIA JACKSON,Beauty Shop,1355 NEWTON ST NW ,WASHINGTON,DC,20010,2025188870,38.93265457,-77.0316437
Unknown,Beauty Shop,3562 14TH ST NW ,WASHINGTON,DC,20010,2028821822,38.9360942,-77.03300947
YVETTE HAIR AND NAIL SALON,Beauty Shop,1013 H ST NE ,WASHINGTON,DC,20002,2023887790,38.89994952,-76.99212475
"CUTZ ON THE HILL, LLC",Barber Shop,114 15TH ST SE ,WASHINGTON,DC,20003,Not Available,38.88817494,-76.98339259
SHAKE SHACK,Restaurant,50 MASSACHUSETTS AVE NE ,WASHINGTON,DC,20002,Not Available,38.89761945,-77.00617579
DIRECTOR OF FINANCE,Restaurant,775 12TH ST NW ,WASHINGTON,DC,20005,Not Available,38.89931278,-77.02775201
GORDY'S PICKLE JAR LLC,Restaurant,221 UPSHUR ST NW ,WASHINGTON,DC,20011,2025450383,38.94239967,-77.01476613
OCNC INC.,Restaurant,3101 WISCONSIN AVE NW ,WASHINGTON,DC,20016,Not Available,38.93058263,-77.07082892
BIG STICK (THE) LLC,Restaurant,20 M ST SE ,WASHINGTON,DC,20003,Not Available,38.8767888,-77.00790208
CHINA CHILCANO,Restaurant,418 7TH ST NW ,WASHINGTON,DC,20004,Not Available,38.89541782,-77.02217329
EQUINOX SPORTS CLUB,Restaurant,1170 22ND ST NW ,WASHINGTON,DC,20037,Not Available,38.90482902,-77.04910351
EIGTH DAY FAITH COMMUNITY,Restaurant,1658 COLUMBIA RD NW ,WASHINGTON,DC,20009,Not Available,38.92494546,-77.03874643
PANERA LLC,Restaurant,2001 L ST NW ,WASHINGTON,DC,20036,Not Available,38.90403954,-77.04529442
RAKU,Restaurant,3312 WISCONSIN AVE NW ,WASHINGTON,DC,22016,Not Available,38.93402711,-77.07272399
DUE SOUTH,Restaurant,301 WATER ST SE ,WASHINGTON,DC,20003,Not Available,38.87346417,-77.00154144
734 NW LLC.,Restaurant,734 11TH ST NW ,WASHINGTON,DC,20001,Not Available,38.89935169,-77.02726646
DREAMOGAWA,Restaurant,2100 CONNECTICUT AVE NW ,WASHINGTON,DC,20008,Not Available,38.91794772,-77.04772397
727 CONCEPT LLC.,Restaurant,727 15TH ST NW ,WASHINGTON,DC,20005,Not Available,38.89960988,-77.03325439
TWO TAILS LLC.,Restaurant,1827 ADAMS MILL RD NW ,WASHINGTON,DC,20009,Not Available,38.92341947,-77.04313318
TAKODA,Restaurant,715 FLORIDA AVE NW ,WASHINGTON,DC,20001,Not Available,38.91674979,-77.02256367
CANAL 5 LLC.,Restaurant,1007 8TH ST SE ,WASHINGTON,DC,20003,Not Available,38.87781349,-76.9951781
LITTLE COCO'S,Restaurant,3907 14TH ST NW ,WASHINGTON,DC,20011,Not Available,38.93895002,-77.03242345
BULLFROG BAGELS,Restaurant,317 7TH ST SE ,WASHINGTON,DC,20003,2024942609,38.88559381,-76.9964279
"WATERGATE HOTEL LESSEE, LLC.",Restaurant,2650 VIRGINIA AVE NW ,WASHINGTON,DC,20037,Not Available,38.89933514,-77.05581934
1654 COLUMBIA ROAD NW LLC.,Restaurant,1654 COLUMBIA RD NW ,WASHINGTON,DC,20009,Not Available,38.9250227,-77.03862746
SHAKE SHACK,Restaurant,54 M ST SE ,WASHINGTON,DC,20003,Not Available,38.87668709,-77.00692249
NEW YORK PIZZA & GRILL KABOB LLC,Restaurant,1442 PENNSYLVANIA AVE SE ,WASHINGTON,DC,20003,Not Available,38.88005074,-76.98394042
LATIN BEAUTY SALON INC.,Beauty Shop,3539 14TH ST NW ,WASHINGTON,DC,20010,2022917799,38.9360502322,-77.0324674646
CAPITAL WAXING SALON LLC.,Beauty Shop,1050 CONNECTICUT AVE NW ,WASHINGTON,DC,20036,Not Available,38.90350778,-77.04035008
CAMLAI INC.,Beauty Shop,1070 30TH ST NW ,WASHINGTON,DC,20007,Not Available,38.90455917,-77.05931566
B FOREVER FLAWLESS BY ENER LLC,Beauty Shop,6124 GEORGIA AVE NW ,WASHINGTON,DC,20011,Not Available,38.96471201,-77.02794064
"MARGOT BEAUTY SALON, LLC",Beauty Shop,1203 TUCKERMAN ST NW ,WASHINGTON,DC,20011,Not Available,38.96759764,-77.02787126
WONDER NAILZ,Beauty Shop,122 KENNEDY ST NW ,WASHINGTON,DC,20011,Not Available,38.95639941,-77.01268401
A NEW IMAGE BY ACIA LLC.,Beauty Shop,705 FLORIDA AVE NW ,WASHINGTON,DC,20001,Not Available,38.91655897,-77.02222783
Unknown,Beauty Shop,832 UPSHUR ST NW ,WASHINGTON,DC,20011,Not Available,38.94172094,-77.02467854
Fringe Hair Studio,Beauty Shop,1425 WISCONSIN AVE NW ,WASHINGTON,DC,20007,Not Available,38.90901362,-77.0639175
Glow Hair Salon,Beauty Shop,1850 M ST NW ,WASHINGTON,DC,20036,Not Available,38.90536204,-77.04294805
HAIR FLAIR SALON,Beauty Shop,3636 16TH ST NW ,WASHINGTON,DC,20010,3017936261,38.9364283,-77.03726282
"Piaf International, Inc.",Beauty Shop,1023 15TH ST NW ,WASHINGTON,DC,20005,Not Available,38.90339419,-77.034215
J Lavish Salon,Beauty Shop,2014 P ST NW ,WASHINGTON,DC,20036,Not Available,38.90944563,-77.04557249
BUFF NAIL BAR DC LLC.,Beauty Shop,1400 PENNSYLVANIA AVE SE ,WASHINGTON,DC,20003,Not Available,38.88032323,-76.98468153
WONDER LIFESTYLE NAIL SALON SPA LLC,Beauty Shop,2855 ALABAMA AVE SE ,WASHINGTON,DC,20020,Not Available,38.85973696,-76.96566606
LEGACY 3 LLC,Beauty Shop,2219 MINNESOTA AVE SE ,WASHINGTON,DC,20020,Not Available,38.87165054,-76.97386168
SALON GEORGETOWN,Beauty Shop,1419 WISCONSIN AVE NW ,WASHINGTON,DC,20007,Not Available,38.90894806,-77.06387294
"INNOVATIVE SPA MANAGEMENT, LLC",Beauty Shop,801 WHARF ST SW ,WASHINGTON,DC,20024,Not Available,38.87941163,-77.02504722
LADY'S NAILS,Beauty Shop Nails,526 H ST NE ,WASHINGTON,DC,20002,2025480499,38.90040344,-76.99869454
WONDER NAILZ,Beauty Shop,122 KENNEDY ST NW ,WASHINGTON,DC,20011,Not Available,38.95639941,-77.01268401
TENLEY NAILS,Beauty Shop Nails,3919 WINDOM PL NW ,WASHINGTON,DC,20016,2023626245,38.9456821,-77.07795492
PN CAPITAL NAILS SALON CORP.,Beauty Shop Nails,201 MASSACHUSETTS AVE NE ,WASHINGTON,DC,20002,Not Available,38.89461959,-77.00288022
WISCONSIN NAIL LLC,Beauty Shop Nails,1519 WISCONSIN AVE NW ,WASHINGTON,DC,20007,Not Available,38.9098143842,-77.0642699919
DINH TRAN INC,Beauty Shop Nails,3507 12TH ST NE ,WASHINGTON,DC,20017,Not Available,38.93280983,-76.99079477
HAPPY NAILS BAR LLC,Beauty Shop Nails,331 H ST NE ,WASHINGTON,DC,20002,Not Available,38.89999563,-77.00093528
"HHLP GEORGETOWN LESSEE, LLC.",Massage Establishment,3100 SOUTH ST NW ,WASHINGTON,DC,20007,Not Available,38.90321244,-77.06170167
"WATERGATE HOTEL LESSEE, LLC.",Massage Establishment,2650 VIRGINIA AVE NW ,WASHINGTON,DC,20037,Not Available,38.89933514,-77.05581934
EQUINOX SPORTS CLUB,Restaurant,1170 22ND ST NW ,WASHINGTON,DC,20037,Not Available,38.90482902,-77.04910351
DC CENTRAL BAKERY,Bakery,1329 KENILWORTH AVE NE ,WASHINGTON,DC,20019,Not Available,38.90818104,-76.93697125
"Saku Saku Flakerie, LLC",Bakery,4200 WISCONSIN AVE NW ,WASHINGTON,DC,20016,Not Available,38.94352013,-77.07783225
Fresh Baguette Terrell Place LLC,Bakery,575 7TH ST NW ,WASHINGTON,DC,20004,Not Available,38.89703801,-77.02150887
xelaju llc,Bakery,4610 14TH ST NW ,WASHINGTON,DC,20011,Not Available,38.94654652,-77.03299781
Insomnia Cookies,Bakery,1201 HALF ST SE ,WASHINGTON,DC,20003,Not Available,38.87558305,-77.00786184
PANERA LLC,Caterers,601 13TH ST NW ,WASHINGTON,DC,20005,Not Available,38.89784245,-77.02914089
A & J Hospitality Corporation,Caterers,2221 ADAMS PL NE ,WASHINGTON,DC,20018,Not Available,38.91925364,-76.9738869
KIRKS COOKIES & MAKERS LLC,Caterers,2800 10TH ST NE ,WASHINGTON,DC,20017,Not Available,38.92581574,-76.99276286
HOWARD UNIVERSITY,Caterers,1840 7TH ST NW ,WASHINGTON,DC,20001,Not Available,38.9153374783,-77.0221530732
"COMPASS GROUP USA, INC",Caterers,655 TAYLOR ST NE ,WASHINGTON,DC,20017,Not Available,38.93953078,-76.99624238
A LADY WRITERS PEN LLC.,Caterers,2800 10TH ST NE ,WASHINGTON,DC,20017,Not Available,38.92581574,-76.99276286
BROODJES & BIER RESTAURANT GROUP,Caterers,2619 EVARTS ST NE ,WASHINGTON,DC,20018,Not Available,38.92408834,-76.96885368
Gingerbeet,Caterers,2800 10TH ST NE ,WASHINGTON,DC,20017,Not Available,38.92581574,-76.99276286
Meski LLC,Caterers,1369 NEW YORK AVE NE ,WASHINGTON,DC,20002,Not Available,38.91529142,-76.98528226
Dreaming Out Loud inc WeWork,Caterers,2800 10TH ST NE ,WASHINGTON,DC,20017,Not Available,38.92581574,-76.99276286
On The Fly Tapsters,Caterers,703 EDGEWOOD ST NE ,WASHINGTON,DC,20017,Not Available,38.9250448,-76.99582567
COCOLITA KITCHEN LLC,Caterers,703 EDGEWOOD ST NE ,WASHINGTON,DC,20017,Not Available,38.9250448,-76.99582567
Hass Ventures,Caterers,2000 5TH ST NE ,WASHINGTON,DC,20002,Not Available,38.91713131,-76.9998403
Wine Key Experience,Caterers,2800 10TH ST NE ,WASHINGTON,DC,20017,Not Available,38.92581574,-76.99276286
Coco Foods LLC,Caterers,703 EDGEWOOD ST NE ,WASHINGTON,DC,20017,Not Available,38.9250448,-76.99582567
Dellomar LLC,Caterers,2410 T ST NE ,WASHINGTON,DC,20002,Not Available,38.91573164,-76.97154514
CASA TEQUILA LLC,Caterers,2800 10TH ST NE ,WASHINGTON,DC,20017,Not Available,38.92581574,-76.99276286
La Buena LLC,Caterers,1309 5TH ST NE ,WASHINGTON,DC,20002,Not Available,38.90871669,-76.99765027
Alchemist Coffee Company LLC,Caterers,2800 10TH ST NE ,WASHINGTON,DC,20017,Not Available,38.92581574,-76.99276286
The culture LLC,Caterers,703 EDGEWOOD ST NE ,WASHINGTON,DC,20017,Not Available,38.9250448,-76.99582567
Monserrat House,Caterers,2018 9TH ST NW ,WASHINGTON,DC,20001,Not Available,38.91756111,-77.0242011
Lazy Bones,Caterers,703 EDGEWOOD ST NE ,WASHINGTON,DC,20017,Not Available,38.9250448,-76.99582567
Unknown,Restaurant,600 14TH ST NW ,WASHINGTON,DC,20005,Not Available,38.89768684,-77.03227374
IMA PIZZA STORE 2 LLC,Restaurant,1250 U ST NW ,WASHINGTON,DC,20009,Not Available,38.91670854,-77.02903548
Unknown,Restaurant,801 E ST NW ,WASHINGTON,DC,20004,Not Available,38.89631206,-77.02324909
"BARCELONA 14TH STREET, LLC.",Restaurant,1622 14TH ST NW ,WASHINGTON,DC,20009,Not Available,38.91210631,-77.03235233
RESTAURANT ASSOCIATES OF NEW YORK LLC,Restaurant,1400 CONSTITUTION AVE NE ,WASHINGTON,DC,20002,2023571962,38.89220058,-76.98529936
DOLLAR PLUS FOOD,Delicatessen,4522 BENNING RD SE ,WASHINGTON,DC,20019,Not Available,38.8891005,-76.93665764
"7-ELEVEN, INC",Delicatessen,504 K ST NW ,WASHINGTON,DC,20001,Not Available,38.90227712,-77.01930054
Kush projects LLC,Delicatessen,1643 34TH ST NW ,WASHINGTON,DC,20007,Not Available,38.91161401,-77.06767667
"St. Gabriel, LLC.",Food Products,2350 SOUTH DAKOTA AVE NE ,WASHINGTON,DC,20018,Not Available,38.92161602,-76.96054641
FAMILY MARKET,Food Products,4626 14TH ST NW ,WASHINGTON,DC,20011,Not Available,38.9469173,-77.03300652
LORI'S GIFTS INC,Food Products,900 23RD ST NW ,WASHINGTON,DC,20037,Not Available,38.9013080732,-77.0507134528
Gopuff,Food Products,6250 CHILLUM PL NW ,WASHINGTON,DC,20011,Not Available,38.9663224,-77.01145711
"GoBrands, Inc.",Food Products,4221 CONNECTICUT AVE NW ,WASHINGTON,DC,20008,Not Available,38.94380738,-77.06284154
Noma Wine & Liquor,Food Products,22 M ST NE ,WASHINGTON,DC,20002,Not Available,38.9058811,-77.00785204
AREKAY LLC,Food Products,1500 U ST NW ,WASHINGTON,DC,20009,Not Available,38.91685632,-77.03482706
CORNER MARKET,Grocery Store,1449 HOWARD RD SE ,WASHINGTON,DC,20020,Not Available,38.85825487,-76.98738056
ELLE YAME LLC,Grocery Store,1245 5TH ST NW ,WASHINGTON,DC,20001,Not Available,38.90710516,-77.01868191
MEG&AN LLC,Grocery Store,3306 GEORGIA AVE NW ,WASHINGTON,DC,20010,Not Available,38.93128176,-77.02380993
OCEAN FRONT LIQUORS,Grocery Store,4682 4684 MARTIN LUTHER KING J AVE SW ,WASHINGTON,DC,20032,Not Available,38.82112067,-77.0106495
ABUKEY LLC,Grocery Store,902 KENNEDY ST NW ,WASHINGTON,DC,20011,Not Available,38.95610099,-77.02612256
GEBREMARIAM LLC,Grocery Store,434 SHEPHERD ST NW ,WASHINGTON,DC,20011,Not Available,38.93977156,-77.01878033
HIWOT MARKET INC,Grocery Store,5331 GEORGIA AVE NW ,WASHINGTON,DC,20011,Not Available,38.95476872,-77.02757297
H2MZ LLC,Grocery Store,7712 GEORGIA AVE NW ,WASHINGTON,DC,20012,Not Available,38.9831895,-77.02684738
KIF MARKET LLC.,Grocery Store,2713 MARTIN LUTHER KING J AVE SE ,WASHINGTON,DC,20032,Not Available,38.84788766,-76.99626333
"Boiling Crab Restaurant Group, LLC",Restaurant,400 H ST NE ,WASHINGTON,DC,20002,Not Available,38.90045984,-77.00039865
Golden Cat LLC.,Restaurant,828 UPSHUR ST NW ,WASHINGTON,DC,20011,Not Available,38.94172728,-77.02453689
Noma Deli Cafe L.L.C.,Restaurant,1300 2ND ST NE ,WASHINGTON,DC,20002,Not Available,38.90787077,-77.00365945
Five Guys Burgers And Fries,Restaurant,2490 MARKET ST NE ,WASHINGTON,DC,20018,Not Available,38.9219258598,-76.9523705785
Tm Washington LLC,Restaurant,1335 2ND NE ,WASHINGTON,DC,20002,Not Available,38.90801194,-77.00329098
"Diplomatic and Consular Officers, Retired Inc.",Restaurant,1801 F ST NW ,WASHINGTON,DC,20006,Not Available,38.89755926,-77.04198459
Saon GT,Beauty Shop,2613 P ST NW ,WASHINGTON,DC,20007,Not Available,38.90949334,-77.05521091
"Anacostia Realty, LLC",Gasoline Dealer,4244 WISCONSIN AVE NW ,WASHINGTON,DC,20016,Not Available,38.9442849,-77.07810324
"Anacostia Realty, LLC",Gasoline Dealer,3540 14TH ST NW ,WASHINGTON,DC,20010,Not Available,38.93517855,-77.03316694
WINGOS 3 LLC.,Restaurant,2218 WISCONSIN AVE NW ,WASHINGTON,DC,20007,Not Available,38.91957793,-77.07130208
PIZZERIA PARADISO,Restaurant,4850 MASSACHUSETTS AVE NW ,WASHINGTON,DC,20016,Not Available,38.94485109,-77.09601276
DUMPLINGS & BEYOND CORPORATION,Restaurant,2400 WISCONSIN AVE NW ,WASHINGTON,DC,20007,Not Available,38.92118786,-77.07243656
"JH&B, LLC",Restaurant,508 23RD ST NW ,WASHINGTON,DC,20037,Not Available,38.89651771,-77.05103766
ARAMARK SPORTS AND ENTERTAINMENT SERVICES LLC,Restaurant,801 MOUNT VERNON PL NW ,WASHINGTON,DC,20001,Not Available,38.90358717,-77.02310078
ALL PLACES LLC.,Restaurant,438 MASSACHUSETTS AVE NW ,WASHINGTON,DC,20001,Not Available,38.9002326567,-77.0172732089
GEORGETOWN UNIVERSITY (THE),Restaurant,3700 O ST NW ,WASHINGTON,DC,20057,Not Available,38.90750247,-77.07273891
CHOPSMITH LLC,Restaurant,11 DISTRICT SQ SW ,WASHINGTON,DC,20024,Not Available,38.87998838,-77.02491639
BL 1701 14TH DC LLC,Restaurant,1701 14TH ST NW ,WASHINGTON,DC,20009,Not Available,38.91277734,-77.03169979
GONGCHA DC INC,Restaurant,1901 PENNSYLVANIA AVE NW ,WASHINGTON,DC,20006,Not Available,38.90068161,-77.04379522
BAKERS BREAD DC LLC,Restaurant,238 MASSACHUSETTS AVE NE ,WASHINGTON,DC,20002,Not Available,38.89501528,-77.0023411
"Baan Siam, INC",Restaurant,425 I ST NW ,WASHINGTON,DC,20001,Not Available,38.9016618,-77.01690199
"GATSBY BALLPARK, LLC.",Restaurant,1201 HALF ST SE ,WASHINGTON,DC,20003,Not Available,38.87558305,-77.00786184
ALKARAM711 LLC,Restaurant,2035 P ST NW ,WASHINGTON,DC,20036,Not Available,38.90982389,-77.04644161
Tatte Holdings LLC,Restaurant,1200 NEW HAMPSHIRE AVE NW ,WASHINGTON,DC,20036,Not Available,38.90580613,-77.04764898
WineSeller LLC,Restaurant,3212 GEORGIA AVE NW ,WASHINGTON,DC,20010,Not Available,38.93044402,-77.02365119
Menomale Noma LLC,Restaurant,35 N ST NE ,WASHINGTON,DC,20002,Not Available,38.9070072469,-77.0076008231
Green Almond Pantry,Restaurant,3210 GRACE ST NW ,WASHINGTON,DC,20007,Not Available,38.90378891,-77.06350954
Lahlou Restaurant Group LLC,Restaurant,1908 14TH ST NW ,WASHINGTON,DC,20009,Not Available,38.91586411,-77.03220172
ROCDO LLC,Restaurant,900 U ST NW ,WASHINGTON,DC,20001,Not Available,38.9168299,-77.02422172
Songbyrd,Restaurant,540 PENN ST NE ,WASHINGTON,DC,20002,Not Available,38.91029431,-76.99642067
Khalil and Hamoudi DC-003 LLC,Restaurant,425 I ST NW ,WASHINGTON,DC,20001,Not Available,38.9016618,-77.01690199
Savory LLC,Restaurant,4700 WISCONSIN AVE NW ,WASHINGTON,DC,20016,Not Available,38.95120616,-77.08112392
Sodexo,Restaurant,2001 C ST NW ,WASHINGTON,DC,20006,Not Available,0.0,0.0
JAMERICA LLC.,Restaurant,2125 RHODE ISLAND AVE NE ,WASHINGTON,DC,20018,Not Available,38.92979008,-76.97398591
Berkat Group Corp.,Restaurant,2000 PENNSYLVANIA AVE NW ,WASHINGTON,DC,20006,Not Available,38.90035538,-77.0457758
The Crown and Crow,Restaurant,1317 14TH ST NW ,WASHINGTON,DC,20005,Not Available,38.90786197,-77.03156456
PURO GUSTO,Restaurant,1345 F ST NW ,WASHINGTON,DC,20004,Not Available,38.89764083,-77.03127472
TRUE INTERNATIONAL INC,Restaurant,3906 14TH ST NW ,WASHINGTON,DC,20011,Not Available,38.93886992,-77.03300787
CAPE POINT GROUP LLC,Restaurant,1627 K ST NW ,WASHINGTON,DC,20006,Not Available,38.9029116,-77.03767475
TEST RECORD DO NOT PROCESS,Restaurant,1600 TAYLOR ST NE ,WASHINGTON,DC,20017,Not Available,38.94098207,-76.98220189
WSC20 L.L.C.,Restaurant,71 POTOMAC AVE SE ,WASHINGTON,DC,20003,2028038651,38.87075711,-77.00732086
F.D. LLC,Restaurant,1936 9TH ST NW ,WASHINGTON,DC,20001,Not Available,38.91661982,-77.02424252
EHP 3 LLC,Restaurant,520 8TH ST SE ,WASHINGTON,DC,20003,Not Available,38.88195798,-76.99461136
Cafe Unido,Restaurant,1280 4TH ST NE ,WASHINGTON,DC,20002,Not Available,38.90885456,-76.99959174
Basque Bar LLC.,Restaurant,711 KENNEDY ST NW ,WASHINGTON,DC,20011,Not Available,38.95656659,-77.02287001
Melee Inc,Restaurant,2017 14TH ST NW ,WASHINGTON,DC,20009,Not Available,38.91763889,-77.03161789
Seasons Culinary Services,Restaurant,680 MAINE AVE SW ,WASHINGTON,DC,20024,Not Available,38.87810661,-77.02273745
Alchemist DC LLC.,Restaurant,1334 U ST NW ,WASHINGTON,DC,20009,Not Available,38.91679876,-77.03098574
Primrose,Restaurant,3002 12TH ST NE ,WASHINGTON,DC,20017,Not Available,38.92778888,-76.99087776
Potbelly Sandwich Works LLC,Restaurant,1660 L ST NW ,WASHINGTON,DC,20036-5603,Not Available,38.90347188,-77.03807775
sweetgreen licensing,Restaurant,601 MASSACHUSETTS AVE NW ,WASHINGTON,DC,20001,Not Available,38.90187231,-77.02020415
"U Street Partners, LLC",Restaurant,919 U ST NW ,WASHINGTON,DC,20001,Not Available,38.91725031,-77.02480798
Salted Inc.,Restaurant,2000 5TH ST NE ,WASHINGTON,DC,20002,Not Available,38.91713131,-76.9998403
Lost Generation Brewing Company,Restaurant,327 S ST NE ,WASHINGTON,DC,20002,Not Available,38.91387029,-77.00085602
Buddy's DC,Restaurant,3234 11TH ST NW ,WASHINGTON,DC,20010,Not Available,38.93049581,-77.02815039
Black Whiskey LLC,Restaurant,1410 14TH ST NW ,WASHINGTON,DC,20005,Not Available,38.90927419,-77.0322791
DNA LOUNGE LLC,Restaurant,1102 U ST NW ,WASHINGTON,DC,20009,Not Available,38.91684795,-77.02733208
PLAYDC RESTAURANT & LOUNGE LLC,Restaurant,1541 7TH ST NW ,WASHINGTON,DC,20001,Not Available,38.91076043,-77.02166002
Starbucks Corporation,Restaurant,3416 WISCONSIN AVE NW ,WASHINGTON,DC,20016,Not Available,38.93533875,-77.07310687
Agua 301,Restaurant,301 WATER ST SE ,WASHINGTON,DC,20003,Not Available,38.87346417,-77.00154144
Wagyu Makoto DC LLC,Restaurant,4822 MACARTHUR BLVD NW ,WASHINGTON,DC,20007,Not Available,38.91671188,-77.09639161
RUN VEGGIE LLC,Restaurant,2154 24TH PL NE ,WASHINGTON,DC,20018,Not Available,38.9210436537,-76.9724765048
LA NICCHIA LLC,Restaurant,2435 18TH ST NW ,WASHINGTON,DC,20009,Not Available,38.92142898,-77.04193856
TS RESTAURANT GROUP LLC.,Restaurant,2429 18TH ST NW ,WASHINGTON,DC,20009,Not Available,38.92128604,-77.04187874
SEOUL SPICE 7 LLC,Restaurant,1251 1ST ST SE ,WASHINGTON,DC,20003,Not Available,38.87550992,-77.00610128
ASTORIADC LLC,Restaurant,1521 17TH ST NW ,WASHINGTON,DC,20036,Not Available,38.91052439,-77.03817709
Fuji Hibach and sushi inc,Restaurant,2714 GOOD HOPE RD SE ,WASHINGTON,DC,20020,Not Available,38.86067653,-76.9684093
Triple Cooked LLC,Restaurant,1309 5TH ST NE ,WASHINGTON,DC,20002,Not Available,38.90871669,-76.99765027
GW University Hospital,Restaurant,900 23RD ST NW ,WASHINGTON,DC,,Not Available,38.9013080732,-77.0507134528
Mixxed Be You,Restaurant,2427 18TH ST NW ,WASHINGTON,DC,20009,Not Available,38.92124469,-77.04188645
"KSOB City Ridge, LLC",Restaurant,7 RIDGE SQ NW ,WASHINGTON,DC,20016,Not Available,38.94097096,-77.07756831
For Five D.C. LLC,Restaurant,2000 L ST NW ,WASHINGTON,DC,20036,Not Available,38.9034075242,-77.0457847929
Miss Toya's Southern Cajun Kitchen,Restaurant,3212 PENNSYLVANIA AVE SE ,WASHINGTON,DC,20020,Not Available,38.86981386,-76.96001536
LOS CABALLEROS RESTAURANT,Restaurant,308 PENNSYLVANIA AVE SE ,WASHINGTON,DC,20003,Not Available,38.88718068,-77.001617
Full Moon LLC,Restaurant,900 19TH ST NW ,WASHINGTON,DC,20006,Not Available,38.90164025,-77.04386751
BALOS LLC,Restaurant,1900 N ST NW ,WASHINGTON,DC,20036,Not Available,38.90706443,-77.0439881
DHMST LLC,Restaurant,1837 M ST NW ,WASHINGTON,DC,20036,Not Available,38.90582875,-77.04322146
ZEWDIE INC,Restaurant,1114 U ST NW ,WASHINGTON,DC,20001,Not Available,38.91685064,-77.02778916
"French Bread, LLC",Restaurant,1323 4TH ST NE ,WASHINGTON,DC,20002,Not Available,38.90955655,-76.99844914
Maman Navy Yard L.L.C.,Restaurant,141 N ST SE ,WASHINGTON,DC,20003,Not Available,38.87447178,-77.00451974
EATOPIA EATERY LLC,Restaurant,1301 U ST NW ,WASHINGTON,DC,20009,Not Available,38.91728599,-77.03051814
"SEATON MOTOR COMPANY, LLC",Restaurant,1822 1ST ST NW ,WASHINGTON,DC,20001,Not Available,38.91500802,-77.01238308
Flaherty & O'Hara PC,Restaurant,601 F ST NW ,WASHINGTON,DC,20004,Not Available,38.8980785153,-77.0209572291
MLK GURO & KABOO INC,Restaurant,2122 MARTIN LUTHER KING J AVE SE ,WASHINGTON,DC,20020,Not Available,38.86506118,-76.98947242
MH HOSPITALITY CORP,Restaurant,3228 WISCONSIN AVE NW ,WASHINGTON,DC,20018,Not Available,38.93313609,-77.07288005
The Popal Group LLC,Restaurant,1819 COLUMBIA RD NW ,WASHINGTON,DC,20009,Not Available,38.92188991,-77.04366214
HM Thatre and Jazz Lounge LLC,Restaurant,2917 GEORGIA AVE NW ,WASHINGTON,DC,20001,Not Available,38.92778891,-77.02278478
Dukes Grocery,Restaurant,1513 17TH ST NW ,WASHINGTON,DC,20036,Not Available,38.91019677,-77.03815259
River Club,Restaurant,3000 K ST NW ,WASHINGTON,DC,20007,Not Available,38.9018141,-77.05975468
Talkin DMV Inc,Restaurant,1800 M ST NW ,WASHINGTON,DC,20036,Not Available,38.90533023,-77.04223738
Hill Country DC LLC,Restaurant,410 7TH ST NW ,WASHINGTON,DC,20004,Not Available,38.89516604,-77.02220364
BSST CORP,Restaurant,2216 WISCONSIN AVE NW ,WASHINGTON,DC,20007,Not Available,38.91951455,-77.07127331
Seasons Culinary Services,Restaurant,2101 CONSTITUTION AVE NW ,WASHINGTON,DC,20418,Not Available,38.89306315,-77.04777107
Aramark Educational Services LLC,Restaurant,3520 PROSPECT ST NW ,WASHINGTON,DC,20007,Not Available,38.90578384,-77.06991425
"CAPITOL Q RESTAURANTS, LLC",Restaurant,555 11TH ST NW ,WASHINGTON,DC,20004,Not Available,38.8966931,-77.0266501
C/O GRAYROBINSON ATTN: PANERA LICENSING,Restaurant,1331 4TH ST SE ,WASHINGTON,DC,20003,Not Available,38.87428995,-77.00077303
OM Operator !,Restaurant,1550 7TH ST NW ,WASHINGTON,DC,20001,Not Available,38.91037685,-77.02220319
Conduit Road LLC,Restaurant,5125 MACARTHUR BLVD NW ,WASHINGTON,DC,20016,Not Available,38.92563211,-77.10170105
Potbelly Sandwich Works LLC,Restaurant,300 7TH ST SW ,WASHINGTON,DC,20024,Not Available,38.8852286,-77.02139397
X-Golf Nationals Park,Restaurant,1500 SOUTH CAPITOL ST SE ,WASHINGTON,DC,20003,Not Available,38.87235978,-77.00852675
Hornblower Cruises and Events LLC,Restaurant,580 WATER ST SW ,WASHINGTON,DC,20024,Not Available,38.8746671,-77.02138908
Bammy's,Restaurant,301 WATER ST SE ,WASHINGTON,DC,20003,Not Available,38.87346417,-77.00154144
"BB3501CONN, LLC",Restaurant,3501 CONNECTICUT AVE NW ,WASHINGTON,DC,20008,Not Available,38.93567085,-77.0579141
DC WINERY LLC,Restaurant,385 WATER ST SE ,WASHINGTON,DC,20003,Not Available,38.87347436,-77.00073119
"HARVEST EATS DC, LLC",Restaurant,1336 14TH ST NW ,WASHINGTON,DC,20005,Not Available,38.90842419,-77.03219075
PANTRY THAI BRISTRO & GROCER,Restaurant,3716 GEORGIA AVE NW ,WASHINGTON,DC,20010,2026291643,38.93657081,-77.02466476
ARAMARK EDUCATIONAL SERVICES LLC,Restaurant,3700 O ST NW ,WASHINGTON,DC,20057,Not Available,38.90750247,-77.07273891
Hill Restaurant Group LLC,Restaurant,325 PENNSYLVANIA AVE SE ,WASHINGTON,DC,20003,Not Available,38.88640689,-77.00125795
Hill Restaurant Group,Restaurant,514 8TH ST SE ,WASHINGTON,DC,20003,Not Available,38.88220479,-76.99460373
MUSEUM OF THE BIBLE INC (THE),Restaurant,400 4TH ST SW ,WASHINGTON,DC,20024,Not Available,38.88483077,-77.01713774
UPSHUR BURGER CONCEPTS LLC.,Restaurant,2000 18TH ST NW ,WASHINGTON,DC,20009,Not Available,38.917122,-77.04189844
"BUSBOYS OF TAKOMA, LLC.",Restaurant,235 CARROLL ST NW ,WASHINGTON,DC,20012,Not Available,38.97512471,-77.01537532
SODEXO OPERATIONS LLC,Restaurant,1100 15TH ST NW ,WASHINGTON,DC,20005,Not Available,38.90402734,-77.03498658
NAMU L.L.C.,Restaurant,1730 M ST NW ,WASHINGTON,DC,20036,Not Available,38.90536414,-77.03987936
Unknown,Vacation Rental,1101 4TH ST SW ,WASHINGTON,DC,20024,Not Available,38.87766061,-77.01804992
"Yuma Rental, LLC.",Bed and Breakfast,4531 YUMA ST NW ,WASHINGTON,DC,20016,Not Available,38.94651006,-77.09000742
Unknown,Bed and Breakfast,1928 CALVERT ST NW ,WASHINGTON,DC,20009-1560,Not Available,38.92296847,-77.04579862
The Azalae Suite,Bed and Breakfast,2613 RANDOLPH ST NE ,WASHINGTON,DC,20018,Not Available,38.93755078,-76.96942958
1846 3rd Street LLC,Bed and Breakfast,1846 3RD ST NW ,WASHINGTON,DC,20001,Not Available,38.91520688,-77.01594401
David Jones,Bed and Breakfast,4607 SOUTH DAKOTA AVE NE ,WASHINGTON,DC,20017,Not Available,38.94624805,-76.98789781
CCNAC Investment Group LLC,Bed and Breakfast,1667 FORT DAVIS PL SE ,WASHINGTON,DC,20020,Not Available,38.8664615,-76.94796706
Lyndon Powell (bed and breakfast),Bed and Breakfast,1235 LINDEN PL NE ,WASHINGTON,DC,20002,Not Available,38.8994111,-76.98890029
Graham Grossman,Bed and Breakfast,740 5TH ST NE ,WASHINGTON,DC,20002,Not Available,38.90001636,-76.99973693
Murchinson King Jr,Bed and Breakfast,1231 SAVANNAH PL SE ,WASHINGTON,DC,20032,Not Available,38.84362253,-76.98912114
Gomes Homes LLS,Bed and Breakfast,1411 S ST SE ,WASHINGTON,DC,20020,Not Available,38.86805314,-76.98453989
PMGL LLC,Bed and Breakfast,1018 18TH ST NE ,WASHINGTON,DC,20002,Not Available,38.9030897,-76.97827568
1400 9th Street llc,Bed and Breakfast,1208 9TH ST NW ,WASHINGTON,DC,20001,Not Available,38.90604882,-77.02416111
"CARAVAN HOSTEL, L.L.C.",Boarding House,2311 18TH ST NW ,WASHINGTON,DC,20009,Not Available,38.92005922,-77.04147292
T & L HOSPITALITY INC,Hotel,2700 NEW YORK AVE NE ,WASHINGTON,DC,20002,2028325800,38.91797719,-76.9705995
STATE PLAZA HOTEL INC,Hotel,2116 F ST NW ,WASHINGTON,DC,20037,2023421054,38.89697548,-77.04748469
CHATHAM WASHINGTON DC LEASECO LLC.,Hotel,801 NEW HAMPSHIRE AVE NW ,WASHINGTON,DC,20037,Not Available,38.89986607,-77.05222135
BSREP III DC Hotel TRS LLC.,Hotel,806 15TH ST NW ,WASHINGTON,DC,20005,Not Available,38.90049959,-77.03404172
WILLARD RE HOLDINGS LLC,Hotel,1733 N ST NW ,WASHINGTON,DC,20036,Not Available,38.90744639,-77.03970459
Birchington LLC,Hotel,317 K ST NW ,WASHINGTON,DC,20001,Not Available,38.90276686,-77.01599103
TWELVE STREET LLC,Hotel,3619 12TH ST NE ,WASHINGTON,DC,20017,Not Available,38.93414607,-76.9909631
899 Beverages LLC,Hotel,899 O ST NW ,WASHINGTON,DC,20001,Not Available,38.90874682,-77.0237179
PHOENIX PARK HOTEL ,Hotel,520 NORTH CAPITOL ST NW ,WASHINGTON,DC,20001,5713821718,38.89708492,-77.00947809
COMPASS GROUP USA INC,Hotel,800 FLORIDA AVE NE ,WASHINGTON,DC,20002,2025569150,38.90575333,-76.99488464
THE MAYFLOWER HOTEL,Hotel,1127 CONNECTICUT AVE NW ,WASHINGTON,DC,20036,9142878850,38.90444225,-77.03946658
HOTEL MONACO & POSTE RESTAURANT,Hotel,700 F ST NW ,WASHINGTON,DC,20004,2024497017,38.89698883,-77.02246335
"Pennsylvania Avenue Development, LLC",Inn And Motel,1012 PENNSYLVANIA AVE SE ,WASHINGTON,DC,20003,Not Available,38.88333402,-76.99205697
YELLOW TRANSPORTATION           SERVICES LLC,Auto Rental,1636 BLADENSBURG RD NE ,WASHINGTON,DC,20002,2025467900,38.9124856735,-76.9767349166
Unknown,Delicatessen,950 H ST NW ,WASHINGTON,DC,20223,Not Available,38.89938801,-77.02520226
DDS/RSA RANDOLPH-SHEPPARD VENDING FACILITY ( RSVFP),Delicatessen,441 4TH ST NW ,WASHINGTON,DC,20001,Not Available,38.89544638,-77.0156446
NAMESI INCORPORATED,Delicatessen,1400 MARYLAND AVE NE ,WASHINGTON,DC,20002,Not Available,38.8998193304,-76.9851845804
ANTOJITOS CECIBEL LLC.,Delicatessen,1458 PARK RD NW ,WASHINGTON,DC,20010,2029574558,38.93073021,-77.03454747
Scheele's Market,Delicatessen,1331 29TH ST NW ,WASHINGTON,DC,20007,Not Available,38.9077810469,-77.0580225398
7-ELEVEN INC,Delicatessen,429 8TH ST SE ,WASHINGTON,DC,20003,Not Available,38.88287819,-76.99527411
7-ELEVEN INC,Delicatessen,3707 14TH ST NW ,WASHINGTON,DC,20010,Not Available,38.93741236,-77.03243856
GET SMART 2 INC.,Delicatessen,4510 EAST CAPITOL ST NE ,WASHINGTON,DC,20019,Not Available,38.89001852,-76.93724019
Sebah Corporation,Delicatessen,3833 PENNSYLVANIA AVE SE ,WASHINGTON,DC,20020,Not Available,38.86512131,-76.95144393
Mac Market & Deli,Delicatessen,5185 MACARTHUR BLVD NW ,WASHINGTON,DC,20016,Not Available,38.92673614,-77.10272948
AAT LLC,Delicatessen,4201 MASSACHUSETTS AVE NW ,WASHINGTON,DC,20016,Not Available,38.93583779,-77.08187114
7-ELEVEN INC,Delicatessen,1501 INDEPENDENCE AVE SE ,WASHINGTON,DC,20003,Not Available,38.88744304,-76.98345385
DAKOTA CONVENIENCE INC,Delicatessen,5585 SOUTH DAKOTA AVE NE ,WASHINGTON,DC,20011,Not Available,38.95830813,-77.00085332
MAS INC,Food Products,3710 MINNESOTA AVE NE ,WASHINGTON,DC,20019,Not Available,38.8910085,-76.95269679
WALGREENS #17712,Food Products,1306 U ST NW ,WASHINGTON,DC,20001,Not Available,38.91677567,-77.03005427
Housebar,Food Products,1299 1ST ST SE ,WASHINGTON,DC,20003,Not Available,38.87486867,-77.00617659
R.I. Associates LLC,Food Products,1501 RHODE ISLAND AVE NW ,WASHINGTON,DC,20005,Not Available,38.90811603,-77.03497083
LEE YYD Inc. t/a Fairfax Liquors,Food Products,3851 PENNSYLVANIA AVE SE ,WASHINGTON,DC,20020,Not Available,38.86489055,-76.95088168
WAL-MART CORPORATE OFFICES,Grocery Store,5929 GEORGIA AVE NW ,WASHINGTON,DC,20011,Not Available,38.96194197,-77.02731441
"Groceryworks.com Operating Company, LLC",Grocery Store,6500 PINEY BRANCH RD NW ,WASHINGTON,DC,20012,Not Available,38.96955672,-77.02655688
Safeway,Grocery Store,322 40TH ST NE ,WASHINGTON,DC,20003,Not Available,38.89313233,-76.94745494
RAYAN INC,Grocery Store,3459 14TH ST NW ,WASHINGTON,DC,20010,Not Available,38.93372653,-77.0324197
JS LLC,Grocery Store,936 RHODE ISLAND AVE NE ,WASHINGTON,DC,20018,Not Available,38.92260905,-76.99271556
Heights Liquor,Grocery Store,547 42ND ST NE ,WASHINGTON,DC,20019,Not Available,38.897369916,-76.942354471
NG TG INC,Grocery Store,2001 BENNING RD NE ,WASHINGTON,DC,20002,Not Available,38.89845561,-76.97538611
TOP MART INC,Grocery Store,3109 MARTIN LUTHER KING J AVE SE ,WASHINGTON,DC,20032,Not Available,38.84367231,-76.99958347
BETU LLC  t/a T Street Market,Grocery Store,321 T ST NE ,WASHINGTON,DC,20002,Not Available,38.91530216,-77.00099498
DEMISSIE 1 INCORPORATED,Grocery Store,3659 GEORGIA AVE NW ,WASHINGTON,DC,20010,Not Available,38.93611423,-77.02400728
HARRIS TEETER #352,Restaurant,1201 1ST ST NE ,WASHINGTON,DC,20002,Not Available,38.90593275,-77.00560766
ALEX UNISEX INC I,Barber Shop,3163 MOUNT PLEASANT ST NW ,WASHINGTON,DC,20010,2022323831,38.93069611,-77.03789253
Unknown,Barber Shop,4301 CONNECTICUT AVE NW ,WASHINGTON,DC,20008,2022449646,38.94477464,-77.06310886
ALBERT C. HILLMAN'S BARBER SHOP,Barber Shop,1106 H ST NE ,WASHINGTON,DC,20002,2023969640,38.90039374,-76.99115379
Salon L'eau,Barber Shop,3240 P ST NW ,WASHINGTON,DC,20007,Not Available,38.90865366,-77.06458935
Lees Barbershop II,Barber Shop,4409 BOWEN RD SE ,WASHINGTON,DC,20019,Not Available,38.87334348,-76.93518747
EMILY & ETHAN LLC,Barber Shop,4620 14TH ST NW ,WASHINGTON,DC,20011,Not Available,38.94679478,-77.0330022
DaCulture Styles LLC.,Barber Shop,2920 MINNESOTA AVE SE ,WASHINGTON,DC,20019,Not Available,38.87630932,-76.96550907
MT. PLEASANT UNISEX SALON LLC.,Beauty Shop,3253 MOUNT PLEASANT ST NW ,WASHINGTON,DC,20010,Not Available,38.93233206,-77.03860501
DMC BEAUTY SALON,Beauty Shop,1456 PARK RD NW ,WASHINGTON,DC,20010,2024680215,38.93072112,-77.03449476
REINVENT YOU LLC,Beauty Shop,2709 12TH ST NE ,WASHINGTON,DC,20018,Not Available,38.92479529,-76.99017122
DUPONT CIRCLE SALON LLC.,Beauty Shop,1730 M ST NW ,WASHINGTON,DC,20036,Not Available,38.90536414,-77.03987936
WINFRED CARSON SMITH.,Beauty Shop,7713 GEORGIA AVE NW ,WASHINGTON,DC,20012,2028295910,38.98330868,-77.02605879
"Asukisq Hair Salon, INC.",Beauty Shop,1794 COLUMBIA RD NW ,WASHINGTON,DC,20009,Not Available,38.92267809,-77.0423225
"SALON RIVE GAUCHE, LLC",Beauty Shop,3214 N ST NW ,WASHINGTON,DC,20007,Not Available,38.90671651,-77.06372152
TIGANI P STREET LLC.,Beauty Shop,2130 P ST NW ,WASHINGTON,DC,20037,2024662626,38.90948268,-77.04836317
Unknown,Bakery,3419 14TH ST NW ,WASHINGTON,DC,20010,Not Available,38.93210882,-77.03241042
THE SWEET LOBBY LLC,Bakery,705 8TH ST SE ,WASHINGTON,DC,20003,Not Available,38.88099706,-76.99527896
Unknown,Bakery,2409 18TH ST NW ,WASHINGTON,DC,20009,Not Available,38.9208262,-77.04177792
Captain Cookie and the Milk Man,Bakery,2040 I ST NW ,WASHINGTON,DC,20006,Not Available,38.90051764,-77.04641838
crust DC LLC,Bakery,3143 N ST NW ,WASHINGTON,DC,20007,Not Available,38.90692711,-77.06274886
DUPONT COFFEE COLLECTIVE,Bakery,1909 Q ST NW ,WASHINGTON,DC,20009,Not Available,38.91128795,-77.04381222
PEACHES KITCHEN/CATERING LLC.,Caterers,6214 3RD ST NW ,WASHINGTON,DC,20011,2027225250,38.96548927,-77.01640538
CAPITAL FRESH INC.,Caterers,1905 BRENTWOOD RD NE ,WASHINGTON,DC,20018,2022480398,38.91620268,-76.99421407
Unknown,Caterers,3845 SOUTH CAPITOL ST SE ,WASHINGTON,DC,20032,3015679599,0.0,0.0
TASTELIFE CATERING LLC,Caterers,1532 U ST NW ,WASHINGTON,DC,20009,Not Available,38.91680233,-77.03581247
"CSC, CHARITABLE SERVICES",Caterers,3400 MARTIN LUTHER KING J AVE SE ,WASHINGTON,DC,20032,Not Available,38.84101325,-77.00308458
Unknown,Caterers,2619 EVARTS ST NE ,WASHINGTON,DC,20018,Not Available,38.92408834,-76.96885368
ADAMS TOWING INC,Tow Truck,916 TAYLOR ST NW ,WASHINGTON,DC,20011,Not Available,38.94056475,-77.02593797
"Atlantic Towing & Recovery, Inc.",Tow Truck,2521 BLADENSBURG RD NE ,WASHINGTON,DC,20018,Not Available,38.9228946563,-76.9674612613
Big Dreams Towing and Recovery LLC,Tow Truck,3010 RHODE ISLAND AVE NE ,WASHINGTON,DC,20018,Not Available,38.93464441,-76.96516044
Metro Motor Towing & Recovery,Tow Truck,1329 KENILWORTH AVE NE ,WASHINGTON,DC,20019,Not Available,38.90818104,-76.93697125
ALL-STAR TOWING INC.,Tow Truck Business,2405 22nd ST NE ,WASHINGTON,DC,20018,2028322717,38.92174383,-76.97347004
MURPHY'S AUTO BODY INC,Tow Truck Business,1708 Marion Barry AVE SE ,WASHINGTON,DC,20020,Not Available,38.86612047,-76.98017942
On-Call Removal Service llc,Tow Truck Business,1239 KENILWORTH AVE NE ,WASHINGTON,DC,20019,Not Available,38.9068322211,-76.9376514012
Apex Towing Service Inc.,Tow Truck Business,1239 KENILWORTH AVE NE ,WASHINGTON,DC,20019,Not Available,38.9068322211,-76.9376514012
Is Wrecker Service LLC DBA I AM Towing,Tow Truck Business,1708 GOOD HOPE RD SE ,WASHINGTON,DC,20020,Not Available,38.8661208,-76.98017942
RICKY'S TOWING INC,Tow Truck Business,916 TAYLOR ST NW ,WASHINGTON,DC,20011,2028824330,38.94056475,-77.02593797
ADAMS TOWING INC,Tow Truck Business,916 TAYLOR ST NW ,WASHINGTON,DC,20011,Not Available,38.94056475,-77.02593797
"PLATNUM TOWING, INC.",Tow Truck Storage Lot,198 RIGGS RD NE ,WASHINGTON,DC,20011,Not Available,38.95624825,-77.0036804
TOWING GROUP INC,Tow Truck Storage Lot,2307 BLADENSBURG RD NE ,WASHINGTON,DC,20018,Not Available,38.92053558,-76.96931003
METROPOLITAN TOWING & RECOVERY INC,Tow Truck Storage Lot,2307 BLADENSBURG RD NE ,WASHINGTON,DC,20018,Not Available,38.92053558,-76.96931003
Big Dreams Towing and Recovery LLC,Tow Truck Storage Lot,3010 RHODE ISLAND AVE NE ,WASHINGTON,DC,20018,Not Available,38.93464441,-76.96516044
District Petroleum,Gasoline Dealer,5030 CONNECTICUT AVE NW ,WASHINGTON,DC,20008,Not Available,38.95532133,-77.07060234
Sadr LLC,Gasoline Dealer,3426 18TH ST NE ,WASHINGTON,DC,20018,Not Available,38.9327356313,-76.9799880183
RLAJ PARTNERS LLC,Beauty Shop,5300 WISCONSIN AVE NW ,WASHINGTON,DC,20015,7038937121,38.9596690805,-77.0855668552
Image Hair Studio Salon Inc,Beauty Shop,4620 14TH ST NW ,WASHINGTON,DC,20011,Not Available,38.94679478,-77.0330022
PR at Partners,Beauty Shop,1001 G ST NW ,WASHINGTON,DC,20001-4545,Not Available,38.89871156,-77.02648543
Le Fini Holdings LLC,Beauty Shop,1543 NEW JERSEY AVE NW ,WASHINGTON,DC,20001,Not Available,38.91087387,-77.01636953
MT. PLEASANT UNISEX SALON LLC.,Beauty Shop,3253 MOUNT PLEASANT ST NW ,WASHINGTON,DC,20010,Not Available,38.93233206,-77.03860501
Silver Mirror Navy Yards,Beauty Shop,1355 3rd ST SE ,WASHINGTON,DC,,Not Available,38.87410367,-77.00226942
Last Tangle in Washington,Beauty Shop,1900 M ST NW ,WASHINGTON,DC,20036,Not Available,38.90536115,-77.04386923
Golden Salon LLC,Beauty Shop,1800 M ST NW ,WASHINGTON,DC,20036,Not Available,38.90533023,-77.04223738
L5 Skincare Shops Virginia LLC,Beauty Shop,1829 14TH ST NW ,WASHINGTON,DC,20009,Not Available,38.91498757,-77.03155803
Southern Luxe Community Salons LLC,Beauty Shop,5901 MACARTHUR BLVD NW ,WASHINGTON,DC,20016,Not Available,38.93619852,-77.11114394
LuLuu Spa & Salon,Beauty Shop,1706 CONNECTICUT AVE NW ,WASHINGTON,DC,20009,Not Available,38.91287577,-77.04567026
Dominican Star Hair Salon,Beauty Shop,5311 GEORGIA AVE NW ,WASHINGTON,DC,20011,Not Available,38.95453223,-77.02754266
LAMIRA AFRICAN DESIGNER BRAIDING L.L.C,Beauty Shop Braiding,6222 GEORGIA AVE NW ,WASHINGTON,DC,20011,Not Available,38.96566572,-77.02790362
European Wax Center,Beauty Shop,1075 5TH ST NW ,WASHINGTON,DC,20001,Not Available,38.90330318,-77.0186981
QI SPA AND BOUTIQUE INC.,Beauty Shop Esthetics,3106 M ST NW ,WASHINGTON,DC,20007,Not Available,38.90500495,-77.06147276
Unknown,Beauty Shop Esthetics,655 C ST SE ,WASHINGTON,DC,20003,Not Available,38.88586695,-76.9966206
Brow contour,Beauty Shop Esthetics,1025 CONNECTICUT AVE NW ,WASHINGTON,DC,20036,Not Available,38.9033708834,-77.0392879791
WINFRED CARSON SMITH.,Beauty Shop,7713 GEORGIA AVE NW ,WASHINGTON,DC,20012,2028295910,38.98330868,-77.02605879
VARNISH LANE,Beauty Shop Nails,5236 44TH ST NW ,WASHINGTON,DC,20015,Not Available,38.9582376,-77.08647961
MIMOSA SALON III,Beauty Shop Nails,1706 R ST NW ,WASHINGTON,DC,20009,Not Available,38.91243806,-77.03890936
"COSMO BEAUTY BAR, LLC.",Beauty Shop Nails,1911 9TH ST NW ,WASHINGTON,DC,20001,Not Available,38.91610087,-77.02373476
Nailbed & Bar LLC,Beauty Shop Nails,2922 MINNESOTA AVE SE ,WASHINGTON,DC,20019,Not Available,38.87635064,-76.96541213
PALISADES NAILS AND SPA,Beauty Shop Nails,5185 MACARTHUR BLVD NW ,WASHINGTON,DC,20016,Not Available,38.92673614,-77.10272948
SAM'S NAIL INC.,Beauty Shop Nails,3723 GEORGIA AVE NW ,WASHINGTON,DC,20010,Not Available,38.9374197,-77.02418846
NAIL AVENUE,Beauty Shop Nails,4483 CONNECTICUT AVE NW ,WASHINGTON,DC,20008,Not Available,38.94769433,-77.06522009
YEN MAI INC.,Beauty Shop Nails,1616 WISCONSIN AVE NW ,WASHINGTON,DC,20007,Not Available,38.91127091,-77.06558158
BAILEY C RIZER LLC.,Health Spa,1302 9TH ST NW ,WASHINGTON,DC,20001,Not Available,38.90741926,-77.02416872
LZNF VENTURES LLC.,Health Spa,609 H ST NE ,WASHINGTON,DC,20002,Not Available,38.9000158,-76.9979919
WAT MASSAGE LLC.,Massage Establishment,1804 VERNON ST NW ,WASHINGTON,DC,20009,Not Available,38.9168162,-77.04205785
MASSAGE ESCAPE SPA COMPANY,Massage Establishment,2352 WISCONSIN AVE NW ,WASHINGTON,DC,20007,Not Available,38.92110979,-77.0723779
Salamander Washington DC,Health Spa,1330 MARYLAND AVE SW ,WASHINGTON,DC,20024,Not Available,38.88360211,-77.03044887
ESHET INJERA LLC,Bakery,829 KENNEDY ST NW ,WASHINGTON,DC,20011,2024586958,38.95650186,-77.02528522
PAN LOURDES BAKERY,Bakery,5121 GEORGIA AVE NW ,WASHINGTON,DC,20011,Not Available,38.95263371,-77.02727785
GSI #0047 HOGAN-CAFETERIA,Caterers,555 13TH ST NW ,WASHINGTON,DC,20004,Not Available,38.89699703,-77.02935404
"CUSTOM CUISINE, LLC",Caterers,703 EDGEWOOD ST NE ,WASHINGTON,DC,20017,Not Available,38.9250448,-76.99582567
ITALIAN FOOD AND BEVERAGE INC.,Caterers,703 EDGEWOOD ST NE ,WASHINGTON,DC,20017,Not Available,38.9250448,-76.99582567
ITALIAN GOURMET MARKET DELI Inc.,Caterers,1707 L ST NW ,WASHINGTON,DC,20036,Not Available,38.90404434,-77.03922436
"Ability Nutrition Catering, LLC",Caterers,1369 NEW YORK AVE NE ,WASHINGTON,DC,20002,Not Available,38.91529142,-76.98528226
Tyson's Creations LLC.,Caterers,2800 10TH ST NE ,WASHINGTON,DC,20017,Not Available,38.92581574,-76.99276286
TEMPIE LEE'S SWEET POTATO PIES LLC,Caterers,2800 10TH ST NE ,WASHINGTON,DC,20017,Not Available,38.92581574,-76.99276286
"Los Quesos, LLC",Caterers,2375 ELVANS RD SE ,WASHINGTON,DC,20020,Not Available,38.8551751573,-76.9843861126
Momma Lumpia LLC dba Matet's Kitchen,Caterers,1369 NEW YORK AVE NE ,WASHINGTON,DC,20002,Not Available,38.91529142,-76.98528226
Dine With Claudine,Caterers,703 EDGEWOOD ST NE ,WASHINGTON,DC,20017,Not Available,38.9250448,-76.99582567
Wolfmoon Catering LLC,Caterers,2375 ELVANS RD SE ,WASHINGTON,DC,20020,Not Available,38.8551751573,-76.9843861126
HUNNI SO SWEET,Caterers,2800 10TH ST NE ,WASHINGTON,DC,20017,Not Available,38.92581574,-76.99276286
Mercy Management,Caterers,1369 NEW YORK AVE NE ,WASHINGTON,DC,20002,Not Available,38.91529142,-76.98528226
Chopsmith,Caterers,300 M ST NE ,WASHINGTON,DC,20002,Not Available,38.90579764,-77.00160854
TasteLife Catering,Caterers,2800 10TH ST NE ,WASHINGTON,DC,20017,Not Available,38.92581574,-76.99276286
"D'Liche, LLC.",Caterers,2800 10TH ST NE ,WASHINGTON,DC,20017,Not Available,38.92581574,-76.99276286
Momma Lumpia L.L.C.,Caterers,1625 ECKINGTON PL NE ,WASHINGTON,DC,20002,Not Available,38.91199724,-77.00399957
Unknown,Caterers,2735 ELVANS RD SE ,WASHINGTON,DC,20020,2405738329,0.0,0.0
WEST TRIBES,Caterers,703 EDGEWOOD ST NE ,WASHINGTON,DC,20017,Not Available,38.9250448,-76.99582567
VegHeaven L.C,Caterers,5514 COLORADO AVE NW ,WASHINGTON,DC,20011,Not Available,38.95706586,-77.032909
Unknown,Gasoline Dealer,1248 PENNSYLVANIA AVE SE ,WASHINGTON,DC,20003,Not Available,38.88208232,-76.98866037
District Petroleum,Gasoline Dealer,5030 CONNECTICUT AVE NW ,WASHINGTON,DC,20008,Not Available,38.95532133,-77.07060234
Unknown,Delicatessen,1601 7TH ST NW ,WASHINGTON,DC,20001,7033544441,38.91130936,-77.02174389
Omni Shoreham Corporation,Restaurant,2500 CALVERT ST NW ,WASHINGTON,DC,20008,Not Available,38.92262375,-77.05381823
GUEST SERVICES (#1680),Food Vending Machine,2900 VIRGINIA AVE NW ,WASHINGTON,DC,20037,7039489324,38.90037496,-77.05806851
Kommitted Vending Services,Food Vending Machine,4530 MACARTHUR BLVD NW ,WASHINGTON,DC,20007,Not Available,38.90776215,-77.08616672
D&B Vending Services,Food Vending Machine,2000 14TH ST NW ,WASHINGTON,DC,20009,Not Available,38.9175693,-77.03251498
F & A ENTERPRISES INC.,Grocery Store,4845 MASSACHUSETTS AVE NW ,WASHINGTON,DC,20016,2023630777,38.94571376,-77.0957568
S & H 4 INC.,Grocery Store,1221 MASSACHUSETTS AVE NW ,WASHINGTON,DC,20005,Not Available,38.90500016,-77.02904213
"TRADER JOE'S EAST, INC",Grocery Store,2101 WISCONSIN AVE NW ,WASHINGTON,DC,20007,Not Available,38.91730519,-77.06868596
"Splash Liquor, WIne and Groceries",Grocery Store,213 UPSHUR ST NW ,WASHINGTON,DC,20011,Not Available,38.94245477,-77.01433808
JS LLC,Grocery Store,936 RHODE ISLAND AVE NE ,WASHINGTON,DC,20018,Not Available,38.92260905,-76.99271556
Trinity Grill & Social Market,Grocery Store,200 MICHIGAN AVE NE ,WASHINGTON,DC,20017,Not Available,38.92960082,-77.0040949
Noble convenience LLC,Grocery Store,1305 H ST NE ,WASHINGTON,DC,20002,Not Available,38.90001027,-76.98798347
"Lidl US Operations, LLC",Grocery Store,3100 14TH ST NW ,WASHINGTON,DC,20010,Not Available,38.92930077,-77.03298372
3659 GEORGIA AVE INC,Grocery Store,3659 GEORGIA AVE NW ,WASHINGTON,DC,20010,Not Available,38.93611423,-77.02400728
Yes Organic Four Inc,Grocery Store,3809 12TH ST NE ,WASHINGTON,DC,,Not Available,38.93680023,-76.99036934
ZARE LLC,Grocery Store,3715 GEORGIA AVE NW ,WASHINGTON,DC,20010,Not Available,38.93722563,-77.02421492
LUCKY CORNER STORE,Grocery Store,5415 GEORGIA AVE NW ,WASHINGTON,DC,20011,Not Available,38.9556751014,-77.0276967734
DEANWOOD TG INC,Grocery Store,4748 SHERIFF RD NE ,WASHINGTON,DC,20019,Not Available,38.90307871,-76.93407963
R STANLEY EVANS,Marine Food Retail,1100 MAINE AVE SW ,WASHINGTON,DC,20024,2025544173,38.88121704,-77.02805247
Generator Washington DC,Hotel,1900 CONNECTICUT AVE NW ,WASHINGTON,DC,20009,Not Available,38.9159863588,-77.046836173
MARRIETTA MANAGEMENT SERVICE CO,Restaurant,4309 WISCONSIN AVE NW ,WASHINGTON,DC,20016,7032642896,38.94521945,-77.07778877
RESTAURANT ASSOCIATES INC,Restaurant,2700 F ST NW ,WASHINGTON,DC,20566,2127898100,38.89580341,-77.05568943
"PMF, INC.",Restaurant,1140 CONNECTICUT AVE NW ,WASHINGTON,DC,20036,2022967008,38.90498803,-77.04114181
AMERICAN INSTITUTE OF ARCHITECT,Restaurant,1735 NEW YORK AVE NW ,WASHINGTON,DC,20006,2026267309,38.89654134,-77.04089371
STARBUCKS COFFEE COMPANY,Restaurant,5500 CONNECTICUT AVE NW ,WASHINGTON,DC,20037,2023620809,38.96326864,-77.07496897
STARBUCK'S CORPORATION,Restaurant,1810 WISCONSIN AVE NW ,WASHINGTON,DC,20007,2023459400,38.91500317,-77.06765279
SLEDGE INC,Restaurant,815 V ST NW ,WASHINGTON,DC,20001,2022650930,38.91801318,-77.02363992
"N STREET VILLAGE, INC.",Restaurant,1333 N ST NW ,WASHINGTON,DC,20005,2029392073,38.90756608,-77.03142561
SBARRO AMERICA INC.,Restaurant,1300 PENNSYLVANIA AVE NW ,WASHINGTON,DC,20004,2023716588,38.89493993,-77.03021187
HOWARD UNIVERSITY (THE),Restaurant,2400 6TH ST NW ,WASHINGTON,DC,20001,2028063400,38.92312843,-77.02161949
"MANHATTAN MARKET, INC.",Delicatessen,2647 CONNECTICUT AVE NW ,WASHINGTON,DC,20008,2029864774,38.92488467,-77.05199842
SOUTHEAST PIZZA INC,Delicatessen,417 8TH ST SE ,WASHINGTON,DC,20003,2025462900,38.88315025,-76.99525635
LIU GUO QIANG,Delicatessen,2123 RHODE ISLAND AVE NE ,WASHINGTON,DC,20018,2022694547,38.92978557,-76.9740603
PEKING GARDEN CARRYOUT,Delicatessen,2008 18TH ST NW ,WASHINGTON,DC,20009,2025880088,38.91731271,-77.04188944
MANGIALARDO AND SONS INC,Delicatessen,1317 PENNSYLVANIA AVE SE ,WASHINGTON,DC,20003,2023317120,38.88088553,-76.98772392
CHECKERS DRIVE-IN RESTAURANT,Delicatessen,2300 NEW YORK AVE NE ,WASHINGTON,DC,20002,2022699377,38.91768088,-76.97187265
"GIANT OF MARYLAND, LLC",Delicatessen,1345 PARK RD NW ,WASHINGTON,DC,20010,3013414387,38.93106932,-77.03164599
THE CORNER MARKET,Delicatessen,400 EAST CAPITOL ST NE ,WASHINGTON,DC,20003,2025431122,38.89006706,-77.00037392
SO'S YOUR MOM CORPORATION,Delicatessen,1831 COLUMBIA RD NW ,WASHINGTON,DC,20009,2024623666,38.92169565,-77.04377399
LEE'S BRUNCH,Delicatessen,2221 MINNESOTA AVE SE ,WASHINGTON,DC,20020,2025822285,38.8716672,-76.97382825
MELLON MARKET,Delicatessen,2921 MARTIN LUTHER KING J AVE SE ,WASHINGTON,DC,20032,2026693774,38.84547992,-76.99744293
SUPER TACOS & BAKERY,Delicatessen,1762 COLUMBIA RD NW ,WASHINGTON,DC,20009,2408881439,38.92355718,-77.04090424
VIDA FITNESS,Delicatessen,1515 15TH ST NW ,WASHINGTON,DC,20005,2029392566,38.90997196,-77.03424698
LEVY PREMIUM FOODSERVICE LIMITED PARTNERSHIP,Delicatessen,1500 SOUTH CAPITOL ST SE ,WASHINGTON,DC,20003,2026407939,38.87235978,-77.00852675
ARAMARK ENTERTAINMENT LLC,Delicatessen,601 F ST NW ,WASHINGTON,DC,20004,2026615155,38.8980785153,-77.0209572291
"TEAM WASHINGTON, INC. #4326",Delicatessen,900 M ST SE ,WASHINGTON,DC,20003,7037347080,38.87669126,-76.99342543
"PAIK PRODUCE, INC.",Delicatessen,225 7TH ST SE ,WASHINGTON,DC,20003,2023441536,38.88641312,-76.99646843
LIN RESTAURANT INC,Delicatessen,3917 SOUTH CAPITOL ST SW ,WASHINGTON,DC,20032,2025626300,38.83215225,-77.00868146
MANNY & OLGA'S PIZZA,Delicatessen,3624 GEORGIA AVE NW ,WASHINGTON,DC,20010,2027231850,38.9347721,-77.02432378
PANERA LLC,Caterers,601 13TH ST NW ,WASHINGTON,DC,20005,Not Available,38.89784245,-77.02914089
HAIFA FOODS INC,Delicatessen,1300 PENNSYLVANIA AVE NW ,WASHINGTON,DC,20004,Not Available,38.89493993,-77.03021187
FISH & RICE LLC,Delicatessen,2201 2221 I ST NW ,WASHINGTON,DC,,Not Available,38.90091112,-77.04906762
HYUN INC,Delicatessen,5435 MACARTHUR BLVD NW ,WASHINGTON,DC,20016,Not Available,38.92989942,-77.10644306
COUNTER CULTURE LLC,Delicatessen,2029 P ST NW ,WASHINGTON,DC,20036,2028222066,38.90983404,-77.04626833
JS Enterprise Inc.,Delicatessen,1540 BENNING RD NE ,WASHINGTON,DC,20002,Not Available,38.90043284,-76.98071541
EACH PEACH MARKET,Delicatessen,3068 MOUNT PLEASANT ST NW ,WASHINGTON,DC,20009,Not Available,38.92854063,-77.03751818
MCO INC,Delicatessen,129 15TH ST SE ,WASHINGTON,DC,20003,2025473902,38.88791296,-76.98394452
Unknown,Delicatessen,2103 ALABAMA AVE SE ,WASHINGTON,DC,20020,2028893199,38.85051262,-76.9749893
PAPA JOHNS PIZZA,Delicatessen,5764 GEORGIA AVE NW ,WASHINGTON,DC,20011,3012925299,38.96004906,-77.02834748
DISTRICT FISHWIFE (THE)  LLC,Delicatessen,1309 5TH ST NE ,WASHINGTON,DC,20002,Not Available,38.90871669,-76.99765027
3RD & K STREET MARKET INC,Delicatessen,1000 3RD RD SE ,WASHINGTON,DC,20003,2404753272,38.87827535,-77.00181064
HARRIS TEETER #231,Delicatessen,1631 KALORAMA RD NW ,WASHINGTON,DC,20009,Not Available,38.92196671,-77.03846171
DISTRICT HOSPITAL PARTNES L.P.,Delicatessen,900 23RD ST NW ,WASHINGTON,DC,20037,Not Available,38.9013080732,-77.0507134528
CHARLEYS UNION STATION LLC.,Delicatessen,50 MASSACHUSETTS AVE NE ,WASHINGTON,DC,20002,Not Available,38.89761945,-77.00617579
"VALENCIA INVESTMENTS, LLC.",Delicatessen,3306 14TH ST NW ,WASHINGTON,DC,20010,Not Available,38.93053482,-77.03295811
DAILY 14 MART,Delicatessen,1135 14TH ST NW ,WASHINGTON,DC,20005,Not Available,38.90488567,-77.03169064
STARBUCKS CORPORATION,Delicatessen,999 9TH ST NW ,WASHINGTON,DC,20001,Not Available,38.90182806,-77.02368828
ALABAMA CONVENIENCE,Delicatessen,2209 ALABAMA AVE SE ,WASHINGTON,DC,20020,Not Available,38.85066936,-76.97370209
QW 77H INC.,Delicatessen,81 H ST NW ,WASHINGTON,DC,20001,Not Available,38.90040352,-77.01138854
"E & C MID-ATLANTIC VENTURES, LLC.",Delicatessen,2830 SHERMAN AVE NW ,WASHINGTON,DC,20001,Not Available,38.92659359,-77.0263514
GAKYU LLC,Delicatessen,1420 NEW YORK AVE NW ,WASHINGTON,DC,20005,Not Available,38.89883687,-77.03284605
RICE BAR CAPITAL GALLERY,Delicatessen,600 MARYLAND AVE SW ,WASHINGTON,DC,20024,Not Available,38.88604518,-77.0206984
FISHSCALE INC,Delicatessen,637 FLORIDA AVE NW ,WASHINGTON,DC,20001,Not Available,38.91621642,-77.02120713
"FRANKLIN KIOSK, LLC.",Delicatessen,1099 16TH ST NW ,WASHINGTON,DC,20005,Not Available,0.0,0.0
YEUNG FONG INC,Delicatessen,1701 NORTH CAPITOL ST NE ,WASHINGTON,DC,20002,Not Available,38.91274546,-77.00873555
SPICE CHINA TOWN LLC,Delicatessen,740 6TH ST NW ,WASHINGTON,DC,20001,Not Available,38.89941033,-77.02021025
MDI-DC LLC,Delicatessen,3110 MOUNT PLEASANT ST NW ,WASHINGTON,DC,20010,Not Available,38.9291761,-77.03781168
Singh & Sons Inc,Delicatessen,4020 MINNESOTA AVE NE ,WASHINGTON,DC,20019,Not Available,38.89592416,-76.94893498
LEVY @ DC UNITED - BUTTERFLY TACO,Delicatessen,100 POTOMAC AVE SW ,WASHINGTON,DC,20024,Not Available,38.86906896,-77.01238121
LEVY @ DC UNITED - DISTRICT DOG CO.,Delicatessen,100 POTOMAC AVE SW ,WASHINGTON,DC,20024,Not Available,38.86906896,-77.01238121
LEVY @ DC UNITED - BLACK & RED GRILL,Delicatessen,100 POTOMAC AVE SW ,WASHINGTON,DC,20024,Not Available,38.86906896,-77.01238121
Team Washington Inc,Delicatessen,208 MICHIGAN AVE NE ,WASHINGTON,DC,20017,Not Available,38.92972918,-77.00436397
MG USA LLC,Delicatessen,2149 QUEENS CHAPEL RD NE ,WASHINGTON,DC,20018,Not Available,38.92042745,-76.97280908
ARAMARK SPORTS AND ENTERTAINMENT SERVICES LLC,Delicatessen,801 MOUNT VERNON PL NW ,WASHINGTON,DC,20001,Not Available,38.90358717,-77.02310078
EAT BRGZ 1 LLC,Delicatessen,250 7TH ST SE ,WASHINGTON,DC,20003,Not Available,38.88617459,-76.99596303
DUA DUA LLC.,Delicatessen,923 15TH ST NW ,WASHINGTON,DC,20005,Not Available,38.90192246,-77.0332972
iFOOD 1701 LLC,Delicatessen,1701 PENNSYLVANIA AVE NW ,WASHINGTON,DC,20006,Not Available,38.89933664,-77.03982446
THE CREAMERY LLC,Delicatessen,1309 5TH ST NE ,WASHINGTON,DC,20002,Not Available,38.90871669,-76.99765027
Call Your Mother Deli,Delicatessen,3428 O ST NW ,WASHINGTON,DC,20007,Not Available,38.90763027,-77.06887242
"American Best Chicken and Waffle, LLC",Delicatessen,380 EASTERN AVE NE ,WASHINGTON,DC,20019,Not Available,38.89467189,-76.9120174
La Casita Pupuseria & Comedor,Delicatessen,1280 4TH ST NE ,WASHINGTON,DC,20002,Not Available,38.90885456,-76.99959174
Gregorys Coffee,Delicatessen,1111 NEW JERSEY AVE SE ,WASHINGTON,DC,20003,Not Available,38.8770269,-77.00482403
"Everyday Sundae, LLC",Delicatessen,713 KENNEDY ST NW ,WASHINGTON,DC,20011,Not Available,38.95655495,-77.02292862
"FILTER COFFEEHOUSE DC, LLC.",Delicatessen,1919 PENNSYLVANIA AVE NW ,WASHINGTON,DC,20006,Not Available,38.90091347,-77.04430803
"Nagaria Enterprises, LLC.",Delicatessen,3001 CONNECTICUT AVE NW ,WASHINGTON,DC,20008,Not Available,38.93060711,-77.05437784
721 Shop & Run Inc,Delicatessen,721 H ST NE ,WASHINGTON,DC,20002,Not Available,38.9000402519,-76.995360015
Coin Des Poetes,Delicatessen,1800 WYOMING AVE NW ,WASHINGTON,DC,20009,Not Available,38.91862135,-77.04188421
Jaddi's Catering LLC,Delicatessen,2800 10TH ST NE ,WASHINGTON,DC,20017,Not Available,38.92581574,-76.99276286
DC BRAU BREWING LLC,Delicatessen,3178 BLADENSBURG RD NE ,WASHINGTON,DC,20018,Not Available,38.92971771,-76.96019836
"Compass Group USA, Inc.",Delicatessen,2121 H ST NW ,WASHINGTON,DC,20052,Not Available,38.90000598,-77.04778967
1413 Yum's,Delicatessen,1413 14TH ST NW ,WASHINGTON,DC,20005-3704,Not Available,38.90942452,-77.03169761
Calypso ICC LLC,Delicatessen,1730 TRINIDAD AVE NE ,WASHINGTON,DC,20002,Not Available,38.90862826,-76.98275058
Plaza Teontepec Cocina Y Taqueria,Delicatessen,6214 GEORGIA AVE NW ,WASHINGTON,DC,20011,Not Available,38.9654515,-77.02792454
Uptown Cafe,Delicatessen,131 M ST NE ,WASHINGTON,DC,20002,Not Available,38.9051642,-77.00466741
"ishika,inc",Delicatessen,470 L'ENFANT PLZ SW ,WASHINGTON,DC,20024,Not Available,38.88413801,-77.02434075
VAN LEEUWEN GEORGETOWN DC LLC,Delicatessen,3245 PROSPECT ST NW ,WASHINGTON,DC,20007,Not Available,38.90613275,-77.06329707
"FIGFOG, LLC",Delicatessen,3109 MARTIN LUTHER KING J AVE SE ,WASHINGTON,DC,20032,Not Available,38.84367231,-76.99958347
MKZ BARKAT LLC,Delicatessen,925 BRENTWOOD RD NE ,WASHINGTON,DC,20018,Not Available,38.91755737,-76.99287924
For Five 80 M LLC.,Delicatessen,80 M ST SE ,WASHINGTON,DC,20003,Not Available,38.87702791,-77.00635875
"D&B Enterprise, LLC",Delicatessen,3710 MINNESOTA AVE NE ,WASHINGTON,DC,20019,Not Available,38.8910085,-76.95269679
"Compass Group USA, Inc.",Delicatessen,800 21ST ST NW ,WASHINGTON,DC,20052,Not Available,38.89989467,-77.0471982
Compass Coffee,Delicatessen,435 11TH ST NW ,WASHINGTON,DC,20004,Not Available,38.8959615,-77.02680718
Adil and Abir DC 20 LLC.,Delicatessen,2409 BENNING RD NE ,WASHINGTON,DC,20002,Not Available,38.8978696,-76.9718098
Tahmina Hospitality Group LLC,Delicatessen,3502 12TH ST NE ,WASHINGTON,DC,20017,Not Available,38.9327316994,-76.9912137911
"The Halal Guys Union Station, LLC",Delicatessen,50 MASSACHUSETTS AVE NE ,WASHINGTON,DC,20002,Not Available,38.89761945,-77.00617579
29147 LLC,Delicatessen,2000 5TH ST NE ,WASHINGTON,DC,20002,Not Available,38.91713131,-76.9998403
7-ELEVEN INC,Delicatessen,1501 INDEPENDENCE AVE SE ,WASHINGTON,DC,20003,Not Available,38.88744304,-76.98345385
D&S Franchising LLC,Delicatessen,901 7TH ST NW ,WASHINGTON,DC,20001,Not Available,38.9010632,-77.02159078
FOOD FACTORY,Delicatessen,2000 5TH ST NE ,WASHINGTON,DC,20002,Not Available,38.91713131,-76.9998403
crespo's taqueria,Delicatessen,2000 5TH ST NE ,WASHINGTON,DC,20002,Not Available,38.91713131,-76.9998403
Pitango Otto LLC.,Delicatessen,605 WHARF ST SW ,WASHINGTON,DC,20024,Not Available,38.87672862,-77.02167262
The Charmery,Delicatessen,7175 12TH ST NW ,WASHINGTON,DC,20012,Not Available,38.97691224,-77.02761513
JIJIN INC T/A BREADME CAFE,Delicatessen,1117 10TH ST NW ,WASHINGTON,DC,20001,Not Available,38.90478039,-77.02572262
Cori's Modern Kitchen + Bar,Delicatessen,2000 5TH ST NE ,WASHINGTON,DC,20002,Not Available,38.91713131,-76.9998403
SPEEDY SNACK LLC,Delicatessen,906 F ST NW ,WASHINGTON,DC,20004,Not Available,38.89712821,-77.02458104
Caribbean Creations LLC,Delicatessen,2000 5TH ST NE ,WASHINGTON,DC,20002,Not Available,38.91713131,-76.9998403
Jaliyaa Coffee,Delicatessen,670 RHODE ISLAND AVE NE ,WASHINGTON,DC,20002,Not Available,38.92210939,-76.99691248
Westchester Market,Food Products,4000 CATHEDRAL AVE NW ,WASHINGTON,DC,20016,Not Available,38.9284286,-77.07981487
AKI & MULLER CORPORATION,Grocery Store,4133 WHEELER RD SE ,WASHINGTON,DC,20032,2025610750,38.83355613,-76.99021453
NAI Saturn Eastern LLC,Grocery Store,3830 GEORGIA AVE NW ,WASHINGTON,DC,20011,Not Available,38.93844891,-77.02485654
AHOLD USA LICENSING DEPARTMENT,Restaurant,1400 7TH ST NW ,WASHINGTON,DC,20001,7172407541,38.90892551,-77.02222406
Paste & Rind LLC,Restaurant,904 H ST NE ,WASHINGTON,DC,20002,Not Available,38.90041308,-76.99343811
2501 PENN LLC.,Gasoline Dealer,2501 PENNSYLVANIA AVE SE ,WASHINGTON,DC,20020,Not Available,38.87298301,-76.97058808
411 New York Ave Holdings LLC,Hotel,411 NEW YORK AVE NE ,WASHINGTON,DC,20002,Not Available,38.91102165,-76.99749615
WINNER CO.,Food Products,1332 9TH ST NW ,WASHINGTON,DC,20001,2023283113,38.90831307,-77.02416545
NEW DA HSIN TRADING INC,Food Products,811 7TH ST NW ,WASHINGTON,DC,20001,2027894020,38.90019416,-77.02163928
S&S TRADING COMPANY INC.,Food Products,5420 NEW HAMPSHIRE AVE NW ,WASHINGTON,DC,20011,2027228863,38.95632842,-77.0099395
SHREE CORPORATION,Food Products,1726 COLUMBIA RD NW ,WASHINGTON,DC,20009,2022655066,38.92437048,-77.0397553
BIG BEN LIQUORS,Food Products,1300 NORTH CAPITOL ST NW ,WASHINGTON,DC,20009,2025889250,38.90748166,-77.00931553
TRAVELTRADERS HOTEL STORES INC.,Food Products,1919 CONNECTICUT AVE NW ,WASHINGTON,DC,20009,7863882500,38.91646431,-77.04523681
FLEET FEET SPORTS,Food Products,1841 COLUMBIA RD NW ,WASHINGTON,DC,20009,2023873888,38.92148816,-77.04383394
DISTRICT OF COLUMBIA CVS PHARMACY LLC,Food Products,3031 14TH ST NW ,WASHINGTON,DC,20009,2023324297,38.92846825,-77.03223105
DISTRICT OF COLUMBIA CVS PHARMACY LLC,Food Products,1100 NEW JERSEY AVE SE ,WASHINGTON,DC,20003,2024882364,38.8769516,-77.00394218
Nino's Bakery,Delicatessen,1310 L ST NW ,WASHINGTON,DC,20005,Not Available,38.90342658,-77.03046783
"Aishwarya DC Ventures LLC dba Papa John's Pizza, 3538",Delicatessen,1417 OTIS PL NW ,WASHINGTON,DC,20010,Not Available,38.93526082,-77.03337413
Sushi Do LLC,Delicatessen,616 23RD ST NW ,WASHINGTON,DC,20037,Not Available,38.89793869,-77.05040372
Greenberry's Coffee Co.,Delicatessen,1805 E ST NW ,WASHINGTON,DC,20006,Not Available,38.89619526,-77.04210805
The Wydown,Delicatessen,600 H ST NE ,WASHINGTON,DC,20002,Not Available,38.90040398,-76.99738735
Paste & Rind Cheese Co.,Delicatessen,1309 5TH ST NE ,WASHINGTON,DC,20002,Not Available,38.90871669,-76.99765027
PHARM PRO INC,Food Products,3001 P ST NW ,WASHINGTON,DC,20007,Not Available,38.90946661,-77.05937566
LUCY WEBB HAYES NATIONAL TRAINING SCHOOL,Food Products,5215 LOUGHBORO RD NW ,WASHINGTON,DC,20016,Not Available,38.93692927,-77.10749347
DREAM TWO LIQUOR INC,Food Products,3845 MINNESOTA AVE NE ,WASHINGTON,DC,20019,Not Available,38.89297819,-76.95033394
DIRECTOR OF FINANCE,Food Products,775 12TH ST NW ,WASHINGTON,DC,20005,Not Available,38.89931278,-77.02775201
2402 INC,Food Products,1301 13TH ST NW ,WASHINGTON,DC,20005,2022653005,38.90749717,-77.02935778
7 HOUSE CORPORATION,Food Products,4200 NANNIE HELEN BURROUG AVE NE ,WASHINGTON,DC,20019,Not Available,38.90202286,-76.94192704
YENE INCORPORATED,Food Products,5916 GEORGIA AVE NW ,WASHINGTON,DC,20011,2027261946,38.9617404166,-77.0282240022
HANN'S HARVARD INC,Food Products,2901 SHERMAN AVE NW ,WASHINGTON,DC,20001,Not Available,38.92698161,-77.02568531
Unknown,Food Products,50 MASSACHUSETTS AVE NE ,WASHINGTON,DC,20002,2019395050,38.89761945,-77.00617579
Ace's Lounge,Food Products,2737 MARTIN LUTHER KING J AVE SE ,WASHINGTON,DC,20032,Not Available,38.84719149,-76.99632281
ANGEL'S SHARE LLC,Food Products,1748 7TH ST NW ,WASHINGTON,DC,20001,Not Available,38.91393207,-77.02212669
Sip Wine & Spirits,Food Products,1212 NEW YORK AVE NW ,WASHINGTON,DC,20005,Not Available,38.90011139,-77.02875816
HP ACDC Hotel LP,Food Products,1330 MARYLAND AVE SW ,WASHINGTON,DC,20024,Not Available,38.88360211,-77.03044887
Bestway Liquors,Food Products,2011 14TH ST NW ,WASHINGTON,DC,20009,Not Available,38.91742288,-77.03165493
"STOP 4 ALL FOOD MART, INC.",Food Products,5001 GEORGIA AVE NW ,WASHINGTON,DC,20011,2025459570,38.95105384,-77.02690888
"WSC INC.,",Food Products,2201 ALABAMA AVE SE ,WASHINGTON,DC,20020,Not Available,38.85061086,-76.97396558
Big D Liquors,Food Products,4169 MINNESOTA AVE NE ,WASHINGTON,DC,20019,Not Available,38.90001376,-76.94459503
Sai Liquors LLC t/a Sammys Liquors,Food Products,2725 BLADENSBURG RD NE ,WASHINGTON,DC,20018,Not Available,38.92484834,-76.96520917
Shetab Enterprises LLC t/a Marthas Market,Food Products,2400 MINNESOTA AVE SE ,WASHINGTON,DC,20020,Not Available,38.87298047,-76.97224982
SUNdeVICH Growth Inc.,Restaurant,601 NEW JERSEY AVE NW ,WASHINGTON,DC,20001,Not Available,38.8978527,-77.01153315
Potbelly Sandwich Works LLC,Restaurant,1660 L ST NW ,WASHINGTON,DC,20036-5603,Not Available,38.90347188,-77.03807775
Primo Wharf LLC.,Restaurant,705 WHARF ST SW ,WASHINGTON,DC,20024,Not Available,38.8783443,-77.02383145
For Five Coffe Roasters,Restaurant,2001 PENNSYLVANIA AVE NW ,WASHINGTON,DC,20006,Not Available,38.9016733,-77.04533165
ERCILIA'S RESTAURANT INCORPORATED,Restaurant,3070 MOUNT PLEASANT ST NW ,WASHINGTON,DC,20010,2023870909,38.928589,-77.03753193
"AOI, INC.",Restaurant,1100 NEW YORK AVE NW ,WASHINGTON,DC,20005,2026821111,38.9006693,-77.0274437
BOMBAY CLUB INC,Restaurant,815 CONNECTICUT AVE NW ,WASHINGTON,DC,20006,2026593727,38.9009754564,-77.0379716208
HISTORIC GEORGETOWN CLUB (THE),Restaurant,1530 WISCONSIN AVE NW ,WASHINGTON,DC,20007,2023339330,38.90960664,-77.06472938
PETE' S CARRY OUT INC,Restaurant,212 2ND ST SE ,WASHINGTON,DC,20003,2025447335,38.88699294,-77.00328574
AHA CORPORATION,Restaurant,1645 Q ST NW ,WASHINGTON,DC,20009,2023876622,38.91129434,-77.03817947
LA PLAZA INC,Restaurant,629 PENNSYLVANIA AVE SE ,WASHINGTON,DC,20003,2025469512,38.88479876,-76.99748163
NTL REPUB CLUB OF CAPITOL HILL,Restaurant,300 1ST ST SE ,WASHINGTON,DC,20003,2024844590,38.88579005,-77.00556701
WILLARD ASSOCIATES,Restaurant,1401 PENNSYLVANIA AVE NW ,WASHINGTON,DC,20006,2026241700,38.89649258,-77.03234479
ELLA'S WOOD-FIRED PIZZA LLC,Restaurant,901 F ST NW ,WASHINGTON,DC,20004,2026383434,38.89754896,-77.02430993
THUNDER BURGER & BAR,Restaurant,3056 M ST NW ,WASHINGTON,DC,20007,2023332888,38.90497712,-77.06061475
INTERCONTINENTAL INC.,Restaurant,1100 NEW JERSEY AVE SE ,WASHINGTON,DC,20003,2024880112,38.8769516,-77.00394218
FURR INC,Restaurant,2228 NEW YORK AVE NE ,WASHINGTON,DC,20002,2025262835,38.91772413,-76.97344144
FOUR SEASONS HOTEL,Restaurant,2800 PENNSYLVANIA AVE NW ,WASHINGTON,DC,20007,3126585000,38.9044499714,-77.0572264103
HYATT REGENCY WASHINGTON ,Restaurant,400 NEW JERSEY AVE NW ,WASHINGTON,DC,20001,2027371234,38.89521815,-77.01144269
EL RINCONCITO CAFE INC,Restaurant,1129 11TH ST NW ,WASHINGTON,DC,20001,2027894110,38.90541397,-77.02679402
COMPASS GROUP USA INC,Restaurant,800 FLORIDA AVE NE ,WASHINGTON,DC,20002,2025569150,38.90575333,-76.99488464
JACKEY CAFE,Restaurant,611 H ST NW ,WASHINGTON,DC,20001,2024088115,38.90005239,-77.02050014
ANCHOR MENTAL HEALTH,Restaurant,1001 LAWRENCE ST NE ,WASHINGTON,DC,20017,2026355900,38.93128746,-76.99210468
TWO AMYS LLC,Restaurant,3715 MACOMB ST NW ,WASHINGTON,DC,20016,2028855700,38.93369693,-77.07309365
"CSC, CHARITABLE SERVICES",Restaurant,3400 MARTIN LUTHER KING J AVE SE ,WASHINGTON,DC,20032,2027222300,38.84101325,-77.00308458
G H SUBWAY INC,Restaurant,525 SCHOOL ST SW ,WASHINGTON,DC,20024,2025548760,38.88413308,-77.01953006
1215 CT LLC.,Restaurant,1215 CONNECTICUT AVE NW ,WASHINGTON,DC,20036,2029555525,38.90640685,-77.0411198
CHOP'T CREATIVE SALAD COMPANY LLC,Restaurant,1105 19TH ST NW ,WASHINGTON,DC,20036,3015293645,38.90409871,-77.04317799
"SWEETGREEN CAPITOL HILL, LLC.",Restaurant,221 PENNSYLVANIA AVE SE ,WASHINGTON,DC,20003,2025479338,38.88702013,-77.00270045
MUNCHEEZ MIDDLE EASTERN FOOD,Restaurant,1071 WISCONSIN AVE NW ,WASHINGTON,DC,20007,2025673000,38.9046435,-77.06257058
BIG BOARD (THE),Restaurant,421 H ST NE ,WASHINGTON,DC,20002,Not Available,38.90006059,-76.99976552
NAI Saturn Eastern LLC.,Grocery Store,1855 WISCONSIN AVE NW ,WASHINGTON,DC,20007,Not Available,38.91618015,-77.06727374
BUSINESS LICENSES LLC,Restaurant,2301 GEORGIA AVE NW ,WASHINGTON,DC,20001,Not Available,38.92057871,-77.02164697
"PIZZETTI 824, INC.",Restaurant,1509 1511 17TH ST NW ,WASHINGTON,DC,20036,2023329200,38.91010713,-77.03818494
MCHAP INC T/A THE SALOON,Restaurant,1205 1207 U ST NW ,WASHINGTON,DC,20009,2024622640,38.9171736256,-77.0284866826
SODEXO MANAGEMENT INC,Restaurant,800 INDEPENDENCE AVE SW ,WASHINGTON,DC,20591,Not Available,38.88686495,-77.02294933
Unknown,Restaurant,1001 PENNSYLVANIA AVE NW ,WASHINGTON,DC,20004,Not Available,38.89504695,-77.02650516
MENOMALE LLC,Restaurant,2711 12TH ST NE ,WASHINGTON,DC,20018,Not Available,38.92485103,-76.99016118
SHEMALI'S CAFE,Restaurant,3301 NEW MEXICO AVE NW ,WASHINGTON,DC,20016,2022447777,38.93364619,-77.08511638
JW MARRIOTT HOTEL,Restaurant,1331 PENNSYLVANIA AVE NW ,WASHINGTON,DC,20004,Not Available,38.89636772,-77.0313718
"DIAMIONDROCK DC M STREET TENANT, LLC",Restaurant,1400 M ST NW ,WASHINGTON,DC,20005,Not Available,38.90531614,-77.0334361
MERIWETHER-GODSEY INC,Restaurant,4300 C ST SE ,WASHINGTON,DC,20019,Not Available,38.88713024,-76.94630306
Unknown,Restaurant,1560 WISCONSIN AVE NW ,WASHINGTON,DC,20007,Not Available,38.91033057,-77.06501828
SEASONS CULINARY SERVICES INC,Restaurant,400 7TH ST SW ,WASHINGTON,DC,20590,Not Available,38.88408154,-77.0215241
OYAMEL DC LLC,Restaurant,401 7TH ST NW ,WASHINGTON,DC,20004,Not Available,38.89494246,-77.02166697
SHAKE SHACK,Restaurant,800 F ST NW ,WASHINGTON,DC,20004,Not Available,38.89697903,-77.02328389
EINSTEIN AND NOAH CORP.,Restaurant,2233 WISCONSIN AVE NW ,WASHINGTON,DC,20007,Not Available,38.91994196,-77.07073994
CHIPOTLE MEXICAN GRILL INC.,Restaurant,1508 14TH ST NW ,WASHINGTON,DC,20005,3035954000,38.91000827,-77.03231437
TONY'S PLACE,Restaurant,1401 H ST NW ,WASHINGTON,DC,20002,Not Available,38.90052497,-77.03252162
IMA PIZZA STORE 9 LLC.,Restaurant,1005 E ST NW ,WASHINGTON,DC,20004,Not Available,38.896328,-77.0263567
HIP HOP FISH & CHICKEN-BENNING ROAD INC,Restaurant,2301 BENNING RD NE ,WASHINGTON,DC,20002,Not Available,38.89794972,-76.97273246
CHAPLIN RESTAURANT DC LLC,Restaurant,1501 9TH ST NW ,WASHINGTON,DC,20001,Not Available,38.90980146,-77.02371064
SODEXO MANAGEMENT INC,Restaurant,850 10TH ST NW ,WASHINGTON,DC,20001,Not Available,38.90060037,-77.0263637
Unknown,Restaurant,1550 7TH ST NW ,WASHINGTON,DC,20001,Not Available,38.91037685,-77.02220319
HUNAN DYNASTY,Restaurant,215 PENNSYLVANIA AVE SE ,WASHINGTON,DC,20003,Not Available,38.88700709,-77.00290112
LANDRY'S LICENSING DEPARTMENT,Restaurant,600 13TH ST NW ,WASHINGTON,DC,20005,Not Available,38.89784188,-77.02998
"ARAMARK SERVICES, INC",Restaurant,550 17TH ST NW ,WASHINGTON,DC,20429,Not Available,38.8970263,-77.04006318
Buffalo Wild Wings,Restaurant,1220 HALF ST SE ,WASHINGTON,DC,20003,Not Available,38.87583731,-77.00721294
OLIVER FOOD 8 INC,Restaurant,333 HAWAII AVE NE ,WASHINGTON,DC,20011,Not Available,38.94117064,-77.00081644
STARBUCKS CORPORATION,Restaurant,1304 F ST NW ,WASHINGTON,DC,20004,Not Available,38.89714975,-77.03005095
ELAINE'S ONE LLC.,Restaurant,715 8TH ST SE ,WASHINGTON,DC,20003,Not Available,38.88069988,-76.99533062
"HBGT, LLC",Restaurant,1035 31ST ST NW ,WASHINGTON,DC,20007,Not Available,38.90357104,-77.06089047
"CHIPOTLE MEXICAN GRILL OF COLORADO, LLC.",Restaurant,1010 VERMONT AVE NW ,WASHINGTON,DC,20005,Not Available,38.90307538,-77.03381734
801 RESTAURANT LLC,Restaurant,801 FLORIDA AVE NW ,WASHINGTON,DC,20001,Not Available,38.91695499,-77.02308228
MANHATTAN LAUNDRY DC LLC,Restaurant,1346 FLORIDA AVE NW ,WASHINGTON,DC,20009,2022137665,38.92001946,-77.03126759
REYLON INC,Restaurant,2001 14TH ST NW ,WASHINGTON,DC,20009,Not Available,38.9171479,-77.03172526
THAI CHEF RESTAURANT,Restaurant,1712 CONNECTICUT AVE NW ,WASHINGTON,DC,20009,Not Available,38.91304365,-77.04581058
Meriwether-Godsey Inc.,Restaurant,3101 WISCONSIN AVE NW ,WASHINGTON,DC,20016,Not Available,38.93058263,-77.07082892
CLUB TIMEHRI,Restaurant,2439 18TH ST NW ,WASHINGTON,DC,20009,Not Available,38.92152419,-77.0419626
HURRICANE HOSPITALITY L.L.C.,Restaurant,33 PEARL ST SW ,WASHINGTON,DC,20024,2023915296,38.87884869,-77.02380765
KIRWAN'S ON THE WHARF,Restaurant,749 WHARF ST SW ,WASHINGTON,DC,20024,Not Available,38.87860251,-77.02415181
FT DEL MAR DC LLC,Restaurant,791 WHARF ST SW ,WASHINGTON,DC,20024,2025251459,38.87883838,-77.02444647
SUPRA LLC.,Restaurant,1013 M ST NW ,WASHINGTON,DC,20001,Not Available,38.90578885,-77.02663171
TB CAPITOL HILL LLC,Restaurant,505 8TH ST SE ,WASHINGTON,DC,20003,Not Available,38.88245822,-76.99533592
MUSEUM OF THE BIBLE INC (THE),Restaurant,400 4TH ST SW ,WASHINGTON,DC,20024,Not Available,38.88483077,-77.01713774
CORK WINE BAR & MARKET,Restaurant,1805 14TH ST NW ,WASHINGTON,DC,20009,Not Available,38.91437409,-77.03158289
WHEELHOUSE LLC,Restaurant,1331 4TH ST SE ,WASHINGTON,DC,20003,Not Available,38.87428995,-77.00077303
MORRIS GROUP LLC,Restaurant,1020 7TH ST NW ,WASHINGTON,DC,20001,Not Available,38.9037180593,-77.0221926976
SWEETGREEN LOGAN LLC.,Restaurant,1461 P ST NW ,WASHINGTON,DC,20005,Not Available,38.90981998,-77.03396858
HAPPY CHOONGMAN INC,Restaurant,1125 H ST NE ,WASHINGTON,DC,20002,2023996010,38.90001624,-76.99053835
DARDEN RESTAURANTS INC,Restaurant,1005 7TH ST NW ,WASHINGTON,DC,20001,Not Available,38.90331231,-77.02162109
Furr Inc; Michelle Kosec,Restaurant,424 RHODE ISLAND AVE NE ,WASHINGTON,DC,20002,Not Available,38.92049304,-76.99941016
"DARDEN RESTAURANTS, INC.",Restaurant,812 7TH ST NW ,WASHINGTON,DC,20001,Not Available,38.90039845,-77.02222464
Unknown,Restaurant,750 MAINE AVE SW ,WASHINGTON,DC,20024,Not Available,38.87916794,-77.02384913
"SUSHI NAKAZAWA DC, LLC.",Restaurant,1100 PENNSYLVANIA AVE NW ,WASHINGTON,DC,20004,Not Available,38.89412373,-77.02757271
RARE STEAKS AND SEAFOOD,Restaurant,1595 I ST NW ,WASHINGTON,DC,20005,Not Available,38.90156582,-77.03582845
MOMO'S CAFE,Restaurant,4828 MACARTHUR BLVD NW ,WASHINGTON,DC,20007,Not Available,38.9168187,-77.09652216
STARR RESTAURANTS,Restaurant,1250 5TH ST NE ,WASHINGTON,DC,20002,Not Available,38.90763832,-76.9990396
BL 1150 Connecticut DC LLC.,Restaurant,1150 CONNECTICUT AVE NW ,WASHINGTON,DC,20036,Not Available,38.90531416,-77.04131113
MAZI,Restaurant,1518 K ST NW ,WASHINGTON,DC,20005,Not Available,38.90216523,-77.03545846
ALOHA DC LLC,Restaurant,1350 CONNECTICUT AVE NW ,WASHINGTON,DC,20036,Not Available,38.9083725993,-77.0430929483
"BROOKLYN ON U, LLC",Restaurant,1212 U ST NW ,WASHINGTON,DC,20009,2405052845,38.91674787,-77.02857392
DOS MAMI'S LLC,Restaurant,819 UPSHUR ST NW ,WASHINGTON,DC,20011,Not Available,38.94213516,-77.02415453
ROTI MEDITERRANEAN GRILL,Restaurant,1850 M ST NW ,WASHINGTON,DC,20036,Not Available,38.90536204,-77.04294805
HOSPITALITY GURU LLC,Restaurant,1337 11TH ST NW ,WASHINGTON,DC,20001,Not Available,38.90842209,-77.02670452
MOSER GROUP LLC.,Restaurant,3400 11TH ST NW ,WASHINGTON,DC,20010,Not Available,38.9319866,-77.02853101
"THIP KHAO, LLC",Restaurant,3460 14TH ST NW ,WASHINGTON,DC,20010,Not Available,38.93290697,-77.03301422
ESQ SHAY LLC.,Restaurant,1924 8TH ST NW ,WASHINGTON,DC,20001,Not Available,38.91653968,-77.02321325
FAMILY'S L.L.C.,Restaurant,1414 9TH ST NW ,WASHINGTON,DC,20001,Not Available,38.90914129,-77.02418337
TONARI LLC,Restaurant,707 6TH ST NW ,WASHINGTON,DC,20001,Not Available,38.89867661,-77.01958027
ALBI DC L.L.C. & MAXWELL YARDS LLC,Restaurant,1346 4TH ST SE ,WASHINGTON,DC,20003,Not Available,38.87428755,-77.00026194
Starbucks Corporation,Restaurant,2228 MARTIN LUTHER KING J AVE SE ,WASHINGTON,DC,20020,Not Available,38.86335691,-76.99059621
CREOLE ON 14TH ,Restaurant,3345 14TH ST NW ,WASHINGTON,DC,20010,Not Available,38.9310824,-77.03245067
Embassy Suites Downtown,Restaurant,1250 22ND ST NW ,WASHINGTON,DC,20037,Not Available,38.90688922,-77.04940873
Rosemary,Restaurant,5010 CONNECTICUT AVE NW ,WASHINGTON,DC,20008,Not Available,38.95508632,-77.07022531
RASA MVT,Restaurant,475 K ST NW ,WASHINGTON,DC,20001,Not Available,38.90277967,-77.0183106
Carr-Wharf 3B Hotel Lessee LLC,Restaurant,801 WHARF ST SW ,WASHINGTON,DC,20024,Not Available,38.87941163,-77.02504722
BUSBOYS AND POETS,Restaurant,2004 MARTIN LUTHER KING J AVE SE ,WASHINGTON,DC,20020,Not Available,38.86625383,-76.98880278
Red Light,Restaurant,1401 R ST NW ,WASHINGTON,DC,20009,Not Available,38.91276323,-77.03222833
CFAMILY LLC,Restaurant,3300 GEORGIA AVE NW ,WASHINGTON,DC,20010,Not Available,38.93114826,-77.02379328
"GVI 14th Street, LLC t/a Vin Sur Vint",Restaurant,1529 14TH ST NW ,WASHINGTON,DC,20005,Not Available,38.91074075,-77.03161495
DC RAMEN LLC,Restaurant,525 8TH ST SE ,WASHINGTON,DC,20003,Not Available,38.88196429,-76.99528973
Seoul Spice 4 LLC,Restaurant,439 7TH ST NW ,WASHINGTON,DC,20004,Not Available,38.89587464,-77.0216729
"Met Cafe DC, Inc.",Restaurant,1750 NEW YORK AVE NW ,WASHINGTON,DC,20006,Not Available,38.89567416,-77.04100468
Bartaco Mt Vernon,Restaurant,1025 5TH ST NW ,WASHINGTON,DC,20001,Not Available,38.90281538,-77.01870419
CHUCKS LLC.,Restaurant,2718 GEORGIA AVE NW ,WASHINGTON,DC,20001,Not Available,38.92563575,-77.02315924
"BHG Waterfront, LLC",Restaurant,715 WHARF ST SW ,WASHINGTON,DC,20024,Not Available,38.87846922,-77.02399261
1107 Safi LLC  101 Rhode Island ave,Restaurant,101 RHODE ISLAND AVE NW ,WASHINGTON,DC,20001,Not Available,38.915938339,-77.012360754
"Circle I Productions, Inc.",Restaurant,1811 14TH ST NW ,WASHINGTON,DC,20009,Not Available,38.91457544,-77.03154827
Waldorf Astoria Washington D.C.,Restaurant,1100 PENNSYLVANIA AVE NW ,WASHINGTON,DC,20004,Not Available,38.89412373,-77.02757271
MORINI D.C. LLC C/O ALTAMAREA GROUP,Restaurant,301 WATER ST SE ,WASHINGTON,DC,20003,Not Available,38.87346417,-77.00154144
"FLG, L.L.C.",Restaurant,2471 18TH ST NW ,WASHINGTON,DC,20009,Not Available,38.92228836,-77.04221964
"HILLTOP HOSPITALITY, LLC",Restaurant,1606 20TH ST NW ,WASHINGTON,DC,20009,Not Available,38.91150878,-77.04513463
1825 Connecticut Ave Deli Inc.,Restaurant,1825 CONNECTICUT AVE NW ,WASHINGTON,DC,20009,Not Available,38.91510342,-77.04572093
Breadsoda,Restaurant,2233 WISCONSIN AVE NW ,WASHINGTON,DC,20007,Not Available,38.91994196,-77.07073994
CAJUN SEAFOOD WASHINGTON LLC,Restaurant,2430 MARKET ST NE ,WASHINGTON,DC,20018,Not Available,38.92007906,-76.95288346
"Meta Platforms, Inc.",Restaurant,575 7TH ST NW ,WASHINGTON,DC,20004,Not Available,38.89703801,-77.02150887
"Compass Group USA, Inc.",Restaurant,1900 F ST NW ,WASHINGTON,DC,20052,Not Available,38.89711912,-77.04390646
Adams Morgan Golden Foods LLC.,Restaurant,2481 18TH ST NW ,WASHINGTON,DC,20009,Not Available,38.92257454,-77.04244191
Starbucks Corporation,Restaurant,237 PENNSYLVANIA AVE SE ,WASHINGTON,DC,20003,Not Available,38.88681988,-77.00222165
"Compass Group USA, Inc.",Restaurant,620 MICHIGAN AVE NE ,WASHINGTON,DC,20064,Not Available,38.93282207,-76.99786192
Sweet Lemon L.L.C.,Restaurant,201 MASSACHUSETTS AVE NE ,WASHINGTON,DC,20002,Not Available,38.89461959,-77.00288022
Le Mont Royal,Restaurant,1815 ADAMS MILL RD NW ,WASHINGTON,DC,20009,Not Available,38.92325515,-77.04261829
"Skene Law Firm, P.C.",Restaurant,655 NEW YORK AVE NW ,WASHINGTON,DC,20001,Not Available,38.90346782,-77.02114443
"Salamander, Washington D.C",Restaurant,1330 MARYLAND AVE SW ,WASHINGTON,DC,20024,Not Available,38.88360211,-77.03044887
ALICE RE HOLDINGS LLC,Restaurant,1011 K ST NW ,WASHINGTON,DC,20001,Not Available,38.9027884,-77.02649824
Dukes Grocery,Restaurant,1201 HALF ST SE ,WASHINGTON,DC,20003,Not Available,38.87558305,-77.00786184
Chercher Ethiopian Ethiopian Restaurant,Restaurant,1334 9TH ST NW ,WASHINGTON,DC,20001,Not Available,38.9083643505,-77.0241847192
Five Iron Golf,Restaurant,575 7TH ST NW ,WASHINGTON,DC,20004,Not Available,38.89703801,-77.02150887
"Flaherty & O'Hara, P.C.",Restaurant,1325 2ND ST NE ,WASHINGTON,DC,20002,Not Available,38.90779656,-77.00316368
KIDY LOUNGE LLC,Restaurant,5503 GEORGIA AVE NW ,WASHINGTON,DC,20011,Not Available,38.95643119,-77.02784971
"B9 SELECT NAVY TRS LLC C/O FLAHERY & O'HARA, P.C.",Restaurant,140 L ST SE ,WASHINGTON,DC,20003,Not Available,38.87773742,-77.00418838
SCOUTDC LLC,Restaurant,1705 14TH ST NW ,WASHINGTON,DC,20009,Not Available,38.9128526688,-77.0317084746
441 Kennedy Street Kitchen LLC,Restaurant,441 KENNEDY ST NW ,WASHINGTON,DC,20011,Not Available,38.9566438653,-77.0196061184
WHARF DU JOUR,Restaurant,99 DISTRICT SQ SW ,WASHINGTON,DC,20024,Not Available,38.87956246,-77.0253203
DC KABOB IONC,Restaurant,1401 K ST NW ,WASHINGTON,DC,20005,Not Available,38.90292438,-77.03231404
Thompson Retail Food Group LLC,Restaurant,676 MAINE AVE SW ,WASHINGTON,DC,20024,Not Available,38.87794436,-77.02231929
YOSO HOSPITALITY LLC,Restaurant,200 MASSACHUSETTS AVE NW ,WASHINGTON,DC,20001,Not Available,38.89896651,-77.01408898
Kitchen + Kocktails By Kevin Kelley DC LLC,Restaurant,1300 I ST NW ,WASHINGTON,DC,20005,Not Available,38.90101435,-77.03033676
Dumpling Hotpot Beyond,Restaurant,1216 H ST NE ,WASHINGTON,DC,20002,Not Available,38.9003864,-76.98956059
"FAB LOUNGE, INC. (THE)",Restaurant,4306 GEORGIA AVE NW ,WASHINGTON,DC,20011,2027971122,38.94322431,-77.02612938
Cashion's Rendezvous,Restaurant,1835 I ST NW ,WASHINGTON,DC,20006,Not Available,38.90189036,-77.04255976
TIKI GARDEN LLC,Restaurant,802 13TH ST NE ,WASHINGTON,DC,20002,Not Available,38.90037756,-76.98848016
SONESTA DC HOTEL LLC t/a ROYAL SONESTA CAPITOL HILL (THE),Restaurant,20 MASSACHUSETTS AVE NW ,WASHINGTON,DC,20001,Not Available,38.89768713,-77.0107656
SONESTA DC HOTEL LLC t/a ROYAL SONESTA CAPITOL HILL (THE),Restaurant,20 MASSACHUSETTS AVE NW ,WASHINGTON,DC,20001,Not Available,38.89768713,-77.0107656
CHIKO CAPITOL HILL LLC,Restaurant,423 8TH ST SE ,WASHINGTON,DC,20003,Not Available,38.88302935,-76.99526857
TenTen Inc,Restaurant,1010 MASSACHUSETTS AVE NW ,WASHINGTON,DC,20001,Not Available,38.90335336,-77.02669628
WALTER REED RAMEN LLC,Restaurant,1155 DAHLIA ST NW ,WASHINGTON,DC,20012,Not Available,38.97602035,-77.027561
Tasty and Classy LLC,Restaurant,2000 5TH ST NE ,WASHINGTON,DC,20002,Not Available,38.91713131,-76.9998403
Cafe Citron,Restaurant,1343 CONNECTICUT AVE NW ,WASHINGTON,DC,,Not Available,38.90843582,-77.04234299
LAK-KITCHEN,Restaurant,5252 WISCONSIN AVE NW ,WASHINGTON,DC,20015,Not Available,38.95873773,-77.08514623
GMG iii Restaurants LLC,Restaurant,1408 U ST NW ,WASHINGTON,DC,20009,Not Available,38.91684179,-77.03240349
HAN PALACE GEORGETOWN LLC,Restaurant,1728 WISCONSIN AVE NW ,WASHINGTON,DC,20007,Not Available,38.91444595,-77.06722713
Queens Cafe,Restaurant,2405 18TH ST NW ,WASHINGTON,DC,20009,Not Available,38.92074305,-77.04170499
Elle,Restaurant,3219 3221 MOUNT PLEASANT ST NW ,WASHINGTON,DC,20010,Not Available,38.93177453,-77.03834648
Down Under Inc,Restaurant,1001 CONNECTICUT AVE NW ,WASHINGTON,DC,20036-5520,Not Available,38.9027901606,-77.038881851
DISTRICT ALLEY GROUP LLC,Restaurant,1378 H ST NE ,WASHINGTON,DC,20002,Not Available,38.90037573,-76.98578278
9TH STREET PIZZERIA LLC,Restaurant,1250 9TH ST NW ,WASHINGTON,DC,20001,Not Available,38.90693659,-77.02418977
jai mata di inc,Restaurant,3115 14TH ST NW ,WASHINGTON,DC,20010,Not Available,38.92973826,-77.03247774
Unknown,Restaurant,301 Massachusetts AVE NE ,WASHINGTON,DC,20003,Not Available,38.89421858,-77.00184551
Nablus LLC,Restaurant,1210 POTOMAC ST NW ,WASHINGTON,DC,20007,Not Available,38.90547851,-77.06535581
Namakmandi LLC,Restaurant,1030 15TH ST NW ,WASHINGTON,DC,20005,Not Available,38.90341131,-77.03510157
"Tatte Holdings, LLC",Restaurant,1545 WISCONSIN AVE NW ,WASHINGTON,DC,20007,Not Available,38.91019207,-77.06460608
"Best Cafe Enterprises, LLC Corner Bakery #230",Restaurant,529 14TH ST NW ,WASHINGTON,DC,20045,Not Available,38.89701925,-77.03154662
AMERICAS WINGS INC,Restaurant,5419 GEORGIA AVE NW ,WASHINGTON,DC,20011,Not Available,38.95577695,-77.02774065
SAKEENA FOOD INC,Restaurant,414 H ST NE ,WASHINGTON,DC,20002,Not Available,38.90045731,-76.99987861
ASTU LLC,Restaurant,3013 GEORGIA AVE NW ,WASHINGTOND,DC,20001,Not Available,38.92861416,-77.02289807
Tortino Restaurant,Restaurant,1228 11TH ST NW ,WASHINGTON,DC,20001,Not Available,38.90657007,-77.02733852
1700 NJ AVE CONCEPT LLC,Restaurant,1700 NEW JERSEY AVE NW ,WASHINGTON,DC,20001,Not Available,38.9127448098,-77.0178197753
Butterworth's,Restaurant,319 PENNSYLVANIA AVE SE ,WASHINGTON,DC,20003,Not Available,38.88643698,-77.00140052
Fogo de Chao Churrascaria (The Wharf DC) LLC,Restaurant,698 MAINE AVE SW ,WASHINGTON,DC,20024,Not Available,38.87826073,-77.02278257
Elite Group (the) llc,Restaurant,1208 H ST NE ,WASHINGTON,DC,20002,Not Available,38.90040609,-76.98980037
"EPIC LOUNGE, INC",Restaurant,4809 GEORGIA AVE NW ,WASHINGTON,DC,20011,Not Available,38.9486531,-77.02665199
Solo Entertainment LLC,Restaurant,1901 9TH ST NW ,WASHINGTON,DC,20001,Not Available,38.91583683,-77.0237319
"MSD RCOF DC Hotel OpCo, LLC",Restaurant,1100 PENNSYLVANIA AVE NW ,WASHINGTON,DC,20004,Not Available,38.89412373,-77.02757271
Gastropod Morse LLC,Restaurant,550 MORSE ST NE ,WASHINGTON,DC,20002,Not Available,38.90737331,-76.99827117
Tm Washington LLC,Restaurant,1335 2ND NE ,WASHINGTON,DC,20002,Not Available,38.90801194,-77.00329098
Next level DC,Restaurant,15 K ST NE ,WASHINGTON,DC,20002,Not Available,38.90222602,-77.00782524
"OTIS.@12, Inc.",Restaurant,3625 12TH ST NE ,WASHINGTON,DC,20017,Not Available,38.93427063,-76.99094902
Compass Coffee,Delicatessen,4850 MASSACHUSETTS AVE NW ,WASHINGTON,DC,20016,Not Available,38.94485109,-77.09601276
EC RESTAURANTS (DC-PENN AVE) CORP,Restaurant,1201 PENNSYLVANIA AVE NW ,WASHINGTON,DC,20004,Not Available,38.89570943,-77.02839039
"WOW MARKET & DELI LLC,",Food Products,6226 GEORGIA AVE NW ,WASHINGTON,DC,20011,Not Available,38.96577115,-77.02789674
Unknown,Beauty Shop,1805 West Virginia AVE NE ,WASHINGTON,DC,20002,Not Available,38.91052391,-76.98502578
"Chaac Pizza Northeast, LLC",Restaurant,1501 MARYLAND AVE NE ,WASHINGTON,DC,20002,Not Available,38.90030896,-76.98172635
Sweetgreen,Restaurant,1304 4TH ST NE ,WASHINGTON,DC,20002,Not Available,38.90934471,-76.99926048
Via MRG ,Restaurant,2000 FENWICK ST NE ,WASHINGTON,DC,20002,Not Available,38.91469773,-76.98497982
SYLVIA LIQUORS,Food Products,1818 BENNING RD NE ,WASHINGTON,DC,20002,2023880188,38.8992314,-76.97677613
N&T NAILS LLC,Beauty Shop,1567 MARYLAND AVE NE ,WASHINGTON,DC,20002,Not Available,38.90066899,-76.98038586
La Grande Boucherie DC LLC,Restaurant,699 14TH ST NW ,WASHINGTON,DC,20005,Not Available,38.89805682,-77.03134396
BUSBOYS & POETS,Restaurant,450 K ST NW ,WASHINGTON,DC,20001,Not Available,38.90227481,-77.01796634
Buddies Nails Spa & Barber,Beauty Shop,317 H ST NW ,WASHINGTON,DC,20001,Not Available,38.90038677,-77.01599349
COLLECTIONS TRANSPORT IMPOUND TOWING LLC.,Tow Truck Business,4640 MINNESOTA AVE NE ,WASHINGTON,DC,20019,Not Available,38.9069954,-76.93576771
"GLOBAL HOLDINGS MANAGEMENT GROUP (US) , INC.",Restaurant,900 F ST NW ,WASHINGTON,DC,20004,Not Available,38.89706629,-77.02432625
Live K LLC,Restaurant,730 MAINE AVE SW ,WASHINGTON,DC,20024,Not Available,38.87883859,-77.0234165
STAN EVANS SEAFOOD INC,Food Products,1100 MAINE AVE SW ,WASHINGTON,DC,20024,2025544173,38.88121704,-77.02805247
CAPITOL HOSPITALITY LLC,Hotel,10 I ST SW ,WASHINGTON,DC,20024,Not Available,38.87902535,-77.00973016
Mariachi Lounge Bar & Grill Corporation,Restaurant,5217 GEORGIA AVE NW ,WASHINGTON,DC,20011,Not Available,38.95346337,-77.02731058
ABEGAZ LLC.,Restaurant,4913 GEORGIA AVE NW ,WASHINGTON,DC,20011,Not Available,38.95018148,-77.02688352
"HARAR GROCERY, LLC",Food Products,626 KENNEDY ST NW ,WASHINGTON,DC,20011,Not Available,38.95620714,-77.02204175
LEVY @ DC UNITED - HEINEKEN CLUB,Delicatessen,100 POTOMAC AVE SW ,WASHINGTON,DC,20024,Not Available,38.86906896,-77.01238121
GRNA FC OF DC LLC,Restaurant,665 WHARF ST SW ,WASHINGTON,DC,20024,Not Available,38.87738001,-77.02263028
Longworks DC LLC,Restaurant,5832 GEORGIA AVE NW ,WASHINGTON,DC,20011,Not Available,38.96106231,-77.02836011
"COALITION FOR THE HOMELESS, INC. (THE)",Boarding House,4326 14TH ST NW ,WASHINGTON,DC,20011,Not Available,38.94384718,-77.03300118
MYSASSYNAILSPA,Beauty Shop Nails,6910 4TH ST NW ,WASHINGTON,DC,20012,Not Available,38.97408194,-77.01835073
Atlas Half Street LLC,Restaurant,1201 HALF ST SE ,WASHINGTON,DC,20003,Not Available,38.87558305,-77.00786184
Emmy Squared,Restaurant,1300 4TH ST SE ,WASHINGTON,DC,20003,Not Available,38.8745966,-77.00034123
"COSMOPOLITAN NAIL LOUNGE, INC.",Beauty Shop Nails,1331 4TH ST SE ,WASHINGTON,DC,20003,Not Available,38.87428995,-77.00077303
"CSX TRS, LLC",Hotel,867 NEW JERSEY AVE SE ,WASHINGTON,DC,20003,Not Available,38.8802516,-77.00577679
Priyaspace LLC t/a O'Connor's Wine & Spirits,Food Products,2900 MINNESOTA AVE SE ,WASHINGTON,DC,20019,Not Available,38.87614835,-76.96584013
DISTRICT OF COLUMBIA CVS PHARMACY LLC,Food Products,3240 PENNSYLVANIA AVE SE ,WASHINGTON,DC,20020,2025752324,38.86952692,-76.95942103
YODIT INC,Grocery Store,2339 PENNSYLVANIA AVE SE ,WASHINGTON,DC,20020,Not Available,38.87364319,-76.97186915
CAVA MEZZE GRILL LLC.,Restaurant,52 M ST SE ,WASHINGTON,DC,20003,Not Available,38.87667754,-77.00706874
Thompson Hospitality Services,Restaurant,202 M ST SE ,WASHINGTON,DC,20003,Not Available,38.87704399,-77.00312694
URBAN ADVENTURES,Health Spa,1212 4TH ST SE ,WASHINGTON,DC,20003,Not Available,38.87574472,-77.00024166
KZN L.L.C.,Restaurant,202 M ST SE ,WASHINGTON,DC,20003,Not Available,38.87704399,-77.00312694
LEVY PREMIUM FOODSERVICE LIMITED PARTNERSHIP,Restaurant,1500 SOUTH CAPITOL ST SE ,WASHINGTON,DC,20003,2026407939,38.87235978,-77.00852675
wineLAIR,Restaurant,1120 22ND ST NW ,WASHINGTON,DC,20037,Not Available,38.90425863,-77.04906773
Seasons Culinary Services,Restaurant,2100 PENNSYLVANIA AVE NW ,WASHINGTON,DC,20037,Not Available,38.90103512,-77.04720979
MJA LLC,Restaurant,2101 L ST NW ,WASHINGTON,DC,20037,Not Available,38.90400333,-77.04687961
Kiss Salon LLC,Beauty Shop,1101 23RD ST NW ,WASHINGTON,DC,20037,Not Available,38.90410077,-77.04978252
NATIONAL SOCIETY OF THE DAUGHTERS OF THE AMERICAN REVOLUTION,Public Hall,311 18TH ST NW ,WASHINGTON,DC,20006,Not Available,38.89394416,-77.04115527
"Arepa Zone WM, LLC",Delicatessen,2000 PENNSYLVANIA AVE NW ,WASHINGTON,DC,20006,Not Available,38.90035538,-77.0457758
ELFGENE LLC,Restaurant,2420 2422 18TH ST NW ,WASHINGTON,DC,20009,Not Available,38.92126868,-77.04249129
NAI Saturn Eastern LLC,Grocery Store,1747 COLUMBIA RD NW ,WASHINGTON,DC,20009,Not Available,38.92422756,-77.04101822
FISH CHARM PENN CORP,Restaurant,2439 18TH ST NW ,WASHINGTON,DC,20009,Not Available,38.92152419,-77.0419626
Ironworks LLC,Restaurant,2321 18TH ST NW ,WASHINGTON,DC,20002,Not Available,38.92027525,-77.04153889
2461 CORPORATION,Restaurant,2461 18TH ST NW ,WASHINGTON,DC,20009,Not Available,38.92204318,-77.04215388
DBG Group,Restaurant,1600 7TH ST NW ,WASHINGTON,DC,20001,Not Available,38.91128009,-77.02218294
LOST AND FOUND LLC,Restaurant,1240 9TH ST NW ,WASHINGTON,DC,20001,Not Available,38.90676531,-77.02436242
gilded heart salon,Beauty Shop,1426 9TH ST NW ,WASHINGTON,DC,20001,Not Available,38.90941813,-77.02425668
Trina's Cakes's by the Pound LLC,Caterers,2800 10TH ST NE ,WASHINGTON,DC,20017,Not Available,38.92581574,-76.99276286
THE CITY LIMIT INC,Restaurant,1226 36TH ST NW ,WASHINGTON,DC,20007,2029651789,38.90607594,-77.07043485
"Neighborhood Restaurant Group XIX, LLC.",Restaurant,1206 WISCONSIN AVE NW ,WASHINGTON,DC,20007,Not Available,38.90552765,-77.06348953
MELBEN INC.,Restaurant,1069 1073 31ST ST NW ,WASHINGTON,DC,20007,2029656666,38.9046059727,-77.0608384369
"GBG, LLC dba Golds Gym DC Metro",Health Spa,3222 M ST NW ,WASHINGTON,DC,20007,Not Available,38.90499599,-77.06374039
MALABATTA LLC.,Restaurant,3116 M ST NW ,WASHINGTON,DC,20007,2023334733,38.90496427,-77.06174942
CEC INC,Restaurant,1736 WISCONSIN AVE NW ,WASHINGTON,DC,20015,2023330111,38.91460507,-77.06732714
CENTRAL CONVENIENCE INC,Grocery Store,5575 CENTRAL AVE SE ,WASHINGTON,DC,20019,Not Available,38.8856048962,-76.9192527623
Billy Hicks Georgetown,Restaurant,3277 M ST NW ,WASHINGTON,DC,20007,Not Available,38.90527266,-77.06533199
POLIN SALON AND SPA INC.,Beauty Shop,1740 WISCONSIN AVE NW ,WASHINGTON,DC,20007,Not Available,38.91469657,-77.0673715
Downtown Petro inc,Delicatessen,5030 CONNECTICUT AVE NW ,WASHINGTON,DC,20008,Not Available,38.95532133,-77.07060234
J STREET ENTERPRISES LP,Restaurant,5015 CONNECTICUT AVE NW ,WASHINGTON,DC,20015,2026074321,38.95546565,-77.06964582
Red Bear Brewing Company,Restaurant,1140 3RD ST NE ,WASHINGTON,DC,20002,Not Available,38.9048958255,-77.002246999
OLD CITY MAO LLC,Grocery Store,522 1/2 K ST NE ,WASHINGTON,DC,20002,Not Available,38.90276561,-76.99866164
Tikka Masala- Van Ness LLC,Restaurant,4221 CONNECTICUT AVE NW ,WASHINGTON,DC,20008,Not Available,38.94380738,-77.06284154
Downtown Petro inc,Delicatessen,5030 CONNECTICUT AVE NW ,WASHINGTON,DC,20008,Not Available,38.95532133,-77.07060234
STARBUCKS CORPORATION,Restaurant,4250 CONNECTICUT AVE NW ,WASHINGTON,DC,20007,2023642796,38.94506967,-77.06458936
BISTRO CACAO INC,Restaurant,316 MASSACHUSETTS AVE NE ,WASHINGTON,DC,20002,Not Available,38.89452776,-77.00109832
DYNAMIC WELLNESS LLC.,Food Products,401 H ST NE ,WASHINGTON,DC,20002,Not Available,38.90002455,-77.00039034
EBENEZERS COFFEEHOUSE LLC,Restaurant,201 F ST NE ,WASHINGTON,DC,20002,Not Available,38.89713192,-77.00328413
AIRPORT MANAGEMENT SERVICES LLC,Food Products,50 MASSACHUSETTS AVE NE ,WASHINGTON,DC,20002,Not Available,38.89761945,-77.00617579
GRAND CENTRAL SPORTSBOOK LLC,Delicatessen,625 H ST NE ,WASHINGTON,DC,20002,Not Available,38.89994444,-76.99738806
GRS GLOBAL LLC,Caterers,1140 3RD ST NE ,WASHINGTON,DC,20002,Not Available,38.9048958255,-77.002246999
PRET UNION STATION INC,Delicatessen,50 MASSACHUSETTS AVE NE ,WASHINGTON,DC,20002,Not Available,38.89761945,-77.00617579
GRUBRUB LLC,Caterers,2800 10TH ST NE ,WASHINGTON,DC,20017,Not Available,38.92581574,-76.99276286
HOSPITAL FOR SICK CHILDREN,Restaurant,1731 BUNKER HILL RD NE ,WASHINGTON,DC,20017,2026356163,38.94136843,-76.98103885
EL CAMINO LLC,Restaurant,108 RHODE ISLAND AVE NW ,WASHINGTON,DC,20001,Not Available,38.91524608,-77.01262722
CARLOS ROSARIO INTERNATIONAL PUBLIC CHARTER SCHOOL,Restaurant,1100 HARVARD ST NW ,WASHINGTON,DC,20009,2027974700,38.92644365,-77.0276913
PANDA EXPRESS #1295,Restaurant,3100 14TH ST NW ,WASHINGTON,DC,,Not Available,38.92930077,-77.03298372
Thousand Hills DC LLC,Restaurant,2601 14TH ST NW ,WASHINGTON,DC,20009,Not Available,38.92396818,-77.03187302
UPTOWN MART LLC.,Grocery Store,2701 14TH ST NW ,WASHINGTON,DC,20009,Not Available,38.92502379,-77.03205305
JADI GOOSE LLC,Restaurant,3410 11TH ST NW ,WASHINGTON,DC,20010,Not Available,38.93214316,-77.02853637
Big Bear DC,Restaurant,1700 1ST ST NW ,WASHINGTON,DC,20001,Not Available,38.91275549,-77.01236481
Mood Swings Food Hall,Restaurant,1625 1ST ST NW ,WASHINGTON,DC,20001,Not Available,38.9118232,-77.01189077
Capitol Convenience,Food Products,1400 NORTH CAPITOL ST NW ,WASHINGTON,DC,20002,Not Available,38.90871741,-77.00940643
DDS/RSA,Delicatessen,4058 MINNESOTA AVE NE ,WASHINGTON,DC,20019,Not Available,38.89697153,-76.94782803
YELLOW HOUSE,Delicatessen,4011 MINNESOTA AVE NE ,WASHINGTON,DC,20019,2023972266,38.89543701,-76.94863458
WAGSHAL'S 3201 L.L.C.,Restaurant,3201 NEW MEXICO AVE NW ,WASHINGTON,DC,20016,Not Available,38.93308229,-77.08484051
MINNESOTA STORE LLC,Delicatessen,3728 MINNESOTA AVE NE ,WASHINGTON,DC,20019,Not Available,38.89110904,-76.95248659
ECLECTIC CAFE,Delicatessen,4058 MINNESOTA AVE NE ,WASHINGTON,DC,20019,Not Available,38.89697153,-76.94782803
COLUMBIA HEIGHTS PHARMARCY,Food Products,3316 14TH ST NW ,WASHINGTON,DC,20010,3016494375,38.9307603,-77.03296202
MI CUBA CAFE,Restaurant,1424 PARK RD NW ,WASHINGTON,DC,20010,Not Available,38.93043785,-77.03373171
STARBUCKS COFFEE,Restaurant,3107 14TH ST NW ,WASHINGTON,DC,20010,2063188705,38.92941776,-77.03244057
UPTOWN MART LLC.,Grocery Store,2701 14TH ST NW ,WASHINGTON,DC,20009,Not Available,38.92502379,-77.03205305
Unknown,Restaurant,2414 WISCONSIN AVE NW ,WASHINGTON,DC,20007,Not Available,38.92143192,-77.07253321
WINE INVESTMENT GROUP LLC,Restaurant,2404 WISCONSIN AVE NW ,WASHINGTON,DC,20007,Not Available,38.92128154,-77.07240252
Pakos Fresh Mex LLC.,Delicatessen,2000 5TH ST NE ,WASHINGTON,DC,20002,Not Available,38.91713131,-76.9998403
Inspire Nail Bar,Beauty Shop Nails,680 RHODE ISLAND AVE NE ,WASHINGTON,DC,20002,Not Available,38.92134674,-76.99685982
ANOTHER ROUND LLC,Restaurant,1015 H ST NE ,WASHINGTON,DC,20002,Not Available,38.89994609,-76.99205962
Jazzy Eats Cafe,Delicatessen,2000 5TH ST NE ,WASHINGTON,DC,20002,Not Available,38.91713131,-76.9998403
FAHRENHIGHT HOSPITALITY INC,Food Vending Machine,6 QUINCY PL NE ,WASHINGTON,DC,20002,2022771907,38.91204157,-77.00843937
Metz Culinary Management LLC,Restaurant,125 MICHIGAN AVE NE ,WASHINGTON,DC,20017,Not Available,38.92747864,-77.00428276
Pops Bakery LLC,Caterers,1625 Eckington PL NE ,WASHINGTON,DC,20002,Not Available,38.91199724,-77.00399957
Tigos LLC,Restaurant,1322 H ST NE ,WASHINGTON,DC,20002,Not Available,38.90040781,-76.98740987
Mezeh 333 Penn LLC,Restaurant,333 PENNSYLVANIA AVE SE ,WASHINGTON,DC,20003,Not Available,38.8863266,-77.00097579
DAZZLES HAIR SALON,Beauty Shop,1340 H ST NE ,WASHINGTON,DC,20002,2024274753,38.90044406,-76.98690458
LE SUPER NAILS LLC.,Beauty Shop Nails,718 H ST NE ,WASHINGTON,DC,20002,Not Available,38.90039362,-76.99531941
NAMESI INCORPORATED,Delicatessen,1400 MARYLAND AVE NE ,WASHINGTON,DC,20002,Not Available,38.8998193304,-76.9851845804
ATTN: LICENSING DEPT,Restaurant,401 MICHIGAN AVE NE ,WASHINGTON,DC,20017,8663728291,38.93092133,-76.99995986
CHICKBOY DC LLC,Delicatessen,2000 5TH ST NE ,WASHINGTON,DC,20002,Not Available,38.91713131,-76.9998403
Mita Inc,Food Vending Machine,4055 MINNESOTA AVE NE ,WASHINGTON,DC,20019,Not Available,38.89622562,-76.94745543
A.R.E. INCORPORATED,Restaurant,4445 BENNING RD NE ,WASHINGTON,DC,20019,6022488223,38.890414577,-76.9383431698
MINNESOTA STORE LLC,Delicatessen,3728 MINNESOTA AVE NE ,WASHINGTON,DC,20019,Not Available,38.89110904,-76.95248659
MINNESOTA STORE LLC,Delicatessen,3728 MINNESOTA AVE NE ,WASHINGTON,DC,20019,Not Available,38.89110904,-76.95248659
Carlos Rosario International Public Charter school,Restaurant,514 V ST NE ,WASHINGTON,DC,20002,Not Available,38.91832286,-76.99859274
NATIONAL DEMOCRATIC CLUB INC,Restaurant,30 IVY ST SE ,WASHINGTON,DC,20003,2025432035,38.88437809,-77.00796262
Chesapeake Big Market,Delicatessen,601 CHESAPEAKE ST SE ,WASHINGTON,DC,20032,Not Available,38.82899807,-76.99829023
Hine Restaurants LLC,Restaurant,300 7TH ST SE ,WASHINGTON,DC,20003,Not Available,38.885743,-76.99591972
Omakase of Barracks Row LLC.,Restaurant,522 8TH ST SE ,WASHINGTON,DC,20003,Not Available,38.88189907,-76.99466622
8th & Pennsylvania Inc,Gasoline Dealer,823 PENNSYLVANIA AVE SE ,WASHINGTON,DC,20003,Not Available,38.8833921,-76.99424624
GME Investements,Inn And Motel,712 G ST SE ,WASHINGTON,DC,20003,Not Available,38.88147695,-76.99547717
EASTERN MARKET NAILS INC.,Beauty Shop,216 7TH ST SE ,WASHINGTON,DC,20003,Not Available,38.8867756,-76.99582123
700 WINE LLC,Restaurant,360 7TH ST SE ,WASHINGTON,DC,20003,Not Available,38.8853006875,-76.9959223962
della barba co.,Delicatessen,1382 EAST CAPITOL ST NE ,WASHINGTON,DC,20003,Not Available,38.89010403,-76.98571532
MCO INC,Delicatessen,129 15TH ST SE ,WASHINGTON,DC,20003,2025473902,38.88791296,-76.98394452
Z BURGER 4975,Delicatessen,4975 SOUTH DAKOTA AVE NE ,WASHINGTON,DC,20017,Not Available,38.95002877,-76.99263627
VENUS BOWL CORP.,Delicatessen,333 HAWAII AVE NE ,WASHINGTON,DC,20011,Not Available,38.94117064,-77.00081644
FOOD & FRIENDS INC,Caterers,219 RIGGS RD NE ,WASHINGTON,DC,20011,2022696833,38.95567755,-77.00219968
"USF S&H DC, LLC.",Health Spa,315 G ST SE ,WASHINGTON,DC,20003,Not Available,38.88099168,-77.00117902
Manny & Olga's Pizza,Delicatessen,1430 PENNSYLVANIA AVE SE ,WASHINGTON,DC,20003,Not Available,38.8801247,-76.98418657
CANALES INC.,Grocery Store,225 7TH ST SE ,WASHINGTON,DC,20003,2025476480,38.88641312,-76.99646843
1214 U ST LLC,Restaurant,1214 U ST NW ,WASHINGTON,DC,20009,Not Available,38.91675794,-77.02864853
9th Street Lounge LLC.,Restaurant,1920 9TH ST NW ,WASHINGTON,DC,20001,Not Available,38.9161943,-77.02423569
ALERO OF U STREET INC.,Restaurant,1301 U ST NW ,WASHINGTON,DC,20009,2024622322,38.91728599,-77.03051814
MINAHIL CORP,Delicatessen,1511 U ST NW ,WASHINGTON,DC,20009,2024623100,38.91720684,-77.03512427
Blank Street Coffee,Delicatessen,1807 14TH ST NW ,WASHINGTON,DC,20009,Not Available,38.91440499,-77.03158406
GLEN'S SHAW L.L.C.,Grocery Store,1924 8TH ST NW ,WASHINGTON,DC,20001,2035704063,38.91653968,-77.02321325
ZEMEN M. LLC.,Restaurant,1915 9TH ST NW ,WASHINGTON,DC,20001,Not Available,38.91621743,-77.02374391
AVE REAL ESTATE & PROPERTY MAINTENANCE INC.,Bed and Breakfast,1800 CONNECTICUT AVE NW ,WASHINGTON,DC,20009,Not Available,38.91439193,-77.04648898
Sodexo,Restaurant,3050 MILITARY RD NW ,WASHINGTON,DC,20015,Not Available,38.96007796,-77.06116281
Mamma Lucia of Chevy Chase,Delicatessen,5504 CONNECTICUT AVE NW ,WASHINGTON,DC,20015,Not Available,38.96334671,-77.07502052
The Wydown,Delicatessen,1924 14TH ST NW ,WASHINGTON,DC,20009,Not Available,38.91638764,-77.03222271
CHICKEN AND WHISKEY LLC.,Restaurant,1738 14TH ST NW ,WASHINGTON,DC,20009,Not Available,38.91382842,-77.03238851
930 CLUB,Theater (Live),1215 U ST NW ,WASHINGTON,DC,20009,2022650930,38.9173976,-77.02898618
LAVEDA LASH & BROW BOUTIQUE,Beauty Shop Nails,2200 14TH ST NW ,WASHINGTON,DC,20009,Not Available,38.91932408,-77.03225944
KENNI COLOURS LLC,Beauty Shop,803 FLORIDA AVE NW ,WASHINGTON,DC,20001,Not Available,38.91695849,-77.02313786
SHAW HOWARD DELI,Delicatessen,1911 7TH ST NW ,WASHINGTON,DC,20001,2023401257,38.9159446337,-77.0217064445
C/O CT-BL DEPT.,Restaurant,1940 14TH ST NW ,WASHINGTON,DC,20009,Not Available,38.91670771,-77.03222239
TARGET CORPORATION,Grocery Store,1515 NEW YORK AVE NE ,WASHINGTON,DC,20002,Not Available,38.9162602,-76.98201054
Culture L.L.C.,Restaurant,2002 FENWICK ST NE ,WASHINGTON,DC,20002,Not Available,38.91477359,-76.98504207
NEW BEGINNING VOCATIONAL                      PROGRAM LLC,Restaurant,2060 WEST VIRGINIA AVE NE ,WASHINGTON,DC,20002,Not Available,38.9153013474,-76.9808637063
DIAZ & ANDINO DELICATESSEN INC,Restaurant,1918 14TH ST SE ,WASHINGTON,DC,20020,Not Available,38.86642447,-76.98473913
Unknown,Gasoline Dealer,1248 PENNSYLVANIA AVE SE ,WASHINGTON,DC,20003,Not Available,38.88208232,-76.98866037
Sweet Crimes LLC,Bakery,1238 PENNSYLVANIA AVE SE ,WASHINGTON,DC,20003,Not Available,38.88204521,-76.98889688
SHARKS FISH AND CHICKEN,Restaurant,4049 MINNESOTA AVE NE ,WASHINGTON,DC,20019,Not Available,38.89607426,-76.94760102
Safeway,Grocery Store,322 40TH ST NE ,WASHINGTON,DC,20003,Not Available,38.89313233,-76.94745494
SALA T6HAI (MINNESOTA AVE),Restaurant,4020 MINNESOTA AVE NE ,WASHINGTON,DC,20019,Not Available,38.89592416,-76.94893498
The Bottle Shop - Adams Morgan,Food Products,2216 18TH ST NW ,WASHINGTON,DC,20009,Not Available,38.91924626,-77.04186636
DISTRICT OF COLUMBIA CVS PHARMACY LLC,Food Products,5550 CONNECTICUT AVE NW ,WASHINGTON,DC,20015,2029666600,38.9647094,-77.07588135
PENN NAILS INC.,Beauty Shop Nails,643 PENNSYLVANIA AVE SE ,WASHINGTON,DC,20003,Not Available,38.88466236,-76.99701207
"Bravado Hair Design, LLC",Beauty Shop,655 C ST SE ,WASHINGTON,DC,20003,Not Available,38.88586695,-76.9966206
CHILDREN'S NATIONAL HOSPITAL,Restaurant,111 MICHIGAN AVE NW ,WASHINGTON,DC,20010,Not Available,38.92767927,-77.01375155
A&F LLC,Delicatessen,1100 4TH ST NE ,WASHINGTON,DC,20002,Not Available,38.9038822,-77.000825
JSSI-PINE LLC.,Grocery Store,1201 MOUNT OLIVET RD NE ,WASHINGTON,DC,20002,Not Available,38.90978168,-76.98481102
KOHINOOR HOSPITALITY LLC,Restaurant,601 2ND ST NE ,WASHINGTON,DC,20002,Not Available,38.89749208,-77.00330237
THE GROVE INC.,Delicatessen,50 MASSACHUSETTS AVE NE ,WASHINGTON,DC,20002,Not Available,38.89761945,-77.00617579
"The Grove, Inc.",Delicatessen,50 MASSACHUSETTS AVE NE ,WASHINGTON,DC,20002,Not Available,38.89761945,-77.00617579
DDS/RSA RANDOPH SHEPPARD VENDING FACILITY PROGRAM (RSVFP),Delicatessen,100 F ST NE ,WASHINGTON,DC,20549,Not Available,38.89754394,-77.0041794
"The Halal Guys Union Station, LLC",Delicatessen,50 MASSACHUSETTS AVE NE ,WASHINGTON,DC,20002,Not Available,38.89761945,-77.00617579
"BODEGA MARKET, LLC.",Grocery Store,1136 FLORIDA AVE NE ,WASHINGTON,DC,20002,Not Available,38.90303925,-76.99035441
Starbucks Corporation,Restaurant,331 N ST NE ,WASHINGTON,DC,20002,Not Available,38.90708028,-77.00101412
DISTRICT OF COLUMBIA CVS PHARMACY LLC,Food Products,845 BLADENSBURG RD NE ,WASHINGTON,DC,20002,2023960202,38.90128141,-76.98210977
"Chaac Pizza Northeast, LLC",Restaurant,1501 MARYLAND AVE NE ,WASHINGTON,DC,20002,Not Available,38.90030896,-76.98172635
E MARKET,Grocery Store,4202 BENNING RD NE ,WASHINGTON,DC,20019,Not Available,38.89311405,-76.9423133
Engine Company 12 LLC,Restaurant,1626 NORTH CAPITOL ST NW ,WASHINGTON,DC,20002,Not Available,38.9120123291,-77.0094307276
SODEXO OPERATIONS LLC,Restaurant,700 19TH ST NW ,WASHINGTON,DC,20431,2404134768,38.89900456,-77.04392976
JUSTINA'S HAIR GALLERY LLC.,Beauty Shop,4001 GAULT PL NE ,WASHINGTON,DC,20019,Not Available,38.89890223,-76.94597534
New Heights Restaurant,Restaurant,2317 CALVERT ST NW ,WASHINGTON,DC,20008,Not Available,38.92371445,-77.05224596
Unknown,Bakery,3000 CONNECTICUT AVE NW ,WASHINGTON,DC,20008,2023684258,38.9298928,-77.05556543
Zoo Wine & Spirits LLC,Food Products,3000 CONNECTICUT AVE NW ,WASHINGTON,DC,20008,Not Available,38.9298928,-77.05556543
Priyaspace LLC t/a O'Connor's Wine & Spirits,Food Products,2900 MINNESOTA AVE SE ,WASHINGTON,DC,20019,Not Available,38.87614835,-76.96584013
Pluma Bakery,Bakery,610 WATER ST SW ,WASHINGTON,DC,20024,Not Available,38.87597029,-77.02115691
SOUTHWEST CATERING COMPANY,Caterers,400 I ST SW ,WASHINGTON,DC,20024,Not Available,38.87899085,-77.01826623
"FRIENDLY DAVID'S MARKET, INC.",Grocery Store,1399 HALF ST SW ,WASHINGTON,DC,20024,2024843114,38.87312863,-77.01083323
ALLURE LOUNGE LLC.,Restaurant,711 H ST NE ,WASHINGTON,DC,20002,Not Available,38.89993205,-76.99565261
TK DC INC.,Food Products,812 H ST NE ,WASHINGTON,DC,20002,Not Available,38.90042186,-76.99433409
TPK LLC,Restaurant,816 H ST NE ,WASHINGTON,DC,20002,Not Available,38.90044735,-76.99419333
LE CHAT NOIR,Restaurant,4907 WISCONSIN AVE NW ,WASHINGTON,DC,20016,2029661600,38.95369868,-77.0817862
SeoulSpice,Restaurant,4600 WISCONSIN AVE NW ,WASHINGTON,DC,20016,Not Available,38.94997216,-77.08084368
LISNER HOME WOMEN,Beauty Shop,5425 WESTERN AVE NW ,WASHINGTON,DC,20015,2029666667,38.96196588,-77.08320993
"JETTIES, INC.",Restaurant,1609 FOXHALL RD NW ,WASHINGTON,DC,20007,2029653663,38.9112873,-77.08402593
HOLIDAY FAMILY LIQUORS INC,Food Products,3505 WHEELER RD SE ,WASHINGTON,DC,20032,2025618400,38.83928712,-76.99412263
"JTC, INC.",Restaurant,1001 2ND ST SE ,WASHINGTON,DC,20003,Not Available,38.8777293,-77.00369225
Pink Taco,Restaurant,100 M ST SE ,WASHINGTON,DC,20003,Not Available,38.87680951,-77.00537201
IMPERIAL WINE & SPIRITS,Food Products,620 12TH ST NW ,WASHINGTON,DC,20005,Not Available,38.89813172,-77.02826731
DC KAIJIKEN LLC,Restaurant,716 7TH ST NW ,WASHINGTON,DC,20001,Not Available,38.89906413,-77.02220831
Starbucks,Restaurant,401 8TH ST NE ,WASHINGTON,DC,20002-5227,Not Available,38.89494039,-76.99475931
JENI'S SPLENDID ICE CREAMS,Delicatessen,1925 14TH ST NW ,WASHINGTON,DC,20009,Not Available,38.9164625,-77.03158762
GRAND HYATT WASHINGTON,Restaurant,1000 H ST NW ,WASHINGTON,DC,20001,Not Available,38.89934061,-77.02648774
Strathroy Park Corp.,Restaurant,1201 NEW YORK AVE NW ,WASHINGTON,DC,20005,Not Available,38.90101343,-77.0285464
CAMERON MITCHELL RESTAURANTS LLC,Restaurant,1341 G ST NW ,WASHINGTON,DC,20005,Not Available,38.89856862,-77.03146984
FIOLA,Restaurant,3050 K ST NW ,WASHINGTON,DC,20007,Not Available,38.90194421,-77.06091848
Laveda Lash & Brow Boutique,Beauty Shop,1063 WISCONSIN AVE NW ,WASHINGTON,DC,20007,Not Available,38.9043907,-77.06245403
"CLYDE'S OF GEORGETOWN, INC",Restaurant,3236 M ST NW ,WASHINGTON,DC,20007,2023339180,38.9049989,-77.06402228
Puddin LLC,Delicatessen,1309 5TH ST NE ,WASHINGTON,DC,20002,Not Available,38.90871669,-76.99765027
Blue Bottle Coffee,Delicatessen,1046 POTOMAC ST NW ,WASHINGTON,DC,20007,Not Available,38.90437483,-77.06543966
Kyojin Restaurant Group LLC,Restaurant,3315 CADY'S NW ,WASHINGTON,DC,20007,Not Available,38.90482014,-77.06666905
Patisserie Poupon Georgetown LLC,Restaurant,1645 WISCONSIN AVE NW ,WASHINGTON,DC,20007,Not Available,38.91161856,-77.06527854
54 Noodle Bar DC L.L.C.,Restaurant,1527 14TH ST NW ,WASHINGTON,DC,20005,Not Available,38.91058291,-77.03168152
PLAYERS CLUB,Restaurant,1400 14TH ST NW ,WASHINGTON,DC,20005,Not Available,38.90897171,-77.03223181
Cassava LLC,Delicatessen,3210 GRACE ST NW ,WASHINGTON,DC,20007,Not Available,38.90378891,-77.06350954
FILK INTERNATIONAL CORP.,Delicatessen,1100 OAK DR SE ,WASHINGTON,DC,20032,Not Available,38.84693037,-76.99126836
Sebah Corporation,Delicatessen,3833 PENNSYLVANIA AVE SE ,WASHINGTON,DC,20020,Not Available,38.86512131,-76.95144393
Saon GT,Beauty Shop,2613 P ST NW ,WASHINGTON,DC,20007,Not Available,38.90949334,-77.05521091
Capitol Hill Super Market,Delicatessen,241 MASSACHUSETTS AVE NE ,WASHINGTON,DC,20002,Not Available,38.89440584,-77.00226327
ShearWork,Barber Shop,720 KENNEDY ST NW ,WASHINGTON,DC,20011,Not Available,38.95614759,-77.02345389
AGORA INC,Restaurant,1523 1527 17TH ST NW ,WASHINGTON,DC,20036,2023326767,38.9105772,-77.03821137
CROWN BAKERY L.L.C.,Bakery,5409 GEORGIA AVE NW ,WASHINGTON,DC,20011,2022913009,38.95551032,-77.02766233
JOJO Development Inc,Restaurant,1518 U ST NW ,WASHINGTON,DC,20009-3912,Not Available,38.91680799,-77.03537925
Unknown,Beauty Shop,1514 U ST NW ,WASHINGTON,DC,20009,2027263812,38.91683556,-77.03525958
CATANIA BAKERY INC.,Bakery,1404 NORTH CAPITOL ST NW ,WASHINGTON,DC,20002,2023325135,38.90884569,-77.00946098
1307 West Virginia Ave NE LLC,Bed and Breakfast,1427 F ST NE ,WASHINGTON,DC,20002,Not Available,38.89714084,-76.98440897
Insomnia Cookies Operators LLC,Bakery,1309 H ST NE ,WASHINGTON,DC,20002,Not Available,38.89999122,-76.98788306
"Virginia Market, LLC",Food Products,1776 U ST NW ,WASHINGTON,DC,20009,Not Available,38.9167676,-77.04115552
Toastique Union Market LLC.,Restaurant,325 MORSE ST NE ,WASHINGTON,DC,20002,Not Available,38.90805993,-77.00102186
BUFFALO & BERGEN LLC.,Restaurant,1309 5TH ST NE ,WASHINGTON,DC,20002,Not Available,38.90871669,-76.99765027
HomeStay DC,Bed and Breakfast,1818 PARK RD NW ,WASHINGTON,DC,20010,Not Available,38.93213919,-77.04224127
AHAN ARIK INC,Delicatessen,3174 MOUNT PLEASANT ST NW ,WASHINGTON,DC,20010,Not Available,38.93080541,-77.03842323
Alley Bar LLC,Restaurant,808 7TH ST NE ,WASHINGTON,DC,20002,Not Available,38.90063007,-76.9964147
VAN LEEUWEN ADAMS MORGAN DC LLC,Delicatessen,2421 18TH ST NW ,WASHINGTON,DC,20009,Not Available,38.92095914,-77.04178215
VENTURAS CUTS LLC,Beauty Shop,1460 PARK RD NW ,WASHINGTON,DC,20010,Not Available,38.93076226,-77.03460584
NICOLAS HOSPITALITY INC,Restaurant,2001 11TH ST NW ,WASHINGTON,DC,20001,Not Available,38.91715805,-77.02682114
I RICCHI INC,Restaurant,1220 19TH ST NW ,WASHINGTON,DC,20036,2028352021,38.90663216,-77.04390287
"FIDENCIO, LLC",Bakery,1787 COLUMBIA RD NW ,WASHINGTON,DC,20009,Not Available,38.92315778,-77.04233651
GRAND HYATT WASHINGTON,Hotel,1000 H ST NW ,WASHINGTON,DC,20001,2407441000,38.89934061,-77.02648774
NGSC LLC dba CAFE PHILLIPS,Restaurant,50 F ST NW ,WASHINGTON,DC,20001-1530,Not Available,38.89695741,-77.01030726
MHF NOMA OPERATING IV LLC,Hotel,1225 FIRST ST NE ,WASHINGTON,DC,20002,Not Available,38.90627126,-77.00561634
"Flaherty & O'Hara, P.C.",Food Products,1325 2ND ST NE ,WASHINGTON,DC,20002,Not Available,38.90779656,-77.00316368
"Taco Bell of America, LLC",Restaurant,625 H ST NE ,WASHINGTON,DC,20002,Not Available,38.89994444,-76.99738806
GOLDEN CHINA,Delicatessen,1703 6TH ST NW ,WASHINGTON,DC,20001,Not Available,38.91281253,-77.01961632
MARRIOTT MARQUIS,Restaurant,901 MASSACHUSETTS AVE NW ,WASHINGTON,DC,20001,Not Available,38.90367009,-77.02467863
MARRIOTT MARQUIS,Restaurant,901 MASSACHUSETTS AVE NW ,WASHINGTON,DC,20001,Not Available,38.90367009,-77.02467863
Visions Hair Studio Inc.,Beauty Shop,2445 GOOD HOPE RD SE ,WASHINGTON,DC,20020,Not Available,38.86129043,-76.96981136
ORIENTAL EXPRESS,Delicatessen,3015 NAYLOR RD SE ,WASHINGTON,DC,20020,2025811308,38.85371516,-76.96496757
CHICKEN RICO WASHINGTON INC.,Restaurant,91 H ST NW ,WASHINGTON,DC,20001,2028425007,38.90039599,-77.01193348
COOKIE'S CORNER,Grocery Store,1970 2ND ST NW ,WASHINGTON,DC,20001,Not Available,38.91752142,-77.0147958
HIVES & BEES,Bed and Breakfast,618 T ST NW ,WASHINGTON,DC,20001,Not Available,38.91527244,-77.02065903
BARBER OF HELL'S BOTTOM LLC,Barber Shop,816 RHODE ISLAND AVE NW ,WASHINGTON,DC,20001,Not Available,38.91144887,-77.02373448
Unknown,Bed and Breakfast,1520 10TH ST NW ,WASHINGTON,DC,20001,Not Available,38.91033734,-77.02621522
Lucy Nails Spa & Barber,Barber Shop,317 H ST NW ,WASHINGTON,DC,20001,Not Available,38.90038677,-77.01599349
Arlo Washington DC,Hotel,333 G ST NW ,WASHINGTON,DC,20001,Not Available,38.8986247944,-77.0157152754
Thammasathiti LLC,Restaurant,2016 P ST NW ,WASHINGTON,DC,20036,Not Available,38.90944603,-77.04564824
Quickway Dakota Inc,Restaurant,2450 MARKET ST NE ,WASHINGTON,DC,20018,Not Available,38.92100112,-76.95257
Five Guys Burgers And Fries,Restaurant,2490 MARKET ST NE ,WASHINGTON,DC,20018,Not Available,38.9219258598,-76.9523705785
7 RIVER MART,Grocery Store,250 11TH ST NE ,WASHINGTON,DC,20002,Not Available,38.89344284,-76.99179591
NAI Saturn Eastern LLC,Grocery Store,1701 CORCORAN ST NW ,WASHINGTON,DC,20009,Not Available,38.91205006,-77.03895354
Manuel Maria LLC,Restaurant,4231 9TH ST NW ,WASHINGTON,DC,20011,Not Available,38.94255452,-77.0249138
GEBREMARIAM LLC,Grocery Store,434 SHEPHERD ST NW ,WASHINGTON,DC,20011,Not Available,38.93977156,-77.01878033
PENDRY WASHINGTON DC - THE WHARF,Restaurant,655 WATER ST SW ,WASHINGTON,DC,20024,Not Available,38.87749027,-77.02219157
"INNOVATIVE SPA MANAGEMENT, LLC",Beauty Shop,801 WHARF ST SW ,WASHINGTON,DC,20024,Not Available,38.87941163,-77.02504722
Bushwood LLC,Delicatessen,33 DISTRICT SQ SW ,WASHINGTON,DC,20024,Not Available,38.87989927,-77.02498043
HP ACDC Hotel LP,Restaurant,1330 MARYLAND AVE SW ,WASHINGTON,DC,20024,Not Available,38.88360211,-77.03044887
Golds Gym DC Metro,Food Products,409 3RD ST SW ,WASHINGTON,DC,20024,Not Available,38.88460326,-77.01575414
OCEAN FRONT LIQUORS,Grocery Store,4682 4684 MARTIN LUTHER KING J AVE SW ,WASHINGTON,DC,20032,Not Available,38.82112067,-77.0106495
BOUNDARY STONE,Restaurant,116 RHODE ISLAND AVE NW ,WASHINGTON,DC,20001,Not Available,38.91521832,-77.01275394
REWIND BY DECADES LLC,Restaurant,1219 CONNECTICUT AVE NW ,WASHINGTON,DC,20036,Not Available,38.90653484,-77.04117856
FY & A FAMILY L.L.C.,Delicatessen,1361 CONNECTICUT AVE NW ,WASHINGTON,DC,20036,Not Available,38.9087186,-77.04254573
MOBY DICK II INC.,Restaurant,1300 CONNECTICUT AVE NW ,WASHINGTON,DC,20036,2028339788,38.90753308,-77.04270056
"Mi Casa Dupont, LLC",Restaurant,1647 20TH ST NW ,WASHINGTON,DC,20009,Not Available,38.9124719,-77.04456979
Wend Baltimore South,Restaurant,3900 GEORGIA AVE NW ,WASHINGTON,DC,20011,Not Available,38.93888524,-77.02513121
ROUNDABOUT LLC.,Restaurant,414 H ST NE ,WASHINGTON,DC,20002,Not Available,38.90045731,-76.99987861
GB License LLC,Food Products,327 S ST NE ,WASHINGTON,DC,20002,Not Available,38.91387029,-77.00085602
"Ben's Fast Food Restaurants, Inc.",Delicatessen,2000 5TH ST NE ,WASHINGTON,DC,20002,Not Available,38.91713131,-76.9998403
FRESH OFF THE ROAST LLC.,Delicatessen,151 Q ST NE ,WASHINGTON,DC,20002,Not Available,38.91090155,-77.0042059
7-ELEVEN INC,Delicatessen,1501 INDEPENDENCE AVE SE ,WASHINGTON,DC,20003,Not Available,38.88744304,-76.98345385
"MHAT & DM, LLC.",Delicatessen,5010 NEW HAMPSHIRE AVE NW ,WASHINGTON,DC,20011,Not Available,38.95140836,-77.01229849
VANA Residential LLC,Bed and Breakfast,220 HAMILTON ST NW ,WASHINGTON,DC,20011,Not Available,38.9530173678,-77.0142882863
SARGODHA 88 INC.,Food Products,4101 ALABAMA AVE SE ,WASHINGTON,DC,20019,Not Available,38.87018041,-76.94438427
Y & M LLC,Restaurant,5910 GEORGIA AVE NW ,WASHINGTON,DC,20011,Not Available,38.9615805,-77.02821782
"ALWAYS TOWING & RECOVERY, INC.",Tow Truck,2307 BLADENSBURG RD NE ,WASHINGTON,DC,20018,Not Available,38.92053558,-76.96931003
"PLATNUM TOWING, INC.",Tow Truck Business,198 RIGGS RD NE ,WASHINGTON,DC,20011,Not Available,38.95624825,-77.0036804
Jackie Lee's,Restaurant,116 KENNEDY ST NW ,WASHINGTON,DC,20011,Not Available,38.95637943,-77.01249006
CVS PHARMACY ,Food Products,5013 CONNECTICUT AVE NW ,WASHINGTON,DC,20008,2029660327,38.95536276,-77.06951339
SHEMALI'S INC.,Grocery Store,4483 CONNECTICUT AVE NW ,WASHINGTON,DC,20008,Not Available,38.94769433,-77.06522009
2651 BENNING RD EXXON,Gasoline Dealer,2651 BENNING RD NE ,WASHINGTON,DC,20002,Not Available,38.89739718,-76.97018088
NHN INC.,Beauty Shop Nails,2305 BENNING RD NE ,WASHINGTON,DC,20002,Not Available,38.89787652,-76.97250942
H2MZ LLC,Grocery Store,7712 GEORGIA AVE NW ,WASHINGTON,DC,20012,Not Available,38.9831895,-77.02684738
NANDO'S AT THE YARDS LLC,Restaurant,300 TINGEY ST SE ,WASHINGTON,DC,20003,Not Available,38.87521736,-77.00127262
"Taphouse Management, LLC",Restaurant,1250 HALF ST SE ,WASHINGTON,DC,20003,Not Available,38.87536515,-77.00724735
TRAVELTRADERS HOTEL STORES INC.,Food Products,1127 CONNECTICUT AVE NW ,WASHINGTON,DC,20036,7863882500,38.90444225,-77.03946658
KU-WASHINGTON CORPORATION,Restaurant,1814 K ST NW ,WASHINGTON,DC,20006,2024667790,38.90222429,-77.04257391
NORTH GATE GRILL,Restaurant,1001 16TH ST NW ,WASHINGTON,DC,20036,2023931000,38.90317045,-77.0359284
DISTRICT OF COLUMBIA CVS PHARMACY LLC,Food Products,1199 VERMONT AVE NW ,WASHINGTON,DC,20005,2027373962,38.90440836,-77.03228647
BARBECUE BATTLE INC.,Special Events,555 PENNSYLVANIA AVE NW ,WASHINGTON,DC,20001,Not Available,38.8931248,-77.01935005
BIN & FENG INC.,Delicatessen,1784 FLORIDA AVE NW ,WASHINGTON,DC,20009,2024831931,38.9167059,-77.04139752
HUNAN SHRIMP BOAT,Delicatessen,5585 SOUTH DAKOTA AVE NE ,WASHINGTON,DC,20011,2026356666,38.95830813,-77.00085332
909 NJ  L.L.C.,Food Products,909 NEW JERSEY AVE SE ,WASHINGTON,DC,20003,5712750891,38.87880576,-77.00548233
WASHINGTON SCHOOL FOR GIRLS,Restaurant,1600 MORRIS RD SE ,WASHINGTON,DC,20020,2026781113,38.8574512003,-76.982308551
Ts Cafe Ventures 3 LLC,Restaurant,1250 HALF ST SE ,WASHINGTON,DC,20003,Not Available,38.87536515,-77.00724735
Unknown,Restaurant,1221 VAN ST SE ,WASHINGTON,DC,20003,Not Available,38.8750281,-77.00839339
COMPETITOR GROUP INC.,Special Events,601 PENNSYLVANIA AVE NW ,WASHINGTON,DC,,Not Available,38.89329945,-77.02050143
Agave Mexican Restaurant,Restaurant,3217 GEORGIA AVE NW ,WASHINGTON,DC,20010,Not Available,38.93083831,-77.02324674
THREE STAR LLC,Delicatessen,3651 GEORGIA AVE NW ,WASHINGTON,DC,20010,Not Available,38.9359301,-77.02397723
North Restaurants LLC,Restaurant,2112 PENNSYLVANIA AVE NW ,WASHINGTON,DC,20037,Not Available,38.90150174,-77.04796613
PANERA LLC,Restaurant,800 21ST ST NW ,WASHINGTON,DC,20052,Not Available,38.89989467,-77.0471982
Tiger Sugar,Delicatessen,2000 PENNSYLVANIA AVE NW ,WASHINGTON,DC,20006,Not Available,38.90035538,-77.0457758
Bandoola Bowl,Delicatessen,2000 PENNSYLVANIA AVE NW ,WASHINGTON,DC,20006,Not Available,38.90035538,-77.0457758
Embassy Suites Hotel,Hotel,900 10TH ST NW ,WASHINGTON,DC,20001,Not Available,38.90197959,-77.02627337
SUNRISE DELI,Delicatessen,1220 L ST NW ,WASHINGTON,DC,20005,2023719810,38.90336638,-77.02911617
The Willard Spa,Beauty Shop Nails,1401 PENNSYLVANIA AVE NW ,WASHINGTON,DC,20004,Not Available,38.89649258,-77.03234479
Seasons Culinary Service,Delicatessen,1001 PENNSYLVANIA AVE NW ,WASHINGTON,DC,20004,Not Available,38.89504695,-77.02650516
GRNA SP OF DC LLC,Restaurant,507 7TH ST NW ,WASHINGTON,DC,20004,Not Available,38.8964254,-77.02172598
ADDIE LOVES SOUL FOOD LLC.,Restaurant,410 61ST ST NE ,WASHINGTON,DC,20019,Not Available,38.89494482,-76.91403781
EAT AND SMILE INC,Caterers,2212 RHODE ISLAND AVE NE ,WASHINGTON,DC,20018,Not Available,38.93059522,-76.97359753
KIRKS COOKIES & MAKERS LLC,Delicatessen,2800 10TH ST NE ,WASHINGTON,DC,20017,Not Available,38.92581574,-76.99276286
"District Pit, The LLC.",Caterers,2800 10TH ST NE ,WASHINGTON,DC,20017,Not Available,38.92581574,-76.99276286
TENART LLC,Gasoline Dealer,7605 GEORGIA AVE NW ,WASHINGTON,DC,20012,Not Available,38.98222779,-77.02612845
TENART LLC,Gasoline Dealer,7605 GEORGIA AVE NW ,WASHINGTON,DC,20012,Not Available,38.98222779,-77.02612845
SANGER ENTERPRISES INC,Restaurant,1226 H ST NE ,WASHINGTON,DC,20002,Not Available,38.90040511,-76.98922177
"CENTENO'S RESTAURANT, INC.",Restaurant,827 KENNEDY ST NW ,WASHINGTON,DC,20011,Not Available,38.95655622,-77.02522697
Vana Residential llc,Bed and Breakfast,734 PARK RD NW ,WASHINGTON,DC,20010,Not Available,38.9326421049,-77.0252352337
Pearson's Wine and Spirits,Food Products,2436 WISCONSIN AVE NW ,WASHINGTON,DC,20007,Not Available,38.92187503,-77.07284237
"INGLESIDE PRESBYTERIAN RETIREMENT COMMUNITY, INC. (THE)",Beauty Shop,3050 MILITARY RD NW ,WASHINGTON,DC,20015,Not Available,38.96007796,-77.06116281
Unknown,Grocery Store,5018 ROCK CREEK CHURCH RD NE ,WASHINGTON,DC,20011,2029999999,38.95154122,-77.00829419
Han Towers Market,Delicatessen,4201 CATHEDRAL AVE NW ,WASHINGTON,DC,20016,Not Available,38.93082287,-77.08297729
La Herradura Supermarket,Grocery Store,3412 GEORGIA AVE NW ,WASHINGTON,DC,20010,Not Available,38.93239703,-77.02405216
Capital Carpet LLC,Food Products,706 KENNEDY ST NW ,WASHINGTON,DC,20011,Not Available,38.95617107,-77.02269359
Grace Filled Hands Hair Studio,Beauty Shop,7323 GEORGIA AVE NW ,WASHINGTON,DC,20012,Not Available,38.97902957,-77.02614643
Sangria Bar and Grill,Restaurant,3539 GEORGIA AVE NW ,WASHINGTON,DC,20010,Not Available,38.93389008,-77.02367402
The Ave,Barber Shop,3931 GEORGIA AVE NW ,WASHINGTON,DC,20011,Not Available,38.93953346,-77.02467963
La Herradura Supermarket,Grocery Store,3412 GEORGIA AVE NW ,WASHINGTON,DC,20010,Not Available,38.93239703,-77.02405216
WASHINGTON YU YING PUBLIC CHARTER SCHOOL,Restaurant,220 TAYLOR ST NE ,WASHINGTON,DC,20017,2026351950,38.94135174,-77.0036704
MASENPHIL LLC,Delicatessen,4400 GEORGIA AVE NW ,WASHINGTON,DC,20011,2028822223,38.94414893,-77.02639399
Trinity Grill & Social Market,Grocery Store,200 MICHIGAN AVE NE ,WASHINGTON,DC,20017,Not Available,38.92960082,-77.0040949
ILCHI L.L.C.,Restaurant,2412 WISCONSIN AVE NW ,WASHINGTON,DC,20007,Not Available,38.92138329,-77.07251114
Pita LLC,Delicatessen,4632 14TH ST NW ,WASHINGTON,DC,20011,Not Available,38.94704377,-77.03300635
WAL-MART #3035,Delicatessen,310 RIGGS RD NE ,WASHINGTON,DC,20011,Not Available,38.95809375,-77.00207019
FOGGY BOTTOM BARBER SHOP,Barber Shop,2475 VIRGINIA AVE NW ,WASHINGTON,DC,20037,Not Available,38.89907625,-77.05249514
HHC TRS HIGHLAND LLC.,Hotel,1914 CONNECTICUT AVE NW ,WASHINGTON,DC,20009,5713821718,38.91637445,-77.0469605
YUAN JIANG INC. T/A 14TH STREET DELI,Delicatessen,1300 PENNSYLVANIA AVE NW ,WASHINGTON,DC,20004,2402050966,38.89493993,-77.03021187
Beautea,Restaurant,1073 WISCONSIN AVE NW ,WASHINGTON,DC,20007,Not Available,38.90468422,-77.06255424
"Sbarro, LLC",Restaurant,3001 CONNECTICUT AVE NW ,WASHINGTON,DC,20008,Not Available,38.93060711,-77.05437784
Meriwether Godsey Inc.,Restaurant,3609 WOODLEY RD NW ,WASHINGTON,DC,20016,Not Available,38.93232492,-77.07168136
FLIK INTERNATIONAL CORPORATION,Restaurant,1152 15TH ST NW ,WASHINGTON,DC,20005,Not Available,38.90493386,-77.0352364
"Compass Group USA, Inc.",Restaurant,4400 MASSACHUSETTS AVE NW ,WASHINGTON,DC,20016,Not Available,38.93908176,-77.08841482
CitySwing LLC,Restaurant,901 NEW YORK AVE NW ,WASHINGTON,DC,20001,Not Available,38.90211638,-77.02527931
FOUR SEASONS HOTEL,Restaurant,2800 PENNSYLVANIA AVE NW ,WASHINGTON,DC,20007,3126585000,38.9044499714,-77.0572264103
COMET PIZZA,Restaurant,5037 CONNECTICUT AVE NW ,WASHINGTON,DC,20008,2022850567,38.95594424,-77.06997234
WASHINGTON WINE & SPIRITS,Food Products,1200 E ST NW ,WASHINGTON,DC,20004,2025384338,38.89599554,-77.02838059
ROME PIZZA & SUBS LLC.,Restaurant,5000 WISCONSIN AVE NW ,WASHINGTON,DC,20016,Not Available,38.95490174,-77.08301905
NAI Saturn Eastern LLC,Grocery Store,5545 CONNECTICUT AVE NW ,WASHINGTON,DC,20015,Not Available,38.96459326,-77.07490737
PANERA LLC.,Delicatessen,1750 H ST NW ,WASHINGTON,DC,20006,Not Available,38.89997983,-77.04090421
"USF S&H DC, LLC.",Health Spa,4001 BRANDYWINE ST NW ,WASHINGTON,DC,20016,Not Available,38.94999665,-77.07937906
Embassy Row Shell,Food Products,2200 P ST NW ,WASHINGTON,DC,20037,Not Available,38.90930705,-77.04915963
FIOLA,Restaurant,1099 NEW YORK AVE NW ,WASHINGTON,DC,20001,Not Available,38.90155932,-77.02669239
POTBELLY SANDWICH WORKS LLC.,Restaurant,1701 PENNSYLVANIA AVE NW ,WASHINGTON,DC,20006,2027751450,38.89933664,-77.03982446
"SPRING VALLEY ENTERPRISES, INC",Caterers,4000 CATHEDRAL AVE NW ,WASHINGTON,DC,20016,Not Available,38.9284286,-77.07981487
YES ORGANIC MARKET 2,Delicatessen,3425 CONNECTICUT AVE NW ,WASHINGTON,DC,20008,2023631559,38.93516855,-77.05776421
"DECADES, LLC",Restaurant,1219 CONNECTICUT AVE NW ,WASHINGTON,DC,20036,Not Available,38.90653484,-77.04117856
Hospitality Guru Conn Ave LLC DBA OPAL,Restaurant,5534 CONNECTICUT AVE NW ,WASHINGTON,DC,20015,Not Available,38.96423391,-77.07561973
NAI Saturn Eastern LLC,Grocery Store,5545 CONNECTICUT AVE NW ,WASHINGTON,DC,20015,Not Available,38.96459326,-77.07490737
ILC BRAND INC.,Delicatessen,2201 C ST NW ,WASHINGTON,DC,20520,Not Available,38.89393696,-77.04884772
JLK3 ENTERPRISES LLC,Delicatessen,733 15TH ST NW ,WASHINGTON,DC,20005,Not Available,38.8998334,-77.033373
BL 1515 Rhode Island DC LLC,Delicatessen,1515 RHODE ISLAND AVE NW ,WASHINGTON,DC,20005,Not Available,38.90793588,-77.03550733
AVIS RENT A CAR SYSTEM LLC.,Auto Rental,1900 L ST NW ,WASHINGTON,DC,20036,Not Available,38.90356704,-77.04390536
Vidol Luffon LLC,Beauty Shop,1800 M ST NW ,WASHINGTON,DC,20036,Not Available,38.90533023,-77.04223738
PARK PLACE INC,Public Hall,920 14TH ST NW ,WASHINGTON,DC,20008,Not Available,38.90191943,-77.0323197
Call Your Mother Deli,Delicatessen,1515 15TH ST NW ,WASHINGTON,DC,20005,Not Available,38.90997196,-77.03424698
The Board Room,Restaurant,1737 CONNECTICUT AVE NW ,WASHINGTON,DC,20009,Not Available,38.91365766,-77.04534757
DISTRICT HOSPITAL PARTNERS,Delicatessen,900 23RD ST NW ,WASHINGTON,DC,,Not Available,38.9013080732,-77.0507134528
YOUNG'S DELI & MARKET,Delicatessen,4000 MASSACHUSETTS AVE NW ,WASHINGTON,DC,20016,Not Available,38.93136927,-77.07878386
EATON DC,Hotel,1201 K ST NW ,WASHINGTON,DC,20005,Not Available,38.90291601,-77.02846323
GEORGETOWN WASHINGTON DC INN LLC,Hotel,1310 WISCONSIN AVE NW ,WASHINGTON,DC,20007,Not Available,38.90720584,-77.06356262
ALICE RE HOLDINGS LLC.,Delicatessen,1011 K ST NW ,WASHINGTON,DC,20005,Not Available,38.9027884,-77.02649824
Embassy Suites Hotel,Hotel,900 10TH ST NW ,WASHINGTON,DC,20001,Not Available,38.90197959,-77.02627337
WALGREEN CO,Food Products,3301 NEW MEXICO AVE NW ,WASHINGTON,DC,20016,Not Available,38.93364619,-77.08511638
Bakeshop Georgetown LLC,Bakery,3210 GRACE ST NW ,WASHINGTON,DC,20007,Not Available,38.90378891,-77.06350954
HHLP GEORGETOWN LESSEE LLC,Restaurant,3100 SOUTH ST NW ,WASHINGTON,DC,20007,Not Available,38.90321244,-77.06170167
PLANET F INC,Restaurant,1221 CONNECTICUT AVE NW ,WASHINGTON,DC,20036,2024662336,38.90662303,-77.04117838
STUDENTS OF GEORGETOWN INC.,Food Products,3800 RESERVOIR RD NW ,WASHINGTON,DC,20007,Not Available,38.91201376,-77.07530401
GUEST SERVICES #6416,Restaurant,100 RAOUL WALLENBERG PL SW ,WASHINGTON,DC,20026,2023718750,38.88665149,-77.03272484
1905 19th St LLC.,Inn And Motel,1905 19TH ST NW ,WASHINGTON,DC,20009,Not Available,38.9158708552,-77.0431359917
DC Stays L.L.C.,Inn And Motel,1263 WISCONSIN AVE NW ,WASHINGTON,DC,20007,Not Available,38.90657962,-77.06265609
Generator Washington DC,Hotel,1900 CONNECTICUT AVE NW ,WASHINGTON,DC,20009,Not Available,38.9159863588,-77.046836173
DDS/RSA RANDOLPH-SHEPPARD VENDING FACILITIES PROGRAM (RSVFP),Delicatessen,1900 E ST NW ,WASHINGTON,DC,20415,Not Available,38.89470266,-77.04413898
THE NAIL LOFT DC LLC,Beauty Shop Nails,1010 MASSACHUSETTS AVE NW ,WASHINGTON,DC,20001,Not Available,38.90335336,-77.02669628
KIPP D.C. PUBLIC CHARTER SCHOOLS,Restaurant,1375 MOUNT OLIVET RD NE ,WASHINGTON,DC,20002,2022234505,38.90807397,-76.98113601
BASHIR NASEEM CORPORATION,Delicatessen,1905 9TH ST NE ,WASHINGTON,DC,20018,2028328930,38.91671811,-76.99323344
Unknown,Delicatessen,2052 WEST VIRGINIA AVE NE ,WASHINGTON,DC,20002,Not Available,38.91483298,-76.98141534
Lincoln 1923 LLC t/a Summer's Market & Deli,Delicatessen,1923 LINCOLN RD NE ,WASHINGTON,DC,20002,Not Available,38.91616107,-77.00727675
PAKO LLC,Food Products,1237 MOUNT OLIVET RD NE ,WASHINGTON,DC,20002,Not Available,38.9095778,-76.98396282
JERKFACE LLC.,Caterers,2619 EVARTS ST NE ,WASHINGTON,DC,20018,Not Available,38.92408834,-76.96885368
LASTCALLBAR LLC.,Restaurant,1301 A 4TH ST NE ,WASHINGTON,DC,20002,Not Available,38.90908497,-76.99876979
Unknown,Restaurant,1356 OKIE ST NE ,WASHINGTON,DC,20002,Not Available,38.91463421,-76.98555198
HARRIS TEETER #352,Restaurant,1201 1ST ST NE ,WASHINGTON,DC,20002,Not Available,38.90593275,-77.00560766
AJES LLC,Grocery Store,3101 RHODE ISLAND AVE NE ,WASHINGTON,DC,20018,Not Available,38.93440622,-76.9642434
R I Place Chicken LLC,Restaurant,1060 BRENTWOOD RD NE ,WASHINGTON,DC,20018,Not Available,38.92018824,-76.99377059
MGM Towing and Road Service LLC,Tow Truck,1200 BRENTWOOD RD NE ,WASHINGTON,DC,20018,Not Available,38.92102281,-76.9897197
Takaluco LLC,Barber Shop,145 N ST NE ,WASHINGTON,DC,20002,Not Available,38.90682526,-77.00458901
ERITREAN CULTURAL AND CIVIC CENTER (E.C.C.),Restaurant,2154 24TH PL NE ,WASHINGTON,DC,20018,Not Available,38.9210436537,-76.9724765048
"Chipotle Mexican Grill of Colorado, LLC",Restaurant,1150 1ST ST NE ,WASHINGTON,DC,20002,Not Available,38.90446407,-77.00653367
PANDA EXPRESS INC.,Restaurant,2440 MARKET ST NE ,WASHINGTON,DC,20018,Not Available,38.92057435,-76.95268295
SHEAR MOVEMENT LLC.,Beauty Booth,2350 WASHINGTON PL NE ,WASHINGTON,DC,20018,Not Available,38.92103099,-76.99481413
Glosslab Union Market,Beauty Shop,1260 5TH ST NE ,WASHINGTON,DC,20002,Not Available,38.90789487,-76.99885582
TEST RECORD DO NOT PROCESS,Restaurant,1600 TAYLOR ST NE ,WASHINGTON,DC,20017,Not Available,38.94098207,-76.98220189
PEREGRINE ESPRESSO LLC,Delicatessen,1309 5TH ST NE ,WASHINGTON,DC,20002,Not Available,38.90871669,-76.99765027
HARRIS TEETER #352,Restaurant,1201 1ST ST NE ,WASHINGTON,DC,20002,Not Available,38.90593275,-77.00560766
Dew Drop Inn L.L.C.,Restaurant,2801 8TH ST NE ,WASHINGTON,DC,20017,Not Available,38.92592929,-76.99473535
Pratt Standard Cocktail Company,Caterers,703 EDGEWOOD ST NE ,WASHINGTON,DC,20017,Not Available,38.9250448,-76.99582567
nail spot & spa,Beauty Shop Nails,3515 12TH ST NE ,WASHINGTON,DC,20017,Not Available,38.93302072,-76.99077917
NAI Saturn Eastern LLC,Grocery Store,1601 MARYLAND AVE NE ,WASHINGTON,DC,20002,Not Available,38.90056763,-76.97977005
Woodridge Vet's Liquors,Food Products,1358 BRENTWOOD RD NE ,WASHINGTON,DC,20018,Not Available,38.92508148,-76.98595441
ANT TOWING,Tow Truck,2209 CHANNING ST NE ,WASHINGTON,DC,20018,Not Available,38.92216535,-76.97326992
GB License LLC,Food Products,327 S ST NE ,WASHINGTON,DC,20002,Not Available,38.91387029,-77.00085602
Finn Property 1,Bed and Breakfast,1932 4TH ST NE ,WASHINGTON,DC,20002,Not Available,38.91669864,-77.00083576
FLORIANA,Restaurant,1602 17TH ST NW ,WASHINGTON,DC,20009,2026867600,38.9113328,-77.03874111
ROOSTER & OWL,Restaurant,2436 14TH ST NW ,WASHINGTON,DC,20009,Not Available,38.92145061,-77.03216861
APPIOO LLC,Restaurant,1924 9TH ST NW ,WASHINGTON,DC,20001,Not Available,38.91629195,-77.02423607
UPTOWN MART LLC.,Grocery Store,2701 14TH ST NW ,WASHINGTON,DC,20009,Not Available,38.92502379,-77.03205305
Passenger II LLC.,Restaurant,1539 7TH ST NW ,WASHINGTON,DC,20001,Not Available,38.91071501,-77.02164997
"AHOLD USA, LICENSING DEPARTMENT",Delicatessen,1050 BRENTWOOD RD NE ,WASHINGTON,DC,20018,3016187995,38.91921363,-76.99240191
JOSIAH'S LLC.,Delicatessen,2910 BLADENSBURG RD NE ,WASHINGTON,DC,20018,Not Available,38.9276298516,-76.9625580658
GLOSS BAR LLC,Beauty Shop Nails,825 O ST NW ,WASHINGTON,DC,20001,Not Available,38.90874365,-77.02338319
WALGREENS #17712,Food Products,1306 U ST NW ,WASHINGTON,DC,20001,Not Available,38.91677567,-77.03005427
Homewood Suites DC Convention Center,Hotel,465 NEW YORK AVE NW ,WASHINGTON,DC,20001,Not Available,38.90437698,-77.01829106
YK FLAGLER INC.,Grocery Store,2200 FLAGLER PL NW ,WASHINGTON,DC,20001,Not Available,38.91930303,-77.01378914
CALVERT RESTAURANT INC.,Restaurant,1967 CALVERT ST NW ,WASHINGTON,DC,20009,2022325431,38.92350993,-77.04677538
TK DC INC.,Food Products,1718 14TH ST NW ,WASHINGTON,DC,20009,Not Available,38.91326687,-77.03226338
ABIDAN LLC t/a Argyle Convenience Store,Delicatessen,3220 17TH ST NW ,WASHINGTON,DC,20010,Not Available,38.93229816,-77.03921799
FLORA RESTAURANT & LOUNGE LLC.,Restaurant,2010 9TH ST NW ,WASHINGTON,DC,20001,7717772748,38.9173843,-77.02422583
HARRIS TEETER #231,Delicatessen,1631 KALORAMA RD NW ,WASHINGTON,DC,20009,Not Available,38.92196671,-77.03846171
NOAH NAOL DC LLC,Restaurant,1909 9TH ST NW ,WASHINGTON,DC,20001,Not Available,38.91605145,-77.02369508
ADAMS MORGAN PARTNERSHIP INC.,Special Events,2424 18TH ST NW ,WASHINGTON,DC,20009,Not Available,38.92137464,-77.04267114
Taco Tuesday Inc.,Restaurant,2905 SHERMAN AVE NW ,WASHINGTON,DC,20001,Not Available,38.92706826,-77.02573943
ZEPPELIN RESTAURANT DC LLC.,Restaurant,1544 9TH ST NW ,WASHINGTON,DC,20001,Not Available,38.91096728,-77.02421616
MEDINA INC,Grocery Store,2233 MINNESOTA AVE SE ,WASHINGTON,DC,20020,Not Available,38.87172609,-76.9737183
Unknown,Restaurant,2863 ALABAMA AVE SE ,WASHINGTON,DC,20020,Not Available,38.86013858,-76.96514957
Shetab Enterprises LLC t/a Marthas Market,Food Products,2400 MINNESOTA AVE SE ,WASHINGTON,DC,20020,Not Available,38.87298047,-76.97224982
DAG PETROLEUM SUPPLIERS LLC,Gasoline Dealer,4321 NANNIE HELEN BURROUG AVE NE ,WASHINGTON,DC,20019,Not Available,38.9006574179,-76.9401848395
Nutritional Wealth and Wellness,Restaurant,2234 TOWN CENTER DR SE ,WASHINGTON,DC,20020,Not Available,38.86094087,-76.96723545
EZRA S INC,Delicatessen,6221 DIX ST NE ,WASHINGTON,DC,20019,Not Available,38.89414638,-76.91135603
"LA COLOMBE HOLDINGS, INC.",Delicatessen,1346 FLORIDA AVE NW ,WASHINGTON,DC,20009,Not Available,38.92001946,-77.03126759
SHAW HOWARD DELI,Delicatessen,1911 7TH ST NW ,WASHINGTON,DC,20001,2023401257,38.9159446337,-77.0217064445
BE2 LLC.,Grocery Store,4600 SHERIFF RD NE ,WASHINGTON,DC,20019,2023913580,38.90298581,-76.93647526
7-ELEVEN INC,Delicatessen,3218 PENNSYLVANIA AVE SE ,WASHINGTON,DC,20020,Not Available,38.86973056,-76.95983656
"FIKRE MARKET, INC.",Grocery Store,4920 CENTRAL AVE NE ,WASHINGTON,DC,20019,2023984924,38.89062502,-76.93192263
RENAISSANCE HOTEL WASHINGTON DC,Restaurant,999 9TH ST NW ,WASHINGTON,DC,20001,9493823000,38.90182806,-77.02368828
Sweetgreen,Delicatessen,624 E ST NW ,WASHINGTON,DC,20004,Not Available,38.89596819,-77.02143143
7-ELEVEN INC,Delicatessen,1501 INDEPENDENCE AVE SE ,WASHINGTON,DC,20003,Not Available,38.88744304,-76.98345385
CONGRESSIONAL EXXON,Gasoline Dealer,200 MASSACHUSETTS AVE NE ,WASHINGTON,DC,20002,2023333513,38.89546988,-77.00308463
High Spirits LLC,Food Products,301 H ST NE ,WASHINGTON,DC,20002,Not Available,38.90000517,-77.00175171
Unknown,Gasoline Dealer,1248 PENNSYLVANIA AVE SE ,WASHINGTON,DC,20003,Not Available,38.88208232,-76.98866037
7 RIVER MART,Grocery Store,250 11TH ST NE ,WASHINGTON,DC,20002,Not Available,38.89344284,-76.99179591
NAI Saturn Eastern LLC,Grocery Store,490 L ST NW ,WASHINGTON,DC,20001,Not Available,38.90348935,-77.01835263
Hakuna Matata DC LLC t/a Hakuna Matata Kitchen and Bar,Restaurant,1128 H ST NE ,WASHINGTON,DC,20002,Not Available,38.90039216,-76.99046152
HAIR AND MAKEUP BY LUNA LLC,Beauty Shop,402 8TH ST NE ,WASHINGTON,DC,20002,Not Available,38.89494959,-76.99520288
Blackbird,Beauty Shop,801 VIRGINIA AVE SE ,WASHINGTON,DC,20003,Not Available,38.87777854,-76.99469281
"EQUINOX 800 K STREET, INC.",Beauty Shop,800 K ST NW ,WASHINGTON,DC,20001,Not Available,38.9014767,-77.02259596
District Wharf Community Association,Delicatessen,890 WHARF ST SW ,WASHINGTON,DC,20024,Not Available,38.87949376,-77.02558616
WH ZHENG INC.,Delicatessen,50 MASSACHUSETTS AVE NE ,WASHINGTON,DC,20002,Not Available,38.89761945,-77.00617579
ARAMARK ENTERTAINMENT LLC,Delicatessen,601 F ST NW ,WASHINGTON,DC,20004,2026615155,38.8980785153,-77.0209572291
CREATIVE FOOD GROUP LLC.,Restaurant,1120 MAINE AVE SW ,WASHINGTON,DC,20024,Not Available,38.88125364,-77.02718498
Union HFV LLC/ Jamba,Delicatessen,50 MASSACHUSETTS AVE NE ,WASHINGTON,DC,20002,Not Available,38.89761945,-77.00617579
NEWDAY TOBACCO AND GROCERY LLC,Grocery Store,802 H ST NW ,WASHINGTON,DC,20001,Not Available,38.89963525,-77.02321144
DC SUPERMARKET,Grocery Store,539 8TH ST NE ,WASHINGTON,DC,20002,2025430488,38.89717158,-76.99471407
DDS/RSA RANDOLPH SHEPPARD VENING FACILITY PROGRAM(RSVFP),Delicatessen,700 PENNSYLVANIA AVE NW ,WASHINGTON,DC,20408,Not Available,38.89282482,-77.02293799
H & Chicken,Restaurant,716 H ST NE ,WASHINGTON,DC,20002,Not Available,38.90038939,-76.99539769
Popular Cuts,Barber Shop,926 5TH ST NW ,WASHINGTON,DC,20001,Not Available,38.90213409,-77.01916008
FISH & RICE TWO LLC,Delicatessen,101 H ST SE ,WASHINGTON,DC,20003,Not Available,38.88027759,-77.00471073
"Comcast of the District, LLC",Delicatessen,715 7TH ST NW ,WASHINGTON,DC,20001,Not Available,38.89919756,-77.02167668
Fight Club Restaurant,Restaurant,633 PENNSYLVANIA AVE SE ,WASHINGTON,DC,20003,Not Available,38.88477723,-76.9973311
WONDER MART CONVENIENCE INC,Grocery Store,2743 MARTIN LUTHER KING J AVE SE ,WASHINGTON,DC,20032,Not Available,38.84693331,-76.9964129
HOLIDAY FAMILY LIQUORS INC,Food Products,3505 WHEELER RD SE ,WASHINGTON,DC,20032,2025618400,38.83928712,-76.99412263
"607 THIS IS SEAFOOD, LLC t/a THIS IS SEAFOOD",Delicatessen,607 CHESAPEAKE ST SE ,WASHINGTON,DC,20032,Not Available,38.82898896,-76.99810043
EAGLE ACADEMY PUBLIC CHARTER SCHOOL,Restaurant,3400 WHEELER RD SE ,WASHINGTON,DC,20032,2025442646,38.84026907,-76.9930375
Elharia Inc,Grocery Store,1327 W ST SE ,WASHINGTON,DC,20020,Not Available,38.86420519,-76.98674865
OVEN FRESH INC.,Delicatessen,3027 NAYLOR RD SE ,WASHINGTON,DC,20020,Not Available,38.85342397,-76.96516598
WHEELER LIQUOR & GROCERY INC,Grocery Store,4137 WHEELER RD SE ,WASHINGTON,DC,20032,Not Available,38.83341297,-76.99003603
United Planning Organization,Caterers,3240 STANTON RD SE ,WASHINGTON,DC,20020,Not Available,38.8492511,-76.98063892
MORRIS MILLER WINE AND SPIRITS,Food Products,7804 ALASKA AVE NW ,WASHINGTON,DC,20012,Not Available,38.98410848,-77.0270227
Gopuff,Food Products,6250 CHILLUM PL NW ,WASHINGTON,DC,20011,Not Available,38.9663224,-77.01145711
MATISSE BAR AND GRILL LLC,Restaurant,4934 WISCONSIN AVE NW ,WASHINGTON,DC,20016,2022445222,38.95431185,-77.08283216
S & H 1 INC.,Delicatessen,4903 WISCONSIN AVE NW ,WASHINGTON,DC,20016,Not Available,38.95357996,-77.08172931
KENYNUR INC.,Grocery Store,831 KENNEDY ST NW ,WASHINGTON,DC,20011,Not Available,38.95649728,-77.02534475
PRMP BROW AND BEAUTY STUDIO LLC,Beauty Shop,7600 GEORGIA AVE NW ,WASHINGTON,DC,20012,Not Available,38.98216028,-77.02697442
H2MZ LLC,Grocery Store,7712 GEORGIA AVE NW ,WASHINGTON,DC,20012,Not Available,38.9831895,-77.02684738
"Splash Liquor, WIne and Groceries",Grocery Store,213 UPSHUR ST NW ,WASHINGTON,DC,20011,Not Available,38.94245477,-77.01433808
ICE N' SLICE EATERY LLC,Restaurant,3937 GEORGIA AVE NW ,WASHINGTON,DC,20011,Not Available,38.93961002,-77.02470642
Farm to Feast,Restaurant,821 UPSHUR ST NW ,WASHINGTON,DC,20011,Not Available,38.94220766,-77.02422458
MHAT & DM LLC,Grocery Store,5010 NEW HAMPSHIRE AVE NW ,WASHINGTON,DC,20011,Not Available,38.95140836,-77.01229849
LOWE'S HOME CENTER LLC.,Food Products,2438 MARKET ST NE ,WASHINGTON,DC,20018,Not Available,38.92019766,-76.95545248
Westchester Market,Food Products,4000 CATHEDRAL AVE NW ,WASHINGTON,DC,20016,Not Available,38.9284286,-77.07981487
Subway #2601,Restaurant,3520 Connecticut AVE NW ,WASHINGTON,DC,20008,Not Available,38.9362111,-77.05930589
Lovo Ochoa Inc,Restaurant,3209 MOUNT PLEASANT ST NW ,WASHINGTON,DC,20010,Not Available,38.93148261,-77.03821842
ZEBA BAR & GRILL,Restaurant,3423 14TH ST NW ,WASHINGTON,DC,20010,Not Available,38.9322337069,-77.0323876456
CVS PHARMACY #2787,Food Products,3642 GEORGIA AVE NW ,WASHINGTON,DC,20010,4017651500,38.93557456,-77.02446454
The Midlands Beer Garden,Restaurant,3333 GEORGIA AVE NW ,WASHINGTON,DC,20010,Not Available,38.93191183,-77.0232141
Unknown,Restaurant,625 MONROE ST NE ,WASHINGTON,DC,20017,Not Available,38.93205742,-76.99704088
5101 Wiley Street,Restaurant,670 RHODE ISLAND AVE NE ,WASHINGTON,DC,20002,Not Available,38.92210939,-76.99691248
MID-ATLANTIC DISTRIBUTOR INC,Grocery Store,3320 BROWN ST NW ,WASHINGTON,DC,20010,Not Available,38.93374481,-77.03809714
Cactus King Enterprises LLC,Caterers,2800 10TH ST NE ,WASHINGTON,DC,20017,Not Available,38.92581574,-76.99276286
LOS HERMANOS (THE BROTHERS) CORP,Restaurant,3153 MOUNT PLEASANT ST NW ,WASHINGTON,DC,20010,2022990374,38.93048637,-77.03770593
FIREPLACE RESTARUANT INC,Restaurant,2161 P ST NW ,WASHINGTON,DC,20037,2022931293,38.90983058,-77.04859688
"Daniel's II, Inc.",Beauty Shop,1831 M ST NW ,WASHINGTON,DC,20036,Not Available,38.90590549,-77.04299115
Saint Augustine Catholic School,Food Products,1421 V ST NW ,WASHINGTON,DC,,Not Available,38.91841406,-77.03331828
"POTBELLY SANDWICH WORKS, LLC.",Restaurant,1200 NEW HAMPSHIRE AVE NW ,WASHINGTON,DC,20037,Not Available,38.90580613,-77.04764898
LULU'S WINEGARDEN,Restaurant,1940 11TH ST NW ,WASHINGTON,DC,20001,2023329463,38.91678845,-77.02728558
POSH BAR & RESTAURANT LLC,Restaurant,1924 9TH ST NW ,WASHINGTON,DC,20001,Not Available,38.91629195,-77.02423607
DC RABBIT HOLE LLC,Restaurant,1357 U ST NW ,WASHINGTON,DC,20009,Not Available,38.91731458,-77.03132083
SLEDGE INC.,Public Hall,815 V ST NW ,WASHINGTON,DC,20001,2027751550,38.91801318,-77.02363992
Crush Bar,Restaurant,2007 14TH ST NW ,WASHINGTON,DC,20009,Not Available,38.91731831,-77.03160322
"Idyllic, LLC",Beauty Shop,1605 17TH ST NW ,WASHINGTON,DC,20009,Not Available,38.911408,-77.03824167
"Tatte Holdings, LLC",Restaurant,2114 14TH ST NW ,WASHINGTON,DC,20009,Not Available,38.91900395,-77.03225791
PICA TACO AND WINGS CORPORATION,Restaurant,1406 FLORIDA AVE NW ,WASHINGTON,DC,20009,Not Available,38.91975786,-77.03247504
ADAMS MORGAN PARTNERSHIP INC.,Special Events,2424 18TH ST NW ,WASHINGTON,DC,20009,Not Available,38.92137464,-77.04267114
H & R LLC,Restaurant,2409 18TH ST NW ,WASHINGTON,DC,20009,Not Available,38.9208262,-77.04177792
"MAHK MEETINGS, LLC",Restaurant,1806 VERNON ST NW ,WASHINGTON,DC,20009,2024131955,38.91680311,-77.04213129
MARRIOTT MARQUIS,Food Products,901 MASSACHUSETTS AVE NW ,WASHINGTON,DC,20001,Not Available,38.90367009,-77.02467863
JJ Brothers LLC,Restaurant,1133 11TH ST NW ,WASHINGTON,DC,20001,Not Available,38.90551191,-77.02681215
FIVE GUYS PROPERTIES LLC,Restaurant,1300 2ND ST NE ,WASHINGTON,DC,20002,Not Available,38.90787077,-77.00365945
Chopsmith,Restaurant,300 M ST NE ,WASHINGTON,DC,20002,Not Available,38.90579764,-77.00160854
maman foggy bottom llc,Restaurant,2000 PENNSYLVANIA AVE NW ,WASHINGTON,DC,20006,Not Available,38.90035538,-77.0457758
"SWEETGREEN WEST END, LLC",Delicatessen,2238 M ST NW ,WASHINGTON,DC,20037,Not Available,38.90505721,-77.0492909
MCCORMICK & SCHMICK'S GRILL C/O LANDRY'S LICENSING DEPARTMENT,Restaurant,1652 K ST NW ,WASHINGTON,DC,20006,5032263440,38.90219723,-77.0377002
WENDIM LIQUORS INC,Grocery Store,2033 BENNING RD NE ,WASHINGTON,DC,20002,Not Available,38.89830169,-76.97437494
Good Company Doughnuts and Cafe,Restaurant,555 Pennsylvania AVE NW ,WASHINGTON,DC,20001,Not Available,38.8931248,-77.01935005
Hamilton Restaurant Group Inc,Restaurant,233 2ND ST NW ,WASHINGTON,DC,20001-2136,Not Available,38.89325562,-77.01344141
SONESTA DC HOTEL LLC t/a ROYAL SONESTA CAPITOL HILL (THE),Hotel,20 MASSACHUSETTS AVE NW ,WASHINGTON,DC,20001,Not Available,38.89768713,-77.0107656
727 CONCEPT LLC,Public Hall,727 15TH ST NW ,WASHINGTON,DC,20005,Not Available,38.89960988,-77.03325439
A TOW KRANE & RECOVERY SERVICE,Tow Truck Business,3399 BENNING RD NE ,WASHINGTON,DC,20019,Not Available,38.89623133,-76.95793642
DMV LOGISTICS OF EDU INC.,Restaurant,400 MARYLAND AVE SW ,WASHINGTON,DC,20202,Not Available,38.88648509,-77.01872769
Cafe Twelve,Restaurant,409 12TH ST SW ,WASHINGTON,DC,20024,Not Available,38.88414746,-77.02847154
PUNJAB GRILL 1001 PENN LLC.,Restaurant,427 11TH ST NW ,WASHINGTON,DC,20004,Not Available,38.89576133,-77.02680883
Placemakr,Inn And Motel,818 POTOMAC AVE SE ,WASHINGTON,DC,20003,Not Available,38.87717999,-76.99399124
BEZAD CORPORATION,Food Products,2329 PENNSYLVANIA AVE SE ,WASHINGTON,DC,20020,Not Available,38.87376945,-76.97210615
LA LOMITA RESTAURANT,Restaurant,1330 PENNSYLVANIA AVE SE ,WASHINGTON,DC,20003,2025463109,38.88108405,-76.98667683
Unknown,Gasoline Dealer,1248 PENNSYLVANIA AVE SE ,WASHINGTON,DC,20003,Not Available,38.88208232,-76.98866037
NAILSALOON L.L.C.,Beauty Shop Nails,740 C ST SE ,WASHINGTON,DC,20003,Not Available,38.88617557,-76.99561299
CHONTONG LLC,Restaurant,653 PENNSYLVANIA AVE SE ,WASHINGTON,DC,20003,2025449368,38.88453155,-76.99669328
Dacha Navy Yard,Restaurant,79 Potomac AVE SE ,WASHINGTON,DC,20003,Not Available,38.87134746,-77.00682875
TORAI GRILL & SUSHI INC.,Delicatessen,751 8TH ST SE ,WASHINGATON,DC,20003,Not Available,38.87956806,-76.9952272
DISTRICT OF COLUMBIA CVS PHARMACY LLC,Food Products,6514 GEORGIA AVE NW ,WASHINGTON,DC,20011,2022910425,38.96946628,-77.02773537
MALEDA INC,Restaurant,6204 GEORGIA AVE NW ,WASHINGTON,DC,20011,Not Available,38.96518467,-77.02795259
COMPASS GROUP USA INC,Restaurant,4400 MASSACHUSETTS AVE NW ,WASHINGTON,DC,20016,Not Available,38.93908176,-77.08841482
Always Towing & Recovery Inc.,Tow Truck,1859 EDWIN ST NE ,WASHINGTON,DC,20018,Not Available,38.91905296,-76.97781971
DTR Enterprises,Delicatessen,1110 OAK DR SE ,WASHINGTON,DC,20032,Not Available,38.84618735,-76.99020255
TAQUERIA AL LADO II LLC,Restaurant,809 12TH ST NE ,WASHINGTON,DC,20002,Not Available,38.90048094,-76.99001536
"RICE BAR 2ND STREET, INC",Caterers,1300 2ND ST NE ,WASHINGTON,DC,20002,Not Available,38.90787077,-77.00365945
24 HOUR M&H INC,Food Products,45 FLORIDA AVE NE ,WASHINGTON,DC,20002,Not Available,38.90983711,-77.00746761
SeoulSpice,Restaurant,145 N ST NE ,WASHINGTON,DC,20002,Not Available,38.90682526,-77.00458901
Maketto,Caterers,1351 H ST NE ,WASHINGTON,DC,20002,Not Available,38.89999686,-76.98667468
Thompson Retail Food Group LLC,Restaurant,1116 H ST NE ,WASHINGTON,DC,20002,Not Available,38.90041831,-76.99084368
DANGEROUSLY DELICIOUS DC LLC.,Restaurant,1339 H ST NE ,WASHINGTON,DC,20002,9494686662,38.89991824,-76.9869222
GRUBRUB LLC,Caterers,1515 1ST ST SW ,WASHINGTON,DC,20024,Not Available,38.87159363,-77.01239444
90 SECOND PIZZA,Delicatessen,1077 WISCONSIN AVE NW ,WASHINGTON,DC,20007,Not Available,38.90478952,-77.06257163
Unknown,Hotel,3252 JONES CT NW ,WASHINGTON,DC,20007,Not Available,38.9103211,-77.06537409
DISTRICT OF COLUMBIA CVS PHARMACY LLC,Food Products,1403 WISCONSIN AVE NW ,WASHINGTON,DC,20007,2023370876,38.90862302,-77.06362891
GEORGETOWN BARBERSHOP CO LLC,Beauty Shop,3283 M ST NW ,WASHINGTON,DC,20007,Not Available,38.90531117,-77.06556803
THE CITY LIMIT INC/THE TOMBS,Restaurant,1224 36TH ST NW ,WASHINGTON,DC,20007,2029651789,38.906018672,-77.0704418252
"Raising Cane's Restaurants, LLC",Delicatessen,50 MASSACHUSETTS AVE NE ,WASHINGTON,DC,20002,Not Available,38.89761945,-77.00617579
Jeni's Splendid Ice Creams,Delicatessen,526 8TH ST SE ,WASHINGTON,DC,20003,Not Available,38.8817379998,-76.9946427216
"Capitol Hair Salon, LLC",Beauty Shop,205 PENNSYLVANIA AVE SE ,WASHINGTON,DC,20003,Not Available,38.88723229,-77.00321452
"V & B SHAH, LLC",Restaurant,1539 PENNSYLVANIA AVE SE ,WASHINGTON,DC,20003,2022464143,38.8786377,-76.98222816
TALAY THAI INC.,Restaurant,406 1ST ST SE ,WASHINGTON,DC,20003,2025463103,38.88476039,-77.00559563
JABWEMET INDIAN KITCHEN,Restaurant,515 8TH ST SE ,WASHINGTON,DC,20003,Not Available,38.88222599,-76.9953342
WELBURN ENTERPRISES OF PA LLC,Restaurant,50 MASSACHUSETTS AVE NE ,WASHINGTON,DC,20002,7035809410,38.89761945,-77.00617579
BB240MASS LLC,Restaurant,240 MASSACHUSETTS AVE NE ,WASHINGTON,DC,20002,Not Available,38.89500483,-77.00228496
Maturano Soliz LLC,Grocery Store,225 7TH ST SE ,WASHINGTON,DC,20003,Not Available,38.88641312,-76.99646843
701 SECOND STREET NE LLC,Restaurant,701 2ND ST NE ,WASHINGTON,DC,20002,Not Available,38.89920306,-77.00321206
NAI Saturn Eastern LLC,Grocery Store,1100 4TH ST SW ,WASHINGTON,DC,20024,Not Available,38.87761406,-77.01715952
Starbucks Corporation,Restaurant,925 7TH ST SW ,WASHINGTON,DC,20024,Not Available,38.8786401,-77.02314456
"WHARF RAPP, LLC.",Restaurant,1150 MAINE AVE SW ,WASHINGTON,DC,20024,Not Available,38.88126704,-77.0276657
E.Tea,Restaurant,49 DISTRICT SQ SW ,WASHINGTON,DC,20024,Not Available,38.87983115,-77.02505878
RHYTHM & EATS LLC.,Restaurant,455 I ST NW ,WASHINGTON,DC,20001,Not Available,38.90163434,-77.0179686
Alta Strada,Restaurant,465 K ST NW ,WASHINGTON,DC,20001,Not Available,38.90282284,-77.01819232
"Thompson Washington DC c/o Oxford Hotels & Resorts, LLC",Restaurant,221 TINGEY ST SE ,WASHINGTON,DC,20003,Not Available,38.87469056,-77.00268281
Bearded Goat barber,Barber Shop,301 TINGEY ST SE ,WASHINGTON,DC,20003,Not Available,38.87469992,-77.00158226
Taco City DC,Restaurant,1102 8TH ST SE ,WASHINGTON,DC,20003,Not Available,38.87732215,-76.99468327
Lone Star Markets LLC,Food Products,2 I ST SE ,WASHINGTON,DC,20003,Not Available,38.87954264,-77.00858777
BANG SALON,Beauty Shop,1212 4TH ST SE ,WASHINGTON,DC,20003,2027392560,38.87574472,-77.00024166
Llama Bar,Restaurant,1 M ST SE ,WASHINGTON,DC,20003,Not Available,38.87629259,-77.00860628
Llama Bar,Restaurant,1 M ST SE ,WASHINGTON,DC,20003,Not Available,38.87629259,-77.00860628
CHOPT BALLPARK,Delicatessen,1257 1st ST SE ,WASHINGTON,DC,20003,Not Available,38.87535552,-77.00611486
"Compass Coffee, LLC",Delicatessen,82 I ST SE ,WASHINGTON,DC,20003,Not Available,38.87962921,-77.00559442
"D.C. CENTRAL KITCHEN, INC. (THE)",Caterers,2121 1ST ST SW ,WASHINGTON,DC,20024,Not Available,38.8641336,-77.01247507
LEVY @ DC UNITED - BLACK & RED GRILL 2,Delicatessen,100 POTOMAC AVE SW ,WASHINGTON,DC,20024,Not Available,38.86906896,-77.01238121
Malfam LLC,Food Products,1015 HALF ST SE ,WASHINGTON,DC,20003,Not Available,38.87795235,-77.00792537
POTBELLY SANDWICH WORKS LLC.,Restaurant,301 TINGEY ST SE ,WASHINGTON,DC,20003,Not Available,38.87469992,-77.00158226
LEVY PREMIUM FOOD SERVICES LIMITED PARTNERSHIP,Food Products,100 POTOMAC AVE SW ,WASHINGTON,DC,20024,Not Available,38.86906896,-77.01238121
Wax Capitol Riverfront LLC,Beauty Shop,1221 VAN ST SE ,WASHINGTON,DC,20003,Not Available,38.8750281,-77.00839339
CHIPOTLE MEXICAN GRILL OF COLORADO LLC,Restaurant,1255 1ST ST SE ,WASHINGTON,DC,20003,Not Available,38.87541876,-77.00610334
L'ENFANT DC HOTEL LLC,Hotel,480 L'ENFANT PLZ SW ,WASHINGTON,DC,20024,Not Available,38.88390162,-77.02436545
District Falafel Too,Delicatessen,429 L'ENFANT PLZ SW ,WASHINGTON,DC,20024,Not Available,38.88384037,-77.0251698
JDACAI NAVY YARD LLC,Restaurant,143 N ST SE ,WASHINGTON,DC,20003,Not Available,38.87447565,-77.00439678
AMA,Restaurant,885 NEW JERSEY AVE SE ,WASHINGTON,DC,20003,Not Available,38.8801398976,-77.0056560013
RASA,Restaurant,1247 1ST ST SE ,WASHINGTON,DC,20003,Not Available,38.87557893,-77.00610232
Doyle Dupont LLC,Restaurant,1500 NEW HAMPSHIRE AVE NW ,WASHINGTON,DC,20036,Not Available,38.91064775,-77.04308452
DRYBAR HOLDINGS LLC,Beauty Shop,1635 1641 CONNECTICUT AVE NW ,WASHINGTON,DC,20009,9493469795,38.91222389,-77.04459939
PQ NEW YORK INC,Restaurant,2001 P ST NW ,WASHINGTON,DC,20036,2024599176,38.90980684,-77.04510219
Boogy JRJ LLC,Restaurant,1 DUPONT CIR NW ,WASHINGTON,DC,20036,Not Available,38.909170667,-77.0444859848
MAMAS PICNIC,Delicatessen,2028 MARTIN LUTHER KING J AVE SE ,WASHINGTON,DC,20020,Not Available,38.8657948,-76.98913516
"Zeleno, LLC.",Delicatessen,1605 CONNECTICUT AVE NW ,WASHINGTON,DC,20009,Not Available,38.91149937,-77.04413081
Dolcezza Dupont LLC,Delicatessen,1704 CONNECTICUT AVE NW ,WASHINGTON,DC,20009,Not Available,38.91284722,-77.0456428
SUDANMMA INC,Delicatessen,1730 CONNECTICUT AVE NW ,WASHINGTON,DC,20009,Not Available,38.91356636,-77.04608718
DBB DuPont LLC,Restaurant,1718 CONNECTICUT AVE NW ,WASHINGTON,DC,20009,Not Available,38.91319088,-77.04589669
WASHINGTON HILTON HOTEL (THE),Restaurant,1919 CONNECTICUT AVE NW ,WASHINGTON,DC,20009,Not Available,38.91646431,-77.04523681
R STREET RESTAURANT CORPORATION,Restaurant,1701 1707 CONNECTICUT AVE NW ,WASHINGTON,DC,20009,2022236035,38.91299868,-77.04509683
SALON NUANCE,Beauty Shop,1426 21ST ST NW ,WASHINGTON,DC,20036,2024947739,38.90949751,-77.04689533
Silky Smooth DC LLC,Beauty Shop Esthetics,1601 Connecticut AVE NW ,WASHINGTON,DC,20009,2025065646,38.91136832,-77.04406443
MCCLELLAN'S RETREAT,Restaurant,2031 FLORIDA AVE NW ,WASHINGTON,DC,20009,2022656270,38.91430566,-77.04658901
WALGREEN CO,Food Products,1815 CONNECTICUT AVE NW ,WASHINGTON,DC,20005,2023321718,38.91487714,-77.04591311
"VFAZ, LLC",Delicatessen,1700 CONNECTICUT AVE NW ,WASHINGTON,DC,20009,Not Available,38.91275923,-77.04558683
Royal Sonesta Washington D.C.,Hotel,2121 P ST NW ,WASHINGTON,DC,20037,Not Available,38.90981359,-77.04741311
2120 P STREET ASSOCIATES LLC,Hotel,2120 P ST NW ,WASHINGTON,DC,20037,2024666800,38.90941023,-77.04732164
Llama Bar,Restaurant,1 M ST SE ,WASHINGTON,DC,20003,Not Available,38.87629259,-77.00860628
HARRIS TEETER #383,Grocery Store,401 M ST SE ,WASHINGTON,DC,20003,Not Available,38.87621685,-77.00009427
SUBWAY SANDWICHES,Delicatessen,20 M ST SE ,WASHINGTON,DC,20003,Not Available,38.8767888,-77.00790208
"Urban Adventures at Navy Yards, LLC",Delicatessen,1212 4TH ST SE ,WASHINGTON,DC,20003,Not Available,38.87574472,-77.00024166
MAB,Beauty Shop,1100 2ND PL SE ,WASHINGTON,DC,20003,Not Available,38.87723678,-77.00249644
DC Bakery LLC,Delicatessen,2473 18TH ST NW ,WASHINGTON,DC,20009,Not Available,38.92233862,-77.04224169
JYOTI INDIAN CUISINE,Restaurant,2433 18TH ST NW ,WASHINGTON,DC,20009,Not Available,38.92138602,-77.04191501
Baked Adams Morgan DC Operators LLC,Bakery,2318 18TH ST NW ,WASHINGTON,DC,20009,Not Available,38.92027674,-77.04213899
MUSINGS CORPORATION,Restaurant,2305 18TH ST NW ,WASHINGTON,DC,20009,2022342306,38.91984016,-77.0414254
"COLUMBIA ROAD CHICKEN, LLC",Restaurant,1742 COLUMBIA RD NW ,WASHINGTON,DC,20009,Not Available,38.92392145,-77.04045562
TWIN T'S LLC,Restaurant,2450 18TH ST NW ,WASHINGTON,DC,20009,3018415091,38.92192719,-77.04273397
Jumbo Slice Inc,Delicatessen,2341 18TH ST NW ,WASHINGTON,DC,20009,Not Available,38.92069603,-77.04169055
"Adams Morgan Hotel Operator, LLC",Hotel,1770 EUCLID ST NW ,WASHINGTON,DC,20009,Not Available,38.92276497,-77.04170248
SOS YOUR MOM CORPORATION,Delicatessen,1831 COLUMBIA RD NW ,WASHINGTON,DC,20009,2024623666,38.92169565,-77.04377399
SAKURAMEN LLC,Restaurant,2441 18TH ST NW ,WASHINGTON,DC,20009,Not Available,38.92156373,-77.04198581
Top Host L.L.C.,Inn And Motel,2339 18TH ST NW ,WASHINGTON,DC,20009,Not Available,38.92065091,-77.04166827
MAI Fine Wine LLC  t/a The Bottle Shop,Food Products,2216 18TH ST NW ,WASHINGTON,DC,20009,Not Available,38.91924626,-77.04186636
Andy's Pizza 18th St ,Restaurant,2465 18TH ST NW ,WASHINGTON,DC,20009,Not Available,38.92213694,-77.04219348
CK Cafe 2100 LLC t/a Kings Cafe,Delicatessen,2100 MARTIN LUTHER KING J AVE SE ,WASHINGTON,DC,20020,Not Available,38.86535189,-76.98922845
"SKENE LAW FIRM, P.C.",Delicatessen,1203 MARION BARRY AVE SE ,WASHINGTON,DC,20020,Not Available,38.86723826,-76.98846223
Capital Blossom Day Spa LLC.,Beauty Shop,1805 BELMONT RD NW ,WASHINGTON,DC,20009,Not Available,38.92075316,-77.04239712
American Dream 3,Restaurant,2440 18TH ST NW ,WASHINGTON,DC,20009,Not Available,38.92168451,-77.04270107
American Dream 4,Restaurant,2446 18TH ST NW ,WASHINGTON,DC,20009,Not Available,38.92183351,-77.04269805
Treehouse 2473 LLC,Restaurant,2473 18TH ST NW ,WASHINGTON,DC,20009,Not Available,38.92233862,-77.04224169
Kogibow,Restaurant,1817 ADAMS MILL RD NW ,WASHINGTON,DC,20009,Not Available,38.92330603,-77.0426513
PRET A MANGER USA LIMITED,Delicatessen,1800 M ST NW ,WASHINGTON,DC,20036,Not Available,38.90533023,-77.04223738
SR BROTHERS INC.,Food Products,1015 18TH ST NW ,WASHINGTON,DC,20036,Not Available,38.90316351,-77.04138448
CHARMED HAIR SALON,Beauty Shop,1134 19TH ST NW ,WASHINGTON,DC,20036,2028228808,38.90480933,-77.04379579
CQ DC ACQUISITION LLC,Hotel,839 17TH ST NW ,WASHINGTON,DC,20006,Not Available,38.9010759,-77.03924037
CVS/ PHARMACY #6069,Food Products,1101 CONNECTICUT AVE NW ,WASHINGTON,DC,20036,4017651500,38.90403246,-77.03973497
HEIST GROUP LLC,Restaurant,1216 18TH ST NW ,WASHINGTON,DC,20036,Not Available,38.9063561,-77.04197236
DOMINO'S PIZZA #4344,Delicatessen,2029 K ST NW ,WASHINGTON,DC,20006,2022231100,38.90284973,-77.04616569
HAY ADAMS HOLDINGS LLC,Restaurant,800 16TH ST NW ,WASHINGTON,DC,20006,2026386600,38.90050572,-77.0369691
Unknown,Restaurant,1928 I ST NW ,WASHINGTON,DC,20006,Not Available,38.90116033,-77.04471559
Toastique Dupont LLC,Restaurant,1899 N ST NW ,WASHINGTON,DC,20036,Not Available,38.90747146,-77.04319594
NATIONAL DELICATESSEN INC,Restaurant,1712 I ST NW ,WASHINGTON,DC,20006,2029655632,38.90110235,-77.04022191
LITTLE SESAME,Delicatessen,1828 L ST NW ,WASHINGTON,DC,20036,Not Available,38.90351226,-77.04293991
Creative Catering DC LLC,Delicatessen,1919 PENNSYLVANIA AVE NW ,WASHINGTON,DC,20006,Not Available,38.90091347,-77.04430803
"PEET'S COFFEE, INC.",Restaurant,1101 17TH ST NW ,WASHINGTON,DC,20036,5105942100,38.9040484,-77.03812878
COMPASS GROUP USA INC,Restaurant,1850 I ST NW ,WASHINGTON,DC,20433,Not Available,38.90099566,-77.04276535
LAST WALTZ LLC,Restaurant,1835 I ST NW ,WASHINGTON,DC,20006,Not Available,38.90189036,-77.04255976
Kofu Koken Hospitality LLC,Restaurant,1835 I ST NW ,WASHINGTON,DC,20006,Not Available,38.90189036,-77.04255976
Sima Sushi,Restaurant,1660 L ST NW ,WASHINGTON,DC,20036,Not Available,38.90347188,-77.03807775
Rubens DC,Restaurant,1323 CONNECTICUT AVE NW ,WASHINGTON,DC,20036,Not Available,38.9079485637,-77.0421401266
Proper 21,Restaurant,2033 K ST NW ,WASHINGTON,DC,20006,Not Available,38.90304226,-77.04634993
"MILLENNIUM FOODHALL, LLC",Restaurant,1909 K ST NW ,WASHINGTON,DC,20006,Not Available,38.90281,-77.04408405
NGUYEN SISTER AND BROTHER LLC,Beauty Shop,1924 I ST NW ,WASHINGTON,DC,20006,Not Available,38.90115687,-77.0445648
SEASONS CULINARY SERVICE INC.,Restaurant,2020 K ST NW ,WASHINGTON,DC,20006,Not Available,38.90214191,-77.04602654
KAZ SUSHI BISTRO,Restaurant,1915 I ST NW ,WASHINGTON,DC,20006,2025305500,38.90158984,-77.04426222
ARMY AND NAVY CLUB (THE),Restaurant,901 17TH ST NW ,WASHINGTON,DC,20006,2026288400,38.9017224,-77.03824582
Egyptian Street Food DC LLC,Delicatessen,1817 M ST NW ,WASHINGTON,DC,20036,Not Available,38.90584595,-77.04250113
7-ELEVEN,Delicatessen,908 17TH ST NW ,WASHINGTON,DC,20006,Not Available,38.9018428,-77.03974297
Creative Catering DC LLC,Caterers,1919 PENNSYLVANIA AVE NW ,WASHINGTON,DC,20006,Not Available,38.90091347,-77.04430803
HAY ADAMS HOLDINGS LLC,Hotel,800 16TH ST NW ,WASHINGTON,DC,20006,3019866000,38.90050572,-77.0369691
GW Peachtree LLC t/a McReynold's Liquors,Food Products,1776 G ST NW ,WASHINGTON,DC,20006,Not Available,38.89809879,-77.04117576
PANERA LLC.,Delicatessen,1750 H ST NW ,WASHINGTON,DC,20006,Not Available,38.89997983,-77.04090421
Ghost DC LLC,Restaurant,1327 CONNECTICUT AVE NW ,WASHINGTON,DC,20036,Not Available,38.90806187,-77.04212624
STARBUCKS CORPORATION,Restaurant,3347 M ST NW ,WASHINGTON,DC,20007,Not Available,38.90523879,-77.06770994
"BE CLEAN, LLC",Beauty Shop,1338 WISCONSIN AVE NW ,WASHINGTON,DC,20007,Not Available,38.90759628,-77.06373015
"CHEESECAKE FACTORY RESTAURANTS, INC. (THE)",Restaurant,5345 WISCONSIN AVE NW ,WASHINGTON,DC,20015,8188713030,38.96045592,-77.08486583
Omer LLC,Beauty Shop,2924 M ST NW ,WASHINGTON,DC,20007,Not Available,38.9050480233,-77.0588833784
FROGGY TIME INC,Restaurant,2021 K ST NW ,WASHINGTON,DC,20006,Not Available,38.90289276,-77.04577605
New Jersy Systems,Restaurant,500 NEW JERSEY AVE NW ,WASHINGTON,DC,20001,Not Available,38.8964654,-77.01191875
"GBG, LLC dba Golds Gym DC Metro",Health Spa,3222 M ST NW ,WASHINGTON,DC,20007,Not Available,38.90499599,-77.06374039
RHP LLC.,Restaurant,1069 WISCONSIN AVE NW ,WASHINGTON,DC,20007,Not Available,38.90460657,-77.06256501
FSQ CAFE INC,Restaurant,1301 K ST NW ,WASHINGTON,DC,20005,Not Available,38.90292621,-77.03052064
Georgetown Aveda Salon & Spa,Beauty Shop,1325 WISCONSIN AVE NW ,WASHINGTON,DC,20007,Not Available,38.90728294,-77.06308526
Insomnia Cookies,Delicatessen,3204 O ST NW ,WASHINGTON,DC,20007,Not Available,38.90770685,-77.06379608
DC Stays L.L.C.,Inn And Motel,1357 1359 WISCONSIN AVE NW ,WASHINGTON,DC,20007,Not Available,38.90808995,-77.06349838
ALI SWEET INCORPORATED,Ice Cream Manufacture,3214 P ST NW ,WASHINGTON,DC,20007,2023370616,38.9091419,-77.06396927
CHOWDER HOUSE INC,Restaurant,3205 K ST NW ,WASHINGTON,DC,20007,2023336145,38.9028194,-77.06310702
COLUMBUS RESTAURANTS INC,Restaurant,1205 28TH ST NW ,WASHINGTON,DC,20007,Not Available,38.90548256,-77.05687353
"Skene Law Firm, P.C.",Delicatessen,3150 M ST NW ,WASHINGTON,DC,20007,Not Available,38.90499155,-77.06262069
GEOREGTOWN-WISCONSIN INC,Food Products,1601 WISCONSIN AVE NW ,WASHINGTON,DC,20007,2023330538,38.91073828,-77.06472026
OSB INC,Restaurant,1639 WISCONSIN AVE NW ,WASHINGTON,DC,20007,Not Available,38.91145543,-77.0652114
Laveda Lash & Brow Boutique,Beauty Shop,1063 WISCONSIN AVE NW ,WASHINGTON,DC,20007,Not Available,38.9043907,-77.06245403
WITHIN REACH RESTAURANT LLC,Restaurant,200 MASSACHUSETTS AVE NW ,WASHINGTON,DC,20001,Not Available,38.89896651,-77.01408898
PANCREATIC CANCER ACTION NETWORK INC.,Special Events,1350 PENNSYLVANIA AVE NW ,WASHINGTON,DC,20004,Not Available,38.89500269,-77.03135287
"POTBELLY SANDWICH WORKS, LLC.",Restaurant,1445 K ST NW ,WASHINGTON,DC,20005,Not Available,38.9027944,-77.03417713
RAS SUBWAY INC.,Restaurant,501 D ST NW ,WASHINGTON,DC,20001,2025548760,38.89491606,-77.01911457
HILTON GARDEN INN WASHINGTON DC,Restaurant,815 14TH ST NW ,WASHINGTON,DC,20005,Not Available,38.90066695,-77.03173384
MICHELE'S EATON LLC.,Restaurant,1201 K ST NW ,WASHINGTON,DC,20005,Not Available,38.90291601,-77.02846323
COLE 1275 K LLC.,Restaurant,1275 K ST NW ,WASHINGTON,DC,20005,6466675355,38.90288819,-77.02914906
DDS/RSA RANDOLPH SHEPPARD VENING FACILITY PROGRAM(RSVFP),Delicatessen,700 PENNSYLVANIA AVE NW ,WASHINGTON,DC,20408,Not Available,38.89282482,-77.02293799
SEASONS CULINARY SERVICE INC.,Restaurant,600 MASSACHUSETTS AVE NW ,WASHINGTON,DC,20001,Not Available,38.90139959,-77.02052889
The Willard Spa,Beauty Shop Esthetics,1401 PENNSYLVANIA AVE NW ,WASHINGTON,DC,20004,Not Available,38.89649258,-77.03234479
EYE STREET GRILL,Restaurant,1575 I ST NW ,WASHINGTON,DC,20005,Not Available,38.90166304,-77.03548046
AREPA ZONE LLC,Restaurant,1121 14TH ST NW ,WASHINGTON,DC,20005,Not Available,38.90448728,-77.03158405
TIMGAD CAF'E L.L.C.,Restaurant,1300 PENNSYLVANIA AVE NW ,WASHINGTON,DC,20004,Not Available,38.89493993,-77.03021187
EVERYTHING YOGURT & SALAD CAFE,Delicatessen,1300 PENNSYLVANIA AVE NW ,WASHINGTON,DC,20004,2022897966,38.89493993,-77.03021187
ARAMARK ENTERTAINMENT LLC,Delicatessen,601 F ST NW ,WASHINGTON,DC,20004,2026615155,38.8980785153,-77.0209572291
PROPER 21,Restaurant,1319 F ST NW ,WASHINGTON,DC,20004,Not Available,38.89762038,-77.0306023
METRO VARIETY SHOP,Food Products,1400 I ST NW ,WASHINGTON,DC,20005,Not Available,38.90102426,-77.0322809
"CLYDE'S OF GALLERY PLACE, INC.",Restaurant,707 7TH ST NW ,WASHINGTON,DC,20001,2023339180,38.89889308,-77.0216616
WILLARD ASSOCIATES,Hotel,1401 PENNSYLVANIA AVE NW ,WASHINGTON,DC,20004,2026241700,38.89649258,-77.03234479
ARAMARK ENTERTAINMENT LLC,Delicatessen,601 F ST NW ,WASHINGTON,DC,20004,2026615155,38.8980785153,-77.0209572291
SWING'S COFFEE ROASTERS,Delicatessen,640 14TH ST NW ,WASHINGTON,DC,20005,7033705050,38.89803979,-77.03224739
CHE-ATAA & COMPANY LLC,Bed and Breakfast,6015 EADS ST NE ,WASHINGTON,DC,20019,Not Available,38.8956249546,-76.9141308231
NTB Towing & Recovery LLC,Tow Truck Storage Lot,1229 KENILWORTH AVE NE ,WASHINGTON,DC,20019,Not Available,38.90679486,-76.9384179
DEANWOOD TG INC,Grocery Store,4748 SHERIFF RD NE ,WASHINGTON,DC,20019,Not Available,38.90307871,-76.93407963
Unknown,Delicatessen,4800 NANNIE HELEN BURROUG AVE NE ,WASHINGTON,DC,20019,Not Available,38.89911152,-76.93344534
"Compass Group USA, Inc.",Food Products,1900 F ST NW ,WASHINGTON,DC,20052,Not Available,38.89711912,-77.04390646
DEVON & BLAKELY,Restaurant,1776 G ST NW ,WASHINGTON,DC,20006,Not Available,38.89809879,-77.04117576
NTB Towing & Recovery LLC,Tow Truck,1229 KENILWORTH AVE NE ,WASHINGTON,DC,20019,Not Available,38.90679486,-76.9384179
BE2 LLC.,Grocery Store,4600 SHERIFF RD NE ,WASHINGTON,DC,20019,2023913580,38.90298581,-76.93647526
COLLECTIONS TRANSPORT IMPOUND TOWING LLC.,Tow Truck Business,4640 MINNESOTA AVE NE ,WASHINGTON,DC,20019,Not Available,38.9069954,-76.93576771
ARTEMIS REAL ESTATE PARTNERS,Hotel,2121 M ST NW ,WASHINGTON,DC,20037,Not Available,38.90552306,-77.0481563
EDEN DC SALON INC,Beauty Shop,1204 H ST NE ,WASHINGTON,DC,20002,Not Available,38.90040733,-76.98992107
Sandwiches by Phillip 1,Restaurant,77 K ST NE ,WASHINGTON,DC,20002,Not Available,38.90205732,-77.00636132
Hilton Garden Inn M Street,Food Products,2201 M ST NW ,WASHINGTON,DC,20037,Not Available,38.90551916,-77.04915126
SWING'S COFFEE ROASTERS,Delicatessen,1700 1702 G ST NW ,WASHINGTON,DC,20552,7033705050,38.89814952,-77.03982426
H & Chicken,Restaurant,716 H ST NE ,WASHINGTON,DC,20002,Not Available,38.90038939,-76.99539769
Mozzeria DC LLC,Restaurant,1300 H ST NE ,WASHINGTON,DC,20002,Not Available,38.90047403,-76.98806974
LZNF VENTURES LLC.,Health Spa,609 H ST NE ,WASHINGTON,DC,20002,Not Available,38.9000158,-76.9979919
TH CFA LLC,Delicatessen,50 MASSACHUSETTS AVE NE ,WASHINGTON,DC,20002,Not Available,38.89761945,-77.00617579
Fresh Dining Concepts LLC.,Delicatessen,50 MASSACHUSETTS AVE NE ,WASHINGTON,DC,20002,Not Available,38.89761945,-77.00617579
URBAN NAIL LOUNGE,Beauty Shop,911 H ST NE ,WASHINGTON,DC,20002,Not Available,38.90005052,-76.99349026
CAPITOL FINE WINE & SPIRITS INC.,Food Products,415 H ST NE ,WASHINGTON,DC,20002,2025444401,38.90000023,-76.9999668
JIJIN INC T/A BREADME CAFE,Delicatessen,1117 10TH ST NW ,WASHINGTON,DC,20001,Not Available,38.90478039,-77.02572262
THE NAIL LOFT DC LLC,Beauty Shop Nails,1010 MASSACHUSETTS AVE NW ,WASHINGTON,DC,20001,Not Available,38.90335336,-77.02669628
"CHIPOTLE MEXICAN GRILL OF COLORADO, LLC",Restaurant,710 7TH ST NW ,WASHINGTON,DC,20001,Not Available,38.89890738,-77.0222274
Rabbit Rabbit LLC,Restaurant,927 F ST NW ,WASHINGTON,DC,20004,Not Available,38.89752957,-77.02524333
SUBWAY # 30421,Restaurant,800 NORTH CAPITOL ST NW ,WASHINGTON,DC,20002,2022892203,38.90050474,-77.00972825
Convive Brands LLC,Restaurant,495 K ST NW ,WASHINGTON,DC,20001,Not Available,38.90280273,-77.01850025
FLIK INTERNATIONAL CORP.,Restaurant,1440 NEW YORK AVE NW ,WASHINGTON,DC,20005,9149355300,38.89868737,-77.03335252
HARRIS TEETER #352,Restaurant,1201 1ST ST NE ,WASHINGTON,DC,20002,Not Available,38.90593275,-77.00560766
FOUR FIVE EIGHT LLC,Restaurant,243 K ST NE ,WASHINGTON,DC,20002,Not Available,38.90222377,-77.00222559
HARRIS TEETER #352,Restaurant,1201 1ST ST NE ,WASHINGTON,DC,20002,Not Available,38.90593275,-77.00560766
Next level DC,Restaurant,15 K ST NE ,WASHINGTON,DC,20002,Not Available,38.90222602,-77.00782524
Carving Room NoMa,Restaurant,140 M ST NE ,WASHINGTON,DC,20002,Not Available,38.90589826,-77.00472995
Nino's Bakery,Bakery,1310 L ST NW ,WASHINGTON,DC,20005,Not Available,38.90342658,-77.03046783
ARAMARK SPORTS AND ENTERTAINMENT SERVICES LLC,Delicatessen,801 MT VERNON PL NW ,WASHINGTON,DC,20001,Not Available,38.90358717,-77.02310078
TipThai INC.,Restaurant,641 INDIANA AVE NW ,WASHINGTON,DC,20004,Not Available,38.89426442,-77.02156532
Boqueria,Restaurant,799 9TH ST NW ,WASHINGTON,DC,20001,Not Available,38.89952718,-77.02351148
ROCKET BAR,Restaurant,714 7TH ST NW ,WASHINGTON,DC,20001,2023375550,38.8990101057,-77.0222262781
ONE80,Beauty Shop,1275 K ST NW ,WASHINGTON,DC,20005,2028429113,38.90288819,-77.02914906
NAI Saturn Eastern LLC,Grocery Store,490 L ST NW ,WASHINGTON,DC,20001,Not Available,38.90348935,-77.01835263
"CAPITAL GRILLE HOLDINGS, INC",Restaurant,601 PENNSYLVANIA AVE NW ,WASHINGTON,DC,20004,2027376200,38.89329945,-77.02050143
Marchese LLC,Delicatessen,1000 F ST NW ,WASHINGTON,DC,20004,Not Available,38.89716714,-77.02620312
A R Food LLC,Restaurant,3780 MINNESOTA AVE NE ,WASHINGTON,DC,20019,Not Available,38.89215155,-76.95176224
EQUITY K LLC,Restaurant,1413 K ST NW ,WASHINGTON,DC,20005,Not Available,38.9029252,-77.03269138
"Apple TRS DC 7146, LLC",Hotel,601 K ST NW ,WASHINGTON,DC,20001,Not Available,38.90285829,-77.02028939
"ARAMARK SPORTS AND ENTERTAINMENT SERVICES, LLC",Delicatessen,801 MT VERNON PL NW ,WASHINGTON,DC,20001,Not Available,38.90358717,-77.02310078
rice noodle house LLC,Caterers,815 6TH ST NW ,WASHINGTON,DC,20001,Not Available,38.9003746,-77.01957843
Unknown,Restaurant,1201 I ST NW ,WASHINGTON,DC,20005,Not Available,38.9016314,-77.02855933
TEAISM,Restaurant,400 8TH ST NW ,WASHINGTON,DC,20004,2026673827,38.89503361,-77.02329328
COMET INVESTORS LP.,Restaurant,714 7TH ST NW ,WASHINGTON,DC,20001,2023375550,38.8990101057,-77.0222262781
MING MING INC.,Delicatessen,501 3rd ST NW ,WASHINGTON,DC,20001,Not Available,38.89652696,-77.01477012
WINNERS CHINATOWN INC,Restaurant,746 6TH ST NW ,WASHINGTON,DC,20001,2026380424,38.89957419,-77.02020142
"WJ GLOBE, INC.",Food Products,4520 BENNING RD SE ,WASHINGTON,DC,20019,2025813700,38.88917654,-76.93667567
MAS INC,Food Products,3710 MINNESOTA AVE NE ,WASHINGTON,DC,20019,Not Available,38.8910085,-76.95269679
"APQ Capitol Hill DC, LLC.",Restaurant,666 PENNSYLVANIA AVE SE ,WASHINGTON,DC,20003,Not Available,38.88512231,-76.99640903
AATISH ON THE HILL,Restaurant,609 PENNSYLVANIA AVE SE ,WASHINGTON,DC,20003,2025440931,38.88505974,-76.99803393
HILL'S KITCHEN LLC,Food Products,713 D ST SE ,WASHINGTON,DC,20003,2025431997,38.88355359,-76.99560647
"DDC 8-406, LLC",Delicatessen,406 8TH ST SE ,WASHINGTON,DC,20003,Not Available,38.88351542,-76.99465757
PIZZAIOLE,Restaurant,1123 PENNSYLVANIA AVE SE ,WASHINGTON,DC,20003,2023911950,38.88208995,-76.99071142
Benning Best Wings Inc,Restaurant,4524 BENNING RD SE ,WASHINGTON,DC,20019,Not Available,38.88946946,-76.93673523
TRADER JOE'S EAST INC,Grocery Store,750 PENNSYLVANIA AVE SE ,WASHINGTON,DC,20003,Not Available,38.88475305,-76.99547292
CHIPOTLE MEXICAN GRILL OF COLORADO LLC,Restaurant,413 8TH ST SE ,WASHINGTON,DC,20003,Not Available,38.88325459,-76.99527559
FOLGER SHAKESPEARE,Delicatessen,201 EAST CAPITOL ST SE ,WASHINGTON,DC,20003,2025444600,38.88938792,-77.00276751
FOLGER SHAKESPEARE LIBRARY,Theater (Live),201 EAST CAPITOL ST SE ,WASHINGTON,DC,20003,Not Available,38.88938792,-77.00276751
California Tortilla at L'Enfant,Delicatessen,429 L'ENFANT PLZ SW ,WASHINGTON,DC,20024,Not Available,38.88384037,-77.0251698
WHARF ROOFTOP BAR LESSEE LLC,Restaurant,75 DISTRICT SQ SW ,WASHINGTON,DC,20024,Not Available,38.87966184,-77.02523932
B&V LLC.,Bed and Breakfast,711 3RD ST SW ,WASHINGTON,DC,20024,Not Available,38.88085758,-77.01545769
HP ACDC HOTEL LP,Restaurant,1330 MARYLAND AVE SW ,WASHINGTON,DC,20024,Not Available,38.88360211,-77.03044887
L'ENFANT DC HOTEL LLC,Restaurant,480 L'ENFANT PLZ SW ,WASHINGTON,DC,20024,Not Available,38.88390162,-77.02436545
WASHINGTON DRAMA SOCIETY INC,Theater (Live),1101 6TH ST SW ,WASHINGTON,DC,20024,2025549066,38.87739689,-77.02050458
Garrison Elementary School,Bed and Breakfast,1413 RIDGE PL SE ,WASHINGTON,DC,20020,Not Available,38.86868623,-76.9844183
NEIGHBORHOOD RESTAURANT GROUP XIII LLC,Restaurant,300 TINGEY ST SE ,WASHINGTON,DC,20003,Not Available,38.87521736,-77.00127262
MEDINA INC,Grocery Store,2233 MINNESOTA AVE SE ,WASHINGTON,DC,20020,Not Available,38.87172609,-76.9737183
AAE Towing,Tow Truck Business,1710 Marion Barry AVE SE ,WASHINGTON,DC,20020,Not Available,38.86618509,-76.97982358
"LOBO FOOD COMPANY, LLC",Delicatessen,1401 25TH ST SE ,WASHINGTON,DC,20020,Not Available,38.87301494,-76.97112173
Fri Chicks,Delicatessen,2427 MINNESOTA AVE SE ,WASHINGTON,DC,20020,Not Available,38.87303098,-76.97115515
Thai Orchid Kitchen,Restaurant,2314 PENNSYLVANIA AVE SE ,WASHINGTON,DC,20020,Not Available,38.87434021,-76.97168323
Highlands 2 LLC,Restaurant,3220 PENNSYLVANIA AVE SE ,WASHINGTON,DC,20020,Not Available,38.86982576,-76.95970353
CHO CHO INC.,Food Products,2500 PENNSYLVANIA AVE SE ,WASHINGTON,DC,20020,2025845456,38.87358228,-76.97001601
BEZAD CORPORATION,Food Products,2329 PENNSYLVANIA AVE SE ,WASHINGTON,DC,20020,Not Available,38.87376945,-76.97210615
NAJIYAH ABRAR INCORPORATED,Grocery Store,1535 U ST SE ,WASHINGTON,DC,20020,Not Available,38.86518725,-76.98235687
NAJIYAH ABRAR INCORPORATED,Grocery Store,1535 U ST SE ,WASHINGTON,DC,20020,Not Available,38.86518725,-76.98235687
CK Cafe 2100 LLC t/a Kings Cafe,Delicatessen,2100 MARTIN LUTHER KING J AVE SE ,WASHINGTON,DC,20020,Not Available,38.86535189,-76.98922845
Basebowl,Restaurant,1201 HALF ST SE ,WASHINGTON,DC,20003,Not Available,38.87558305,-77.00786184
Foxtrot,Restaurant,1275 NEW JERSEY AVE SE ,WASHINGTON,DC,20003,Not Available,38.87499274,-77.00420747
SILVER DINER DEVELOPMENT LLC,Restaurant,1250 HALF ST SE ,WASHINGTON,DC,20003,Not Available,38.87536515,-77.00724735
Capital Riverfront Hotel LLC,Hotel,1265 1ST ST SE ,WASHINGTON,DC,20003,Not Available,38.87498722,-77.00618847
Compass Coffee,Delicatessen,1201 HALF ST SE ,WASHINGTON,DC,20815,Not Available,38.87558305,-77.00786184
Capitol Concessions LLC.,Delicatessen,3001 CONNECTICUT AVE NW ,WASHINGTON,DC,20008,Not Available,38.93060711,-77.05437784
"AVALON THEATRE PROJECT, INC. (THE)",Delicatessen,5612 CONNECTICUT AVE NW ,WASHINGTON,DC,20015,2029664816,38.96527707,-77.07629608
TENART LLC,Gasoline Dealer,7605 GEORGIA AVE NW ,WASHINGTON,DC,20012,Not Available,38.98222779,-77.02612845
"Groceryworks.com Operating Company, LLC",Grocery Store,6500 PINEY BRANCH RD NW ,WASHINGTON,DC,20012,Not Available,38.96955672,-77.02655688
TOMY LIQUOR LLC,Food Products,1537 MARION BARRY AVE SE ,WASHINGTON,DC,20020,2028890723,38.86609097,-76.98214002
Union Temple Baptist Church,Restaurant,1225 W ST SE ,WASHINGTON,DC,20020-5755,Not Available,38.86450486,-76.98895146
BASIC NECESSITY SALON,Beauty Shop,1208 UNDERWOOD ST NW ,WASHINGTON,DC,20012,2028829213,38.96878195,-77.0278865
PEACHES KITCHEN/CATERING LLC.,Restaurant,6214 3RD ST NW ,WASHINGTON,DC,20011,2023880809,38.96548927,-77.01640538
"MANEE ENTERPRISES, INC.",Food Products,6200 EASTERN AVE NE ,WASHINGTON,DC,20011,2025261086,38.96509181,-77.00206162
METRO CARE PHARMACY LLC.,Food Products,6323 GEORGIA AVE NW ,WASHINGTON,DC,20011,Not Available,38.96690286,-77.02711519
DESET ETHIOPIAN RESTAURANT LLC.,Restaurant,6128 GEORGIA AVE NW ,WASHINGTON,DC,20011,Not Available,38.96480353,-77.02794067
Tenleytown Automotive,Food Products,4244 WISCONSIN AVE NW ,WASHINGTON,DC,20016,Not Available,38.9442849,-77.07810324
WAGSHAL'S CATERING & BAKERY KITCHEN LLC,Delicatessen,4330 48TH ST NW ,WASHINGTON,DC,20016,2023635777,38.94574197,-77.09504001
PANERA BREAD,Caterers,4503 WISCONSIN AVE NW ,WASHINGTON,DC,20016,Not Available,38.94817715,-77.07941868
THE UPSHUR STREET ENTITLEMENT GROUP L.L.C.,Restaurant,829 UPSHUR ST NW ,WASHINGTON,DC,20011,Not Available,38.94212239,-77.02448143
JJ'S CARRYOUT,Delicatessen,5314 GEORGIA AVE NW ,WASHINGTON,DC,20011,2028297240,38.95470077,-77.02806097
NEPTUNE ROOM L.L.C.,Restaurant,5405 GEORGIA AVE NW ,WASHINGTON,DC,20011,Not Available,38.95540808,-77.02764014
GOURMET SYSTEMS LLC,Restaurant,4531 WISCONSIN AVE NW ,WASHINGTON,DC,20016,Not Available,38.94879708,-77.07981149
Unknown,Delicatessen,4523 WISCONSIN AVE NW ,WASHINGTON,DC,20016,2022441784,38.94865392,-77.07970681
PETE'S NEW HAVEN STYLE APIZZA,Restaurant,4940 WISCONSIN AVE NW ,WASHINGTON,DC,20016,2022377383,38.95449533,-77.08286583
SEOUL SPICE 2 LLC.,Delicatessen,4600 WISCONSIN AVE NW ,WASHINGTON,DC,20016,Not Available,38.94997216,-77.08084368
Five Star Trading LLC DBA Brightwood Mart,Food Products,4034 GEORGIA AVE NW ,WASHINGTON,DC,20011,Not Available,38.94055466,-77.02552156
African Hair Braiding,Beauty Shop Braiding,1312 RANDOLPH ST NW ,WASHINGTON,DC,20011,Not Available,38.93848256,-77.03035927
YES ORGANIC PETWORTH INC.,Grocery Store,4100 GEORGIA AVE NW ,WASHINGTON,DC,20011,7039279506,38.94101511,-77.02577445
7-ELEVEN INC,Delicatessen,3029 NAYLOR RD SE ,WASHINGTON,DC,20020,Not Available,38.85337612,-76.96509262
"DAG PETROLEUM SUPPLIERS, LLC.",Gasoline Dealer,4940 CONNECTICUT AVE NW ,WASHINGTON,DC,20008,7037506810,38.95443305,-77.07005565
NAI Saturn Eastern LLC.,Grocery Store,2845 ALABAMA AVE SE ,WASHINGTON,DC,20020,Not Available,38.85902477,-76.96667096
Sebah Corporation,Delicatessen,3833 PENNSYLVANIA AVE SE ,WASHINGTON,DC,20020,Not Available,38.86512131,-76.95144393
Mezeh,Restaurant,2230 TOWN CENTER DR SE ,WASHINGTON,DC,20020,Not Available,38.86107052,-76.96729968
A SHARPER IMAGE BARBERSHOP,Barber Shop,5115 GEORGIA AVE NW ,WASHINGTON,DC,20011,2025419441,38.95246796,-77.02727536
Garcia Torres Fmly Inc,Grocery Store,3702 14TH ST NW ,WASHINGTON,DC,20010,Not Available,38.9373721,-77.03303705
MORAZAN GROCERY CORP,Delicatessen,3928 14TH ST NW ,WASHINGTON,DC,20011,2027237480,38.93943909,-77.03303132
DAG PETROLEUM SUPPLIERS LLC,Gasoline Dealer,4000 GEORGIA AVE NW ,WASHINGTON,DC,20011,7037506810,38.94002223,-77.02559277
GB License LLC,Food Products,4221 CONNECTICUT AVE NW ,WASHINGTON,DC,20008,Not Available,38.94380738,-77.06284154
REMARKABLE BREADS LLC,Delicatessen,4434 CONNECTICUT AVE NW ,WASHINGTON,DC,20008,Not Available,38.94747251,-77.065926
RAM SERVICES INC/RAM GROCERY STORE,Grocery Store,3509 WHEELER RD SE ,WASHINGTON,DC,20032,2025610600,38.8391882,-76.9939661
CAPITAL FOODS 1523 LLC,Restaurant,1523 ALABAMA AVE SE ,WASHINGTON,DC,20032,Not Available,38.84598206,-76.98273646
7-ELEVEN LICENSING,Delicatessen,3900 MARTIN LUTHER KING J AVE SW ,WASHINGTON,DC,20032,Not Available,38.8324014452,-77.0087348195
AFRICA QUEEN BRAIDS,Beauty Shop Braiding,"3012 MARTIN LUTHER KING,  AVE SE ",WASHINGTON,DC,20032,2025634007,38.844534058,-76.9974617363
ARAMARK EDUCATIONAL SERVICES LLC,Restaurant,3600 JOHN MCCORMACK RD NE ,WASHINGTON,DC,20064,2023195296,38.93608154,-76.99667093
TEW CUTS LLC,Barber Shop,655 MICHIGAN AVE NE ,WASHINGTON,DC,20017,Not Available,38.9326383,-76.99674675
TEST RECORD DO NOT PROCESS,Restaurant,1600 TAYLOR ST NE ,WASHINGTON,DC,20017,Not Available,38.94098207,-76.98220189
FORT DRUM MARKET,Delicatessen,4686 MARTIN LUTHER KING J AVE SW ,WASHINGTON,DC,20032,Not Available,38.82094888,-77.01066836
LRBM LLC t/a Spar Liquors,Food Products,3916 SOUTH CAPITOL ST SE ,WASHINGTON,DC,20032,Not Available,38.83233296,-77.00782069
NORTH CAPITOL CONVENIENCE LLC.,Grocery Store,1503 NORTH CAPITOL ST NE ,WASHINGTON,DC,20002,Not Available,38.90984723,-77.0087262
Chadol DC 1 LLC t/a Chadol,Restaurant,630 RHODE ISLAND AVE NE ,WASHINGTON,DC,20002,Not Available,38.922176607,-76.99774104
Eleven zero seven 3,Grocery Store,207 NEW YORK AVE NW ,WASHINGTON,DC,20001,Not Available,38.90588304,-77.0140267
Finn Property 1,Bed and Breakfast,166 T ST NE ,WASHINGTON,DC,20002,Not Available,38.91574269,-77.00414276
5-12 DESSERT BOUTIQUE & LOUNGE LLC.,Caterers,703 EDGEWOOD ST NE ,WASHINGTON,DC,20017,Not Available,38.9250448,-76.99582567
COMMUNITY BARBER SHOP LLC.,Barber Shop,1931 NORTH CAPITOL ST NE ,WASHINGTON,DC,20002,2026359869,38.91657075,-77.00875873
"AFGHAN BISTRO TWO, LLC",Restaurant,5100 5200 MACARTHUR BLVD NW ,WASHINGTON,DC,20016,Not Available,38.92493501,-77.10171274
AMERICAN UNIVERSITY (THE),Delicatessen,4400 MASSACHUSETTS AVE NW ,WASHINGTON,DC,20016,Not Available,38.93908176,-77.08841482
COMPASS GROUP USA INC.,Delicatessen,4400 MASSACHUSETTS AVE NW ,WASHINGTON,DC,20016,Not Available,38.93908176,-77.08841482
STARBUCKS CORPORATION,Restaurant,5185 MACARTHUR BLVD NW ,WASHINGTON,DC,20016,2023620809,38.92673614,-77.10272948
5101 Wiley Street,Restaurant,670 RHODE ISLAND AVE NE ,WASHINGTON,DC,20002,Not Available,38.92210939,-76.99691248
"PYM Holdings, LLC.",Restaurant,3900 WISCONSIN AVE NW ,WASHINGTON,DC,20016,Not Available,38.9399645372,-77.075800225
"Keita Seafood, LLC",Delicatessen,2000 5TH ST NE ,WASHINGTON,DC,20002,Not Available,38.91713131,-76.9998403
Patwa LLC,Delicatessen,2000 5TH ST NE ,WASHINGTON,DC,20002,Not Available,38.91713131,-76.9998403
PANERA LLC,Restaurant,106 IRVING ST NW ,WASHINGTON,DC,20010,Not Available,38.92936706,-77.01439369
Elsa Ethiopian Kitchen,Restaurant,2614 CONNECTICUT AVE NW ,WASHINGTON,DC,20008,Not Available,38.92408731,-77.05222029
SIDWELL FRIENDS SCHOOL (THE),Restaurant,3825 WISCONSIN AVE NW ,WASHINGTON,DC,20016,2025378100,38.93939457,-77.07399977
PROTESTANT EPISCOPAL CATHEDRAL FOUNDATION OF THE DISTRICT OF COLUMBIA,Special Events,3101 WISCONSIN AVE NW ,WASHINGTON,DC,20016,Not Available,38.93058263,-77.07082892
HAN PALACE WOODLEY PARK LLC,Restaurant,2649 CONNECTICUT AVE NW ,WASHINGTON,DC,20008,Not Available,38.92499371,-77.05190981
"Peconut, Inc. t/a Donsak Thai Restaurant",Restaurant,2608 CONNECTICUT AVE NW ,WASHINGTON,DC,20008,Not Available,38.92396764,-77.05211607
"NANDO'S OF WOODLEY PARK, LLC",Restaurant,2631 CONNECTICUT AVE NW ,WASHINGTON,DC,20008,Not Available,38.92454195,-77.05164344
AUGUSTUA LLC,Restaurant,3507 CONNECTICUT AVE NW ,WASHINGTON,DC,20008,2404233212,38.93594749,-77.05809287
WOODLEY HAIR STYLE LLC.,Beauty Shop,2643 CONNECTICUT AVE NW ,WASHINGTON,DC,20008,Not Available,38.9247993,-77.05192778
YOUNG'S DELI & MARKET,Delicatessen,4000 MASSACHUSETTS AVE NW ,WASHINGTON,DC,20016,Not Available,38.93136927,-77.07878386
Glover Park Market,Food Products,2411 37TH ST NW ,WASHINGTON,DC,20007,Not Available,38.9214820581,-77.0728864764
STARBUCKS CORPORATION,Delicatessen,2430 MARKET ST NE ,WASHINGTON,DC,20018,Not Available,38.92007906,-76.95288346
7 Days Market,Grocery Store,2310 RHODE ISLAND AVE NE ,WASHINGTON,DC,20018,Not Available,38.9308423,-76.97311178
MASALA STORY,Restaurant,3301 3305 12TH ST NE ,WASHINGTON,DC,20017,Not Available,38.93073449,-76.99068121
All-Star Towing Inc.,Tow Truck,2405 22ND ST NE ,WASHINGTON,DC,20018,Not Available,38.92174383,-76.97347004
JAMERICA LLC.,Restaurant,2125 RHODE ISLAND AVE NE ,WASHINGTON,DC,20018,Not Available,38.92979008,-76.97398591
CrossFit MPH,Health Spa,2323 SHERMAN AVE NW ,WASHINGTON,DC,20001,Not Available,38.92107639,-77.02493305
"ALEX UNISEX, INC. II",Barber Shop,3610 14TH ST NW ,WASHINGTON,DC,20010,2028826068,38.93666632,-77.03308217
Kraken 3400 LLC,Restaurant,3400 GEORGIA AVE NW ,WASHINGTON,DC,20010,Not Available,38.93228153,-77.02412744
FRANCIS BEAUTY SALON INC.,Beauty Shop,1400 OGDEN ST NW ,WASHINGTON,DC,20010,2027971200,38.93376987,-77.03301404
Eleventh House LLC,Grocery Store,3301 11TH ST NW ,WASHINGTON,DC,20010,Not Available,38.9309,-77.027847
Charlene's Bar & Grille LLC,Restaurant,2618 GEORGIA AVE NW ,WASHINGTON,DC,20001,Not Available,38.92475227,-77.02289913
BASHIR NASEEM CORPORATION,Gasoline Dealer,1905 9TH ST NE ,WASHINGTON,DC,20018,2028328930,38.91671811,-76.99323344
District Rico,Restaurant,1060 BRENTWOOD RD NE ,WASHINGTON,DC,20018,Not Available,38.92018824,-76.99377059
Koite Grill LLC,Caterers,2800 10TH ST NE ,WASHINGTON,DC,20017,Not Available,38.92581574,-76.99276286
New Neighborhood Market,Grocery Store,1611 RHODE ISLAND AVE NE ,WASHINGTON,DC,20018,Not Available,38.9262145513,-76.9812900147
EKHO EVENTS LLC,Restaurant,2135 QUEENS CHAPEL RD NE ,WASHINGTON,DC,20018,2025032330,38.91988842,-76.97244812
LUCKY 7 LLC,Food Products,2314 RHODE ISLAND AVE NE ,WASHINGTON,DC,20018,Not Available,38.93088245,-76.97299135
EL SALVADORENO RESTAURANT,Restaurant,3303 GEORGIA AVE NW ,WASHINGTON,DC,20010,Not Available,38.93144068,-77.0233159
BILL'S SEAFOOD ENTERPRISES INC,Delicatessen,3601 GEORGIA AVE NW ,WASHINGTON,DC,20010,Not Available,38.93466123,-77.0237918
SONNY'S SQUARE PIE,Restaurant,3120 GEORGIA AVE NW ,WASHINGTON,DC,20010,Not Available,38.92967112,-77.02361518
RIVERA INC.,Food Products,1430 PARK RD NW ,WASHINGTON,DC,20010,Not Available,38.93049654,-77.03391269
MEG&AN LLC,Grocery Store,3306 GEORGIA AVE NW ,WASHINGTON,DC,20010,Not Available,38.93128176,-77.02380993
DEMISSIE 1 INCORPORATED,Grocery Store,3659 GEORGIA AVE NW ,WASHINGTON,DC,20010,Not Available,38.93611423,-77.02400728
BEAU THAI MT PLEASANT L.L.C.,Restaurant,3162 3164 MOUNT PLEASANT ST NW ,WASHINGTON,DC,20010,2024505317,38.93027619,-77.03829504
UMANA'S INC,Restaurant,3411 14TH ST NW ,WASHINGTON,DC,20010,2028841880,38.93185976,-77.03243972
Joia Burger,Restaurant,3213 MOUNT PLEASANT ST NW ,WASHINGTON,DC,20010,Not Available,38.93156286,-77.03825041
Waldorf Astoria Washington D.C.,Restaurant,1100 PENNSYLVANIA AVE NW ,WASHINGTON,DC,20004,Not Available,38.89412373,-77.02757271
CAPITAL YACHT CLUB,Restaurant,800 WHARF ST SW ,WASHINGTON,DC,20024,2024888110,38.87890627,-77.02502607
ILC FOOD SERVICE INC,Restaurant,2201 C ST NW ,WASHINGTON,DC,20520,Not Available,38.89393696,-77.04884772
GRNA HK OF DC LLC,Restaurant,652 WHARF ST SW ,WASHINGTON,DC,20024,Not Available,38.8767609,-77.02244891
NATIONAL ARCHIVES FOUNDATION,Special Events,701 CONSTITUTION AVE NW ,WASHINGTON,DC,20408,Not Available,38.89222574,-77.02216492
925 U Street Partners LLC,Restaurant,925 U ST NW ,WASHINGTON,DC,20001,Not Available,38.91716414,-77.02494344
M&T HOSPITALITY LLC,Restaurant,804 V ST NW ,WASHINGTON,DC,20001,Not Available,38.91764032,-77.02318513
AMJ ENTERPRISES LLC,Food Products,1442 U ST NW ,WASHINGTON,DC,20009,Not Available,38.9167263698,-77.033859902
WHITELAW MARKET,Grocery Store,1846 13TH ST NW ,WASHINGTON,DC,20009,Not Available,38.91542239,-77.02987566
WALGREENS #17712,Food Products,1306 U ST NW ,WASHINGTON,DC,20001,Not Available,38.91677567,-77.03005427
MCDONALDS 5176,Restaurant,2334 GEORGIA AVE NW ,WASHINGTON,DC,20001,2023872111,38.92060102,-77.02228409
DISTRICT BRIDGES,Special Events,3012 GEORGIA AVE NW ,WASHINGTON,DC,20001,Not Available,38.92880909,-77.02341676
HANN'S HARVARD INC,Food Products,2901 SHERMAN AVE NW ,WASHINGTON,DC,20001,Not Available,38.92698161,-77.02568531
SUNS CINEMA INC,Delicatessen,3107 MOUNT PLEASANT ST NW ,WASHINGTON,DC,20010,Not Available,38.92895872,-77.03720748
NIEL PIFEROEN LOCOLAT LLC,Restaurant,1781 FLORIDA AVE NW ,WASHINGTON,DC,20009,3017411512,38.9174807,-77.04089361
"MAHK MEETINGS, LLC",Restaurant,1806 VERNON ST NW ,WASHINGTON,DC,20009,2024131955,38.91680311,-77.04213129
"TZSTZ Partners, LLC",Restaurant,2471 18TH ST NW ,WASHINGTON,DC,20009,Not Available,38.92228836,-77.04221964
S&H 9 INC.,Grocery Store,1864 COLUMBIA RD NW ,WASHINGTON,DC,20009,Not Available,38.9207486,-77.04353978
"Just Add Water, Inc.",Restaurant,2106 18TH ST NW ,WASHINGTON,DC,20009,Not Available,38.9181229,-77.04192509
"DISTRICT OF COLUMBIA CVS PHARMACY, L.L.C.",Food Products,2129 14TH ST NW ,WASHINGTON,DC,20005,4017651500,38.91890473,-77.03162549
CLOUD RESTAURANT & LOUNGE SPORTS BAR,Restaurant,1919 9TH ST NW ,WASHINGTON,DC,20001,Not Available,38.9163408,-77.02366588
PDDC INC.,Delicatessen,1895 L ST NW ,WASHINGTON,DC,20036,Not Available,38.9039462,-77.0429268
CRV CORPORATION,Restaurant,1716 I ST NW ,WASHINGTON,DC,20006,3012988488,38.90106033,-77.04034224
"Tatte Holdings, LLC",Restaurant,1634 I ST NW ,WASHINGTON,DC,20006,Not Available,38.90112427,-77.0389915
"ALADDIN PIZZA AND KABOB, INC.",Restaurant,1782 FLORIDA AVE NW ,WASHINGTON,DC,20009,Not Available,38.9167216,-77.04133676
Unknown,Massage Establishment,1990 18TH ST NW ,WASHINGTON,DC,20009,Not Available,38.91685348,-77.0418329
WALGREEN CO,Food Products,1815 CONNECTICUT AVE NW ,WASHINGTON,DC,20005,2023321718,38.91487714,-77.04591311
The Festival Center,Caterers,1640 COLUMBIA RD NW ,WASHINGTON,DC,20009,Not Available,38.92527215,-77.03812502
SWEETGREEN DUPONT LLC.,Restaurant,1512 CONNECTICUT AVE NW ,WASHINGTON,DC,20036,8053048250,38.91043623,-77.04422136
ACCONIQ L.L.C.,Beauty Shop,2006 17TH ST NW ,WASHINGTON,DC,20009,Not Available,38.9172692,-77.03873731
Cavalry Salon,Beauty Shop,1645 CONNECTICUT AVE NW ,WASHINGTON,DC,20009,Not Available,38.91238389,-77.04454898
RAS SUBWAY INC.,Restaurant,1613 17TH ST NW ,WASHINGTON,DC,20009,2025548760,38.91167871,-77.03822706
PIOS GRANDE XGEN DC HOTEL LLC,Hotel,1310 NEW HAMPSHIRE AVE NW ,WASHINGTON,DC,20036,Not Available,38.90763306,-77.04575384
PAN MAR LIQUOR,Food Products,1926 I ST NW ,WASHINGTON,DC,20006,2026592645,38.90115477,-77.04463789
GREEK DELI & CATERING,Restaurant,1120 19TH ST NW ,WASHINGTON,DC,20036,3017749350,38.90454833,-77.04385743
JOLT'N BOLT,Restaurant,1918 18TH ST NW ,WASHINGTON,DC,20009,2022320077,38.91621637,-77.04196179
DC CAP HOTELIER LLC.,Restaurant,1200 16TH ST NW ,WASHINGTON,DC,20036,2024482300,38.9059935176,-77.0369797866
Unknown,Hotel,3246 JONES CT NW ,WASHINGTON,DC,20007,Not Available,38.91034017,-77.06524601
QUAN FAMILY L.L.C.,Beauty Shop Nails,1436 WISCONSIN AVE NW ,WASHINGTON,DC,20007,Not Available,38.9085728,-77.06416269
MAI THAI OF GEORGETOWN LLC,Restaurant,3251 PROSPECT ST NW ,WASHINGTON,DC,20007,2023372424,38.90619362,-77.06380026
CHURCH DC LLC.,Restaurant,3222 M ST NW ,WASHINGTON,DC,20007,Not Available,38.90499599,-77.06374039
Ice Cream Jubilee LLC,Delicatessen,3333 M ST NW ,WASHINGTON,DC,20007,Not Available,38.90525196,-77.06735762
"DTRS WASHINGTON, L.L.C.",Massage Establishment,2800 PENNSYLVANIA AVE NW ,WASHINGTON,DC,20007,Not Available,38.9044499714,-77.0572264103
GRACE STREET COFFEE ROASTERS LLC,Delicatessen,3210 GRACE ST NW ,WASHINGTON,DC,20007,Not Available,38.90378891,-77.06350954
JINX PROOF TATTOOS,Beauty Shop,3285 1/2 M ST NW ,WASHINGTON,DC,20007,Not Available,38.9053106,-77.06562498
Polished of Georgetown,Beauty Shop,1425 WISCONSIN AVE NW ,WASHINGTON,DC,20007,Not Available,38.90901362,-77.0639175
"TBC P Street Hotel, LLC",Bed and Breakfast,2616 P ST NW ,WASHINGTON,DC,20007,Not Available,38.9092296,-77.0553531
PANERA LLC,Restaurant,2001 L ST NW ,WASHINGTON,DC,20036,Not Available,38.90403954,-77.04529442
Aware Bar and Restaurant Inc.,Restaurant,1524 U ST NW ,WASHINGTON,DC,20009,Not Available,38.91680187,-77.03556986
Talio Hair Designs Inc,Beauty Shop,1806 WISCONSIN AVE NW ,WASHINGTON,DC,20007-2301,Not Available,38.91491739,-77.06752541
Afghan Bistro Three LLC,Restaurant,2811 M ST NW ,WASHINGTON,DC,20007,Not Available,38.90547878,-77.05742346
Dixie Inc,Food Products,3429 M ST NW ,WASHINGTON,DC,20007,Not Available,38.90521384,-77.06877393
Mastiha Union Market,Delicatessen,1309 5TH ST NE ,WASHINGTON,DC,20002,Not Available,38.90871669,-76.99765027
Crooked Run Fermentation,Food Products,550 MORSE ST NE ,WASHINGTON,DC,20002,Not Available,38.90737331,-76.99827117
House of Pink II LLC,Caterers,2003 FENWICK ST NE ,WASHINGTON,DC,20002,Not Available,38.91482695,-76.98455904
Villa Yara,Restaurant,2815 M ST NW ,WASHINGTON,DC,20007,Not Available,38.90547079,-77.05756019
"HOP, CASK, & BARREL",Food Products,1717 WISCONSIN AVE NW ,WASHINGTON,DC,20007,Not Available,38.91433202,-77.0667145
"HECHINGER BEST WINGS, INC.",Delicatessen,1540 BENNING RD NE ,WASHINGTON,DC,20002,Not Available,38.90043284,-76.98071541
PARKWAY SHELL CONVENIENCE STORE,Delicatessen,1765 NEW YORK AVE NE ,WASHINGTON,DC,20002,7036290952,38.91689046,-76.97917584
TAKOREAN AT UNION MARKET LLC,Delicatessen,1309 5TH ST NE ,WASHINGTON,DC,20002,Not Available,38.90871669,-76.99765027
Blue Bottle Coffee,Delicatessen,1250 4TH ST NE ,WASHINGTON,DC,20002,Not Available,38.90812811,-77.00017386
1107 SAFI LLC,Grocery Store,1107 BLADENSBURG RD NE ,WASHINGTON,DC,20002,Not Available,38.90395788,-76.98058256
Elijah Gold,Bed and Breakfast,1133 WEST VIRGINIA AVE NE ,WASHINGTON,DC,20002,Not Available,38.90461071,-76.99212124
YELLOW Union Market LLC,Restaurant,417 MORSE ST NE ,WASHINGTON,DC,20002,Not Available,38.90738492,-76.99945985
TARGET CORPORATION,Grocery Store,1515 NEW YORK AVE NE ,WASHINGTON,DC,20002,Not Available,38.9162602,-76.98201054
MEXICAN FRUITS LLC.,Delicatessen,1263 4TH ST NE ,WASHINGTON,DC,20002,2025441177,38.9081915497,-76.9994108417
BEAT THE BOMB,Restaurant,2005 HECHT AVE NE ,WASHINGTON,DC,20002,Not Available,38.9154164,-76.98329815
Donna Faye's Bakery,Delicatessen,1309 5TH ST NE ,WASHINGTON,DC,20002,Not Available,38.90871669,-76.99765027
PCP Investments 1428 Inc. t/a Capital Wine & Spirits,Food Products,1428 9TH ST NW ,WASHINGTON,DC,20001,Not Available,38.90949073,-77.02418602
Slipstream,Delicatessen,1501 14TH ST NW ,WASHINGTON,DC,20005,Not Available,38.91003169,-77.03166041
SOUTH BLOCK LOGAN LLC,Food Products,1418 14TH ST NW ,WASHINGTON,DC,20005,Not Available,38.90950374,-77.03224335
UNCONVENTIONAL HOSPITALITY LLC,Restaurant,1207 9TH ST NW ,WASHINGTON,DC,20001,Not Available,38.90583931,-77.02362954
WAL-MART #3035,Grocery Store,310 RIGGS RD NE ,WASHINGTON,DC,20011,4792042073,38.95809375,-77.00207019
Platnum Towing Inc.,Tow Truck,198 RIGGS RD NE ,WASHINGTON,DC,20011,Not Available,38.95624825,-77.0036804
Downtown Petro inc,Delicatessen,5030 CONNECTICUT AVE NW ,WASHINGTON,DC,20008,Not Available,38.95532133,-77.07060234
Calvert Woodley Inc,Delicatessen,4339 CONNECTICUT AVE NW ,WASHINGTON,DC,20008,Not Available,38.9451418,-77.06368319
Call Your Mother Deli,Delicatessen,5035 CONNECTICUT AVE NW ,WASHINGTON,DC,20008,Not Available,38.95587986,-77.06992797
evana lounge llc,Restaurant,2632 GEORGIA AVE NW ,WASHINGTON,DC,20001,Not Available,38.92499865,-77.02290532
HUSPORIA BAR & KITCHEN LIMITED LIABILITY COMPANY,Restaurant,3725 GEORGIA AVE NW ,WASHINGTON,DC,20010,Not Available,38.9374669,-77.02420739
HOWARD UNIVERSITY (THE),Restaurant,2400 6TH ST NW ,WASHINGTON,DC,20059,2028067400,38.92312843,-77.02161949
CALL YOUR MOTHER,Restaurant,3301 GEORGIA AVE NW ,WASHINGTON,DC,20010,Not Available,38.93137186,-77.02329766
"7 ROUND, INC.",Delicatessen,3819 GEORGIA AVE NW ,WASHINGTON,DC,20010,2028294330,38.93828591,-77.02433132
Kusa Market,Food Products,3108 GEORGIA AVE NW ,WASHINGTON,DC,20010-2902,Not Available,38.92939756,-77.02359941
SHISHI US LLC,Grocery Store,3653 GEORGIA AVE NW ,WASHINGTON,DC,20010,Not Available,38.93599397,-77.02398083
AWS300R,Restaurant,300 RIGGS RD NE ,WASHINGTON,DC,20011,Not Available,38.95731074,-77.00251424
BUCK'S FISHING AND CAMPING,Restaurant,5031 CONNECTICUT AVE NW ,WASHINGTON,DC,20007,2023334663,38.95581772,-77.06989526
Amelie Wine Bar,Restaurant,1315 14TH ST NW ,WASHINGTON,DC,20005,Not Available,38.90780089,-77.03157433
Oh! Naan,Restaurant,1720 14TH ST NW ,WASHINGTON,DC,20009,Not Available,38.91332251,-77.03238598
COLUMBIA HEIGHTS SERVICE INC,Delicatessen,3540 14TH ST NW ,WASHINGTON,DC,20010,7036283591,38.93517855,-77.03316694
NEW DODGE MARKET,Delicatessen,3620 14TH ST NW ,WASHINGTON,DC,20010,Not Available,38.93700628,-77.033028
ALLURE NAIL BAR CH LLC.,Beauty Shop Nails,3239 14TH ST NW ,WASHINGTON,DC,20010,Not Available,38.93025985,-77.03214375
STICKY FINGERS SWEETS & EATS INC,Bakery,1370 PARK RD NW ,WASHINGTON,DC,20010,2022999700,38.9304694,-77.03173718
CAFE CIELO  INC,Bakery,1432 PARK RD NW ,WASHINGTON,DC,20010,Not Available,38.93051273,-77.03397232
PHO 72,Restaurant,1376 PARK RD NW ,WASHINGTON,DC,20010,Not Available,38.93043379,-77.03185261
7-ELEVEN 38027 A,Delicatessen,3433 CONNECTICUT AVE NW ,WASHINGTON,DC,20008,Not Available,38.93533119,-77.05800436
Atomic Billiards Corporation,Billiard Parlor,3427 CONNECTICUT AVE NW ,WASHINGTON,DC,20008,Not Available,38.93523531,-77.05788456
VACE INC,Delicatessen,3315 CONNECTICUT AVE NW ,WASHINGTON,DC,20008,2023631999,38.93400873,-77.05716432
"YANLIM, INC.",Restaurant,3333 CONNECTICUT AVE NW ,WASHINGTON,DC,20008,2026863832,38.93448118,-77.05742479
"Anacostia Realty, LLC",Gasoline Dealer,3540 14TH ST NW ,WASHINGTON,DC,20010,Not Available,38.93517855,-77.03316694
MOSER GROUP LLC.,Restaurant,3400 11TH ST NW ,WASHINGTON,DC,20010,Not Available,38.9319866,-77.02853101
ANTOJITOS CECIBEL LLC.,Delicatessen,1458 PARK RD NW ,WASHINGTON,DC,20010,2029574558,38.93073021,-77.03454747
Unknown,Restaurant,3066 MOUNT PLEASANT ST NW ,WASHINGTON,DC,20009,2022999502,38.92849559,-77.03751678
RIANA PIZZA INC,Delicatessen,2117 RHODE ISLAND AVE NE ,WASHINGTON,DC,20018,Not Available,38.92972381,-76.9742076
Studio Elan LLC,Beauty Shop,3172 BLADENSBURG RD NE ,WASHINGTON,DC,20018,Not Available,38.9292247,-76.96077562
AJES LLC,Grocery Store,3101 RHODE ISLAND AVE NE ,WASHINGTON,DC,20018,Not Available,38.93440622,-76.9642434
Woodridge Vet's Liquors,Food Products,1358 BRENTWOOD RD NE ,WASHINGTON,DC,20018,Not Available,38.92508148,-76.98595441
SMALL PLANES COFFEE LLC,Delicatessen,2400 T ST NE ,WASHINGTON,DC,20002,Not Available,38.91572957,-76.9721655
JOSIAH'S LLC.,Delicatessen,2910 BLADENSBURG RD NE ,WASHINGTON,DC,20018,Not Available,38.9276298516,-76.9625580658
ANACOSTIA REALTY LLC,Gasoline Dealer,1925 BLADENSBURG RD NE ,WASHINGTON,DC,20002,Not Available,38.91696523,-76.97221679
Rose Ave Bakery,Bakery,2633 CONNECTICUT AVE NW ,WASHINGTON,DC,20008,Not Available,38.92458626,-77.05166769
AREKAY LLC,Food Products,1500 U ST NW ,WASHINGTON,DC,20009,Not Available,38.91685632,-77.03482706
Iconic DC 1359 LLC,Restaurant,1359 U ST NW ,WASHINGTON,DC,20009,Not Available,38.91714563,-77.03148253
JUDY RESTAURANT,Restaurant,2212 14TH ST NW ,WASHINGTON,DC,20009,2026679473,38.91965055,-77.03232889
DC,Caterers,2410 T ST NE ,WASHINGTON,DC,20002,Not Available,38.91573164,-76.97154514
"Atlantic Towing & Recovery, Inc.",Tow Truck Business,2521 BLADENSBURG RD NE ,WASHINGTON,DC,20018,Not Available,38.9228946563,-76.9674612613
"ALWAYS TOWING & RECOVERY, INC.",Tow Truck Storage Lot,2307 BLADENSBURG RD NE ,WASHINGTON,DC,20018,Not Available,38.92053558,-76.96931003
Press Club Cocktail Bar LLC,Restaurant,1506 19TH ST NW ,WASHINGTON,DC,20036,Not Available,38.9106349,-77.04365017
"SAUL URBAN HOST, LLC.",Restaurant,15 DUPONT CIR NW ,WASHINGTON,DC,20036,Not Available,38.90988485,-77.04247517
MISSION GROUP FOUR LLC,Restaurant,1 DUPONT CIR NW ,WASHINGTON,DC,20036,Not Available,38.909170667,-77.0444859848
NAI Saturn Eastern LLC,Grocery Store,1701 CORCORAN ST NW ,WASHINGTON,DC,20009,Not Available,38.91205006,-77.03895354
WALKING STICK MANAGEMENT LLC,Restaurant,1523 22ND ST NW ,WASHINGTON,DC,20037,2022931885,38.91029564,-77.04847775
Spa Logic DC,Beauty Shop,1721 CONNECTICUT AVE NW ,WASHINGTON,DC,20009,Not Available,38.91328393,-77.04522315
Nails by DISTRICT,Beauty Shop,1741 CONNECTICUT AVE NW ,WASHINGTON,DC,20009,Not Available,38.91376749,-77.04546213
Dien and Nicky LLC.,Beauty Shop Nails,1623 CONNECTICUT AVE NW ,WASHINGTON,DC,20009,Not Available,38.91191284,-77.04433089
BAGELS ETC.,Restaurant,2122 P ST NW ,WASHINGTON,DC,20037,9999999999,38.90940299,-77.04762613
NORTH CAPITOL CONVENIENCE LLC.,Grocery Store,1503 NORTH CAPITOL ST NE ,WASHINGTON,DC,20002,Not Available,38.90984723,-77.0087262
Royal Sonesta Washington D.C.,Hotel,2121 P ST NW ,WASHINGTON,DC,20037,Not Available,38.90981359,-77.04741311
Thurst Lounge,Restaurant,2204 14TH ST NW ,WASHINGTON,DC,20009,Not Available,38.91943074,-77.03233282
NAI Saturn Eastern LLC.,Grocery Store,1855 WISCONSIN AVE NW ,WASHINGTON,DC,20007,Not Available,38.91618015,-77.06727374
"HOP, CASK, & BARREL",Food Products,1717 WISCONSIN AVE NW ,WASHINGTON,DC,20007,Not Available,38.91433202,-77.0667145
THIRD EDITION,Restaurant,1218 WISCONSIN AVE NW ,WASHINGTON,DC,20007,2023333700,38.90567887,-77.0632087
AZZIZA COMPANY NHBS LLC.,Beauty Shop,1805 BENNING RD NE ,WASHINGTON,DC,20002,Not Available,38.8988447,-76.97740257
"Boiling Crab Restaurant Group, LLC",Restaurant,400 H ST NE ,WASHINGTON,DC,20002,Not Available,38.90045984,-77.00039865
A TOW KRANE & RECOVERY SERVICE LLC.,Tow Truck Storage Lot,3399 BENNING RD NE ,WASHINGTON,DC,20019,Not Available,38.89623133,-76.95793642
Major Lin Inc,Delicatessen,714 H ST NE ,WASHINGTON,DC,20002,Not Available,38.90042858,-76.99546859
A1 GROCERY STORE,Grocery Store,615 DIVISION AVE NE ,WASHINGTON,DC,20019,2405051318,38.89786439,-76.92552537
MENICKS MARKET,Grocery Store,4401 NANNIE HELEN BURROUG AVE NE ,WASHINGTON,DC,20019,Not Available,38.90030776,-76.93893074
NORTH CAPITOL CONVENIENCE LLC.,Grocery Store,1503 NORTH CAPITOL ST NE ,WASHINGTON,DC,20002,Not Available,38.90984723,-77.0087262
Amazon Retail LLC,Grocery Store,1733 14TH ST NW ,WASHINGTON,DC,20009,Not Available,38.91320191,-77.03173953
PHILLIPS SEAFOOD-P STREET LLC,Restaurant,1454 P ST NW ,WASHINGTON,DC,20005,Not Available,38.9094546,-77.03407332
ANTHONY HARRIS,Restaurant,1433 P ST NW ,WASHINGTON,DC,20005,2025445680,38.90988458,-77.03329331
NAILSALOON LLC,Beauty Shop Nails,1508 14TH ST NW ,WASHINGTON,DC,20005,Not Available,38.91000827,-77.03231437
ANACOSTIA FOOD AND FUEL LLC.,Gasoline Dealer,2305 PENNSYLVANIA AVE SE ,WASHINGTON,DC,20020,Not Available,38.87411061,-76.97331166
Shark's Fish & Chicken,Delicatessen,3222 PENNSYLVANIA AVE SE ,WASHINGTON,DC,20020,Not Available,38.86969801,-76.95975327
2501 PENN LLC.,Gasoline Dealer,2501 PENNSYLVANIA AVE SE ,WASHINGTON,DC,20020,Not Available,38.87298301,-76.97058808
SINGH & ASSOCIATES LLC.,Delicatessen,3827 PENNSYLVANIA AVE SE ,WASHINGTON,DC,20020,5712331292,38.86521236,-76.95165404
7 HOUSE CORPORATION,Food Products,4200 NANNIE HELEN BURROUG AVE NE ,WASHINGTON,DC,20019,Not Available,38.90202286,-76.94192704
MINNESOTA STATION LLC,Gasoline Dealer,3820 MINNESOTA AVE NE ,WASHINGTON,DC,20019,Not Available,38.89265023,-76.95147672
GAULT MARKET INC,Grocery Store,4003 GAULT PL NE ,WASHINGTON,DC,20019,Not Available,38.89890858,-76.94586316
XKC LLC t/a Prego Deli,Delicatessen,210 7TH ST SE ,WASHINGTON,DC,20003,Not Available,38.88695724,-76.99584531
BEZAD CORPORATION,Food Products,2329 PENNSYLVANIA AVE SE ,WASHINGTON,DC,20020,Not Available,38.87376945,-76.97210615
MUNCHIES THE HALAL SPOT LLC,Restaurant,2523 PENNSYLVANIA AVE SE ,WASHINGTON,DC,20020,Not Available,38.87279976,-76.97017837
Los Artistas Barbershop,Barber Shop,5300 GEORGIA AVE NW ,WASHINGTON,DC,20011,Not Available,38.95424703,-77.02791923
DAMOTE INC.,Grocery Store,5421 GEORGIA AVE NW ,WASHINGTON,DC,20011,Not Available,38.95581712,-77.02774702
Collevecchio LLC,Restaurant,5441 MACARTHUR BLVD NW ,WASHINGTON,DC,20016,Not Available,38.93001286,-77.10651462
SWEETGREEN SQUARE 54 LLC.,Restaurant,2221 I ST NW ,WASHINGTON,DC,20037,Not Available,38.90097485,-77.04962044
"Expat 2000, LLC",Restaurant,2000 PENNSYLVANIA AVE NW ,WASHINGTON,DC,20006,Not Available,38.90035538,-77.0457758
Yu Lin Corporation,Restaurant,2423 PENNSYLVANIA AVE NW ,WASHINGTON,DC,20037,Not Available,38.90354756,-77.05227085
"EQUINOX SC D.C., INC.",Beauty Shop,1170 22ND ST NW ,WASHINGTON,DC,20037,Not Available,38.90482902,-77.04910351
SALON GROUP LLC.,Beauty Shop,1104 24TH ST NW ,WASHINGTON,DC,,2024912165,38.90404716,-77.05167172
HIWOT ETHIOPIAN RESTAURANT AND MARKET LLC.,Restaurant,5333 GEORGIA AVE NW ,WASHINGTON,DC,20011,Not Available,38.95481472,-77.02760633
Whole Food Market Group Inc,Grocery Store,965 FLORIDA AVE NW ,WASHINGTON,DC,20001,Not Available,38.9195432,-77.02482642
WET DOG TAVERN,Restaurant,2100 VERMONT AVE NW ,WASHINGTON,DC,20001,Not Available,38.91830049,-77.02486474
JABWEMET INDIAN KITCHEN,Restaurant,515 8TH ST SE ,WASHINGTON,DC,20003,Not Available,38.88222599,-76.9953342
WENDIM VENI INC,Grocery Store,725 8TH ST SE ,WASHINGTON,DC,20003,Not Available,38.88038704,-76.99531416
Three Way Spirits LLC.,Food Products,4823 GEORGIA AVE NW ,WASHINGTON,DC,20011,Not Available,38.94924031,-77.02681879
THE MELROSE HOTEL- WASHINGTON DC,Hotel,2430 PENNSYLVANIA AVE NW ,WASHINGTON,DC,20037,2029556400,38.90301228,-77.052678
WAWA INC,Delicatessen,4530 40TH ST NW ,WASHINGTON,DC,20016,Not Available,38.94908715,-77.07918367
ANACOSTIA REALTY LLC.,Gasoline Dealer,2150 M ST NW ,WASHINGTON,DC,20037,Not Available,38.90497297,-77.04846502
PADMJA HAIR SALON,Beauty Shop,4561 WISCONSIN AVE NW ,WASHINGTON,DC,20016,Not Available,38.94954629,-77.08008908
NANDO'S OF TENLEYTOWN LLC,Restaurant,4231 WISCONSIN AVE NW ,WASHINGTON,DC,20016,Not Available,38.94414025,-77.07726377
Tiger Sugar,Delicatessen,2000 PENNSYLVANIA AVE NW ,WASHINGTON,DC,20006,Not Available,38.90035538,-77.0457758
WAL-MART CORPORATE OFFICES,Grocery Store,5929 GEORGIA AVE NW ,WASHINGTON,DC,20011,Not Available,38.96194197,-77.02731441
EABLAD LLC.,Gasoline Dealer,6350 GEORGIA AVE NW ,WASHINGTON,DC,20011,Not Available,38.96683986,-77.0278877
ARTE LATINO BEAUTY SALON,Beauty Shop,439 KENNEDY ST NW ,WASHINGTON,DC,20011,2022322213,38.9566486524,-77.0195304347
ADDIS ABABA INC,Delicatessen,4600 14TH ST NW ,WASHINGTON,DC,20011,Not Available,38.94627888,-77.03300196
SHAMIL LLC,Restaurant,7711 GEORGIA AVE NW ,WASHINGTON,DC,20012,Not Available,38.98325778,-77.02605946
MALEDA INC,Restaurant,6204 GEORGIA AVE NW ,WASHINGTON,DC,20011,Not Available,38.96518467,-77.02795259
EABLAD LLC.,Gasoline Dealer,6350 GEORGIA AVE NW ,WASHINGTON,DC,20011,Not Available,38.96683986,-77.0278877
